{"TimeStamp":"2025-10-17T20:12:54Z","SiteName":"customer-portal","RequestId":"9d70b184-ab95-11f0-860c-00051b860c5a","Kind":"ZipDeploy","Status":"Success","Details":"{\"Id\":\"1e3ed4eb80694dc28a4a39f68c5543a8\",\"Status\":4,\"StatusText\":\"\",\"AuthorEmail\":\"N/A\",\"Author\":\"N/A\",\"Message\":\"Created via a push deployment\",\"Progress\":\"\",\"Deployer\":\"ZipDeploy\",\"ReceivedTime\":\"2025-10-17T20:12:50.9261597Z\",\"StartTime\":\"2025-10-17T20:12:51.0824114Z\",\"EndTime\":\"2025-10-17T20:12:54.6234608Z\",\"LastSuccessEndTime\":\"2025-10-17T20:12:54.6234608Z\",\"Complete\":true,\"IsTemporary\":false,\"IsReadOnly\":true,\"SiteName\":\"customer-portal\",\"HostName\":\"customer-portal-adbudbhae3gjcrhm.scm.centralus-01.azurewebsites.net\",\"ProjectType\":\"BASIC\",\"VsProjectId\":null}"}