﻿<?xml version="1.0" encoding="utf-8"?>
<deployment>
  <id>5d3fdf60-b751-491a-9dd7-ff592b540e5f</id>
  <author>N/A</author>
  <deployer>Push-Deployer</deployer>
  <authorEmail>N/A</authorEmail>
  <message>Created via a push deployment</message>
  <progress></progress>
  <status>Success</status>
  <statusText></statusText>
  <lastSuccessEndTime>2025-10-20T12:08:29.3311148Z</lastSuccessEndTime>
  <receivedTime>2025-10-20T12:06:19.7431431Z</receivedTime>
  <startTime>2025-10-20T12:06:21.4665861Z</startTime>
  <endTime>2025-10-20T12:08:29.3311148Z</endTime>
  <complete>True</complete>
  <is_temp>False</is_temp>
  <is_readonly>True</is_readonly>
  <buildSummary />
</deployment>