<step title="Incoming Request" date="2025-10-18T20:57:24.727" instance="5b3f8a" url="/api/zipdeploy?isAsync=true" method="POST" type="request" pid="823,1,51" Accept="*/*" Host="field-service-api.scm.azurewebsites.net" User-Agent="AZURECLI/2.74.0 (MSI)" Accept-Encoding="gzip, deflate" Authorization="Bas..." Cache-Control="no-cache" Content-Type="application/octet-stream" Cookie="ARRAffinity=5b3f8a12403b9dc2b986729a83bf573dfabff49059ab229ec52134ff3910c818; ARRAffinitySameSite=5b3f8a12403b9dc2b986729a83bf573dfabff49059ab229ec52134ff3910c818" Content-Length="16671414" x-ms-client-request-id="00e0b29e-ac65-11f0-929f-00051b860c5a" x-ms-artifact-checksum="ad6b143aed5705e6d0f88eb30092d4a3573c115ff01f593fad30c8bb3dc2e52f" X-ARR-LOG-ID="00e0b29e-ac65-11f0-929f-00051b860c5a" CLIENT-IP="24.32.74.177:61104" X-SITE-DEPLOYMENT-ID="field-service-api" WAS-DEFAULT-HOSTNAME="field-service-api.scm.azurewebsites.net" X-Forwarded-Proto="https" X-AppService-Proto="https" X-Forwarded-TlsVersion="1.3" X-WAWS-Unencoded-URL="/api/zipdeploy?isAsync=true" X-Client-IP="24.32.74.177" X-Client-Port="61104" >
  <step title="Cleanup Xml Logs" date="2025-10-18T20:57:24.744" >
    <step title="Cleanup Infos" date="2025-10-18T20:57:24.823" totalFiles="258" totalCleanup="98" /><!-- duration: 20ms -->
  </step><!-- duration: 109ms -->
  <step title="ZipPushDeploy" date="2025-10-18T20:57:24.902" >
    <step title="ZipDeploy. Extract zip. Remote build." date="2025-10-18T20:57:24.988" /><!-- duration: 10ms -->
    <step title="Starting PushDeployAsync" date="2025-10-18T20:57:25.075" /><!-- duration: 13ms -->
    <step title="Removing node_modules symlink" date="2025-10-18T20:57:25.175" >
      <step title="Writing artifact to /tmp/zipdeploy/b081a847-e036-4b64-9a28-f5e23baaff05.zip" date="2025-10-18T20:57:25.485" >
        <step title="Writing multipart request body to /tmp/zipdeploy/b081a847-e036-4b64-9a28-f5e23baaff05.zip" date="2025-10-18T20:57:25.498" /><!-- duration: 29ms -->
      </step><!-- duration: 4806ms -->
      <step title="Removing previous build artifact&apos;s manifest file" date="2025-10-18T20:57:30.385" >
        <step title="Start deployment in the background" date="2025-10-18T20:57:30.437" >
          <step title="Acquiring Deployment Lock" date="2025-10-18T20:57:30.632" /><!-- duration: 19ms -->
          <step title="Acquired Deployment Lock" date="2025-10-18T20:57:30.750" /><!-- duration: 38ms -->
        </step><!-- duration: 759ms -->
      </step><!-- duration: 889ms -->
      <step title="Outgoing response" date="2025-10-18T20:57:31.304" type="response" statusCode="202" statusText="Accepted" /><!-- duration: 19ms -->
    </step><!-- duration: 6167ms -->
