<step title="BackgroundTrace" date="2025-10-18T22:37:40.883" instance="5b3f8a" url="/api/zipdeploy" method="POST" >
  <step title="Cleanup Xml Logs" date="2025-10-18T22:37:40.895" >
    <step title="Cleanup Infos" date="2025-10-18T22:37:40.982" totalFiles="319" totalCleanup="159" /><!-- duration: 117ms -->
  </step><!-- duration: 219ms -->
  <step title="Creating temporary deployment - FetchDeploymentManager" date="2025-10-18T22:37:41.516" /><!-- duration: 11ms -->
  <step title="Creating temporary deployment" date="2025-10-18T22:37:41.573" /><!-- duration: 362ms -->
  <step title="Performing fetch based deployment" date="2025-10-18T22:37:42.296" >
    <step title="Cleaning up temp folders from previous zip deployments and extracting pushed zip file /tmp/zipdeploy/5c2ba21f-56d5-4d60-8566-c5e3f552e6bb.zip (171.19 MB) to /tmp/zipdeploy/extracted" date="2025-10-18T22:37:44.304" >
      <step title="ChmodRecursive Process exited with total time taken in ms: 147" date="2025-10-18T22:38:01.290" /><!-- duration: 10ms -->
    </step><!-- duration: 17001ms -->
    <step title="Deployment timer started" date="2025-10-18T22:38:03.391" >
      <step title="DeploymentManager.Deploy(id:250f170f-16f8-437d-8e1d-046e556a5d3b)" date="2025-10-18T22:38:03.430" >
        <step title="Collecting changeset information" date="2025-10-18T22:38:03.540" /><!-- duration: 208ms -->
        <step title="Updating submodules" date="2025-10-18T22:38:03.772" /><!-- duration: 1214ms -->
        <step title="Determining deployment builder" date="2025-10-18T22:38:05.719" >
          <step title="Builder is OryxBuilder" date="2025-10-18T22:38:05.743" /><!-- duration: 5ms -->
        </step><!-- duration: 42ms -->
        <step title="PreDeployment: context.CleanOutputPath False" date="2025-10-18T22:38:05.818" >
          <step title="PreDeployment: context.OutputPath /home/site/wwwroot" date="2025-10-18T22:38:05.941" >
            <step title="Building" date="2025-10-18T22:38:06.085" >
              <step title="Executing external process" date="2025-10-18T22:38:06.619" type="process" path="bash" arguments="-c &quot;oryx build /tmp/zipdeploy/extracted -o /home/site/wwwroot --platform nodejs --platform-version 20 -p virtualenv_name= --log-file /tmp/build-debug.log  -i /tmp/8de0e97014aafc7 -p compress_node_modules=tar-gz | tee /tmp/oryx-build.log ; exit $PIPESTATUS &quot;" >
                <step title="Cpu: npm install(4810,59.650s)+build.sh(4726,0.040s)+oryx(4707,6.270s)+tee(4708,0.000s)+bash(4706,0.000s)=total(65.910s)" date="2025-10-18T22:39:59.468" /><!-- duration: 36ms -->
                <step title="bash: no io activity for 61s, prev-cpu=-1.000s, current-cpu=65.910s" date="2025-10-18T22:39:59.534" /><!-- duration: 22ms -->
                <step title="Cpu: node(4920,42.270s)+sh(4919,0.000s)+npm run build(4908,0.700s)+build.sh(4726,0.060s)+oryx(4707,6.640s)+tee(4708,0.000s)+bash(4706,0.000s)=total(49.630s)" date="2025-10-18T22:41:24.250" /><!-- duration: 13ms -->
                <step title="bash: no io activity for 60s, prev-cpu=-1.000s, current-cpu=49.630s" date="2025-10-18T22:41:24.281" /><!-- duration: 27ms -->
                <step title="Cpu: gzip(4984,13.560s)+sh(4983,0.010s)+tar(4982,3.970s)+build.sh(4726,0.070s)+oryx(4707,6.840s)+tee(4708,0.000s)+bash(4706,0.000s)=total(24.450s)" date="2025-10-18T22:42:59.818" /><!-- duration: 49ms -->
                <step title="bash: no io activity for 61s, prev-cpu=-1.000s, current-cpu=24.450s" date="2025-10-18T22:42:59.906" /><!-- duration: 31ms -->
              </step><!-- duration: 339570ms -->
              <step title="Using GenericDeploymentLogParser" date="2025-10-18T22:43:46.650" /><!-- duration: 7ms -->
              <step title="Triggering recycle (preview mode disabled)." date="2025-10-18T22:43:47.852" /><!-- duration: 5ms -->
              <step title="Modified file to trigger a restart of the app container." date="2025-10-18T22:43:47.916" /><!-- duration: 4ms -->
              <step title="Skip function trigger and logicapp sync because function is not enabled." date="2025-10-18T22:43:47.942" /><!-- duration: 11ms -->
              <step title="Purge deployment items" date="2025-10-18T22:43:49.215" >
                <step title="Remove 689d5b1f-, Success, received at 10/18/2025 18:38:21" date="2025-10-18T22:43:49.275" /><!-- duration: 3ms -->
              </step><!-- duration: 67ms -->
            </step><!-- duration: 343265ms -->
          </step><!-- duration: 343412ms -->
          <step title="Cleaning up temp files" date="2025-10-18T22:43:49.357" /><!-- duration: 13774ms -->
          <step title="Cleaning up temp files" date="2025-10-18T22:44:03.159" /><!-- duration: 534ms -->
          <step title="Reloading status file with latest updates" date="2025-10-18T22:44:03.859" >
            <step title="WebHooksManager.PublishEventAsync: PostDeployment" date="2025-10-18T22:44:03.880" /><!-- duration: 1264ms -->
          </step><!-- duration: 1351ms -->
          <step title="Cleaning up temporary deployment - fetch deployment was successful" date="2025-10-18T22:44:05.414" /><!-- duration: 58ms -->
        </step><!-- duration: 359920ms -->
      </step><!-- duration: 362403ms -->
