<step title="BackgroundTrace" date="2025-10-18T13:53:14.255" instance="b47714" url="/api/zipdeploy" method="POST" >
  <step title="Creating temporary deployment - FetchDeploymentManager" date="2025-10-18T13:53:14.346" /><!-- duration: 6ms -->
  <step title="Creating temporary deployment" date="2025-10-18T13:53:14.365" /><!-- duration: 82ms -->
  <step title="Performing fetch based deployment" date="2025-10-18T13:53:14.493" >
    <step title="Cleaning up temp folders from previous zip deployments and extracting pushed zip file /tmp/zipdeploy/f1bad348-febc-4554-a03d-adb059b95768.zip (0.71 MB) to /tmp/zipdeploy/extracted" date="2025-10-18T13:53:15.785" >
      <step title="ChmodRecursive Process exited with total time taken in ms: 12" date="2025-10-18T13:53:15.851" /><!-- duration: 4ms -->
    </step><!-- duration: 74ms -->
    <step title="Deployment timer started" date="2025-10-18T13:53:17.870" >
      <step title="DeploymentManager.Deploy(id:de8df843-9d81-4c61-b4ab-dfcaf7a83380)" date="2025-10-18T13:53:17.879" >
        <step title="Collecting changeset information" date="2025-10-18T13:53:17.904" /><!-- duration: 98ms -->
        <step title="Updating submodules" date="2025-10-18T13:53:18.010" /><!-- duration: 1156ms -->
        <step title="Determining deployment builder" date="2025-10-18T13:53:19.401" >
          <step title="Builder is OryxBuilder" date="2025-10-18T13:53:19.414" /><!-- duration: 3ms -->
        </step><!-- duration: 27ms -->
        <step title="PreDeployment: context.CleanOutputPath False" date="2025-10-18T13:53:19.504" >
          <step title="PreDeployment: context.OutputPath /home/site/wwwroot" date="2025-10-18T13:53:19.646" >
            <step title="Building" date="2025-10-18T13:53:19.900" >
              <step title="Executing external process" date="2025-10-18T13:53:20.244" type="process" path="bash" arguments="-c &quot;oryx build /tmp/zipdeploy/extracted -o /home/site/wwwroot --platform nodejs --platform-version 20 -p virtualenv_name= --log-file /tmp/build-debug.log  -i /tmp/8de0e4db1f95869 -p compress_node_modules=tar-gz | tee /tmp/oryx-build.log ; exit $PIPESTATUS &quot;" /><!-- duration: 50904ms -->
              <step title="Using GenericDeploymentLogParser" date="2025-10-18T13:54:11.521" /><!-- duration: 8ms -->
              <step title="Triggering recycle (preview mode disabled)." date="2025-10-18T13:54:12.734" /><!-- duration: 7ms -->
              <step title="Modified file to trigger a restart of the app container." date="2025-10-18T13:54:12.829" /><!-- duration: 4ms -->
              <step title="Skip function trigger and logicapp sync because function is not enabled." date="2025-10-18T13:54:12.838" /><!-- duration: 3ms -->
              <step title="Purge deployment items" date="2025-10-18T13:54:13.901" >
                <step title="Remove e71903ed-, Success, received at 10/18/2025 06:40:46" date="2025-10-18T13:54:13.972" /><!-- duration: 5ms -->
              </step><!-- duration: 81ms -->
            </step><!-- duration: 54163ms -->
          </step><!-- duration: 54421ms -->
          <step title="Cleaning up temp files" date="2025-10-18T13:54:14.071" /><!-- duration: 936ms -->
          <step title="Cleaning up temp files" date="2025-10-18T13:54:15.019" /><!-- duration: 515ms -->
          <step title="Reloading status file with latest updates" date="2025-10-18T13:54:15.568" >
            <step title="WebHooksManager.PublishEventAsync: PostDeployment" date="2025-10-18T13:54:15.573" /><!-- duration: 43ms -->
          </step><!-- duration: 60ms -->
          <step title="Cleaning up temporary deployment - fetch deployment was successful" date="2025-10-18T13:54:15.641" /><!-- duration: 5ms -->
        </step><!-- duration: 56204ms -->
      </step><!-- duration: 57856ms -->
