<step title="Incoming Request" date="2025-10-18T21:32:46.016" instance="5b3f8a" url="/api/zipdeploy?isAsync=true" method="POST" type="request" pid="823,1,36" Accept="*/*" Host="field-service-api.scm.azurewebsites.net" User-Agent="AZURECLI/2.74.0 (MSI)" Accept-Encoding="gzip, deflate" Authorization="Bas..." Cache-Control="no-cache" Content-Type="application/octet-stream" Cookie="ARRAffinity=5b3f8a12403b9dc2b986729a83bf573dfabff49059ab229ec52134ff3910c818; ARRAffinitySameSite=5b3f8a12403b9dc2b986729a83bf573dfabff49059ab229ec52134ff3910c818" Content-Length="16671485" x-ms-client-request-id="f1a0c654-ac69-11f0-9fd6-00051b860c5a" x-ms-artifact-checksum="73f8ffbea5284104b0d9b13ba93905212a1198095ecc40a79367b62872784faa" X-ARR-LOG-ID="f1a0c654-ac69-11f0-9fd6-00051b860c5a" CLIENT-IP="24.32.74.177:57811" X-SITE-DEPLOYMENT-ID="field-service-api" WAS-DEFAULT-HOSTNAME="field-service-api.scm.azurewebsites.net" X-Forwarded-Proto="https" X-AppService-Proto="https" X-Forwarded-TlsVersion="1.3" X-WAWS-Unencoded-URL="/api/zipdeploy?isAsync=true" X-Client-IP="24.32.74.177" X-Client-Port="57811" >
  <step title="Cleanup Xml Logs" date="2025-10-18T21:32:46.045" >
    <step title="Cleanup Infos" date="2025-10-18T21:32:46.300" totalFiles="277" totalCleanup="117" /><!-- duration: 107ms -->
  </step><!-- duration: 421ms -->
  <step title="ZipPushDeploy" date="2025-10-18T21:32:46.662" >
    <step title="ZipDeploy. Extract zip. Remote build." date="2025-10-18T21:32:46.804" /><!-- duration: 17ms -->
    <step title="Starting PushDeployAsync" date="2025-10-18T21:32:46.948" /><!-- duration: 68ms -->
    <step title="Removing node_modules symlink" date="2025-10-18T21:32:47.145" >
      <step title="Writing artifact to /tmp/zipdeploy/8886dd8b-af16-4c40-8871-3493f0b4927f.zip" date="2025-10-18T21:32:47.899" >
        <step title="Writing multipart request body to /tmp/zipdeploy/8886dd8b-af16-4c40-8871-3493f0b4927f.zip" date="2025-10-18T21:32:47.980" /><!-- duration: 19ms -->
      </step><!-- duration: 4222ms -->
      <step title="Removing previous build artifact&apos;s manifest file" date="2025-10-18T21:32:52.151" >
        <step title="Start deployment in the background" date="2025-10-18T21:32:52.189" >
          <step title="Acquiring Deployment Lock" date="2025-10-18T21:32:52.285" /><!-- duration: 12ms -->
          <step title="Acquired Deployment Lock" date="2025-10-18T21:32:52.410" /><!-- duration: 38ms -->
        </step><!-- duration: 570ms -->
      </step><!-- duration: 654ms -->
      <step title="Outgoing response" date="2025-10-18T21:32:52.823" type="response" statusCode="202" statusText="Accepted" /><!-- duration: 4ms -->
    </step><!-- duration: 5692ms -->
