<step title="BackgroundTrace" date="2025-10-18T20:57:30.473" instance="5b3f8a" url="/api/zipdeploy" method="POST" >
  <step title="Cleanup Xml Logs" date="2025-10-18T20:57:30.502" >
    <step title="Cleanup Infos" date="2025-10-18T20:57:30.541" totalFiles="259" totalCleanup="99" /><!-- duration: 12ms -->
  </step><!-- duration: 68ms -->
  <step title="Creating temporary deployment - FetchDeploymentManager" date="2025-10-18T20:57:30.806" /><!-- duration: 17ms -->
  <step title="Creating temporary deployment" date="2025-10-18T20:57:30.852" /><!-- duration: 324ms -->
  <step title="Performing fetch based deployment" date="2025-10-18T20:57:31.373" >
    <step title="Cleaning up temp folders from previous zip deployments and extracting pushed zip file /tmp/zipdeploy/b081a847-e036-4b64-9a28-f5e23baaff05.zip (15.90 MB) to /tmp/zipdeploy/extracted" date="2025-10-18T20:57:32.942" >
      <step title="ChmodRecursive Process exited with total time taken in ms: 96" date="2025-10-18T20:57:34.877" /><!-- duration: 12ms -->
    </step><!-- duration: 1963ms -->
    <step title="Deployment timer started" date="2025-10-18T20:57:36.962" >
      <step title="DeploymentManager.Deploy(id:d72c03a0-303d-4090-a8d4-ff87be68d772)" date="2025-10-18T20:57:36.981" >
        <step title="Collecting changeset information" date="2025-10-18T20:57:37.037" /><!-- duration: 178ms -->
        <step title="Updating submodules" date="2025-10-18T20:57:37.243" /><!-- duration: 1196ms -->
        <step title="Determining deployment builder" date="2025-10-18T20:57:38.708" >
          <step title="Builder is OryxBuilder" date="2025-10-18T20:57:38.730" /><!-- duration: 4ms -->
        </step><!-- duration: 41ms -->
        <step title="PreDeployment: context.CleanOutputPath False" date="2025-10-18T20:57:38.820" >
          <step title="PreDeployment: context.OutputPath /home/site/wwwroot" date="2025-10-18T20:57:38.963" >
            <step title="Building" date="2025-10-18T20:57:39.126" >
              <step title="Executing external process" date="2025-10-18T20:57:39.503" type="process" path="bash" arguments="-c &quot;oryx build /tmp/zipdeploy/extracted -o /home/site/wwwroot --platform nodejs --platform-version 20 -p virtualenv_name= --log-file /tmp/build-debug.log  -i /tmp/8de0e88f8e9cd7b -p compress_node_modules=tar-gz | tee /tmp/oryx-build.log ; exit $PIPESTATUS &quot;" /><!-- duration: 73087ms -->
              <step title="Using GenericDeploymentLogParser" date="2025-10-18T20:58:53.453" /><!-- duration: 4ms -->
              <step title="Triggering recycle (preview mode disabled)." date="2025-10-18T20:58:54.640" /><!-- duration: 11ms -->
              <step title="Modified file to trigger a restart of the app container." date="2025-10-18T20:58:54.699" /><!-- duration: 4ms -->
              <step title="Skip function trigger and logicapp sync because function is not enabled." date="2025-10-18T20:58:54.708" /><!-- duration: 10ms -->
              <step title="Purge deployment items" date="2025-10-18T20:58:55.887" >
                <step title="Remove de8df843-, Success, received at 10/18/2025 13:53:17" date="2025-10-18T20:58:55.988" /><!-- duration: 4ms -->
              </step><!-- duration: 109ms -->
            </step><!-- duration: 76950ms -->
          </step><!-- duration: 77119ms -->
          <step title="Cleaning up temp files" date="2025-10-18T20:58:56.086" /><!-- duration: 2154ms -->
          <step title="Cleaning up temp files" date="2025-10-18T20:58:58.246" /><!-- duration: 523ms -->
          <step title="Reloading status file with latest updates" date="2025-10-18T20:58:58.805" >
            <step title="WebHooksManager.PublishEventAsync: PostDeployment" date="2025-10-18T20:58:58.818" /><!-- duration: 121ms -->
          </step><!-- duration: 163ms -->
          <step title="Cleaning up temporary deployment - fetch deployment was successful" date="2025-10-18T20:58:58.988" /><!-- duration: 4ms -->
        </step><!-- duration: 80219ms -->
      </step><!-- duration: 82084ms -->
