<step title="BackgroundTrace" date="2025-10-18T21:42:23.242" instance="5b3f8a" url="/api/zipdeploy" method="POST" >
  <step title="Cleanup Xml Logs" date="2025-10-18T21:42:23.261" >
    <step title="Cleanup Infos" date="2025-10-18T21:42:23.318" totalFiles="290" totalCleanup="130" /><!-- duration: 31ms -->
  </step><!-- duration: 104ms -->
  <step title="Creating temporary deployment - FetchDeploymentManager" date="2025-10-18T21:42:23.750" /><!-- duration: 16ms -->
  <step title="Creating temporary deployment" date="2025-10-18T21:42:23.815" /><!-- duration: 313ms -->
  <step title="Performing fetch based deployment" date="2025-10-18T21:42:24.512" >
    <step title="Cleaning up temp folders from previous zip deployments and extracting pushed zip file /tmp/zipdeploy/eb9111c5-8027-496b-a1fa-4613ae4b01cc.zip (15.90 MB) to /tmp/zipdeploy/extracted" date="2025-10-18T21:42:26.210" >
      <step title="ChmodRecursive Process exited with total time taken in ms: 88" date="2025-10-18T21:42:28.327" /><!-- duration: 45ms -->
    </step><!-- duration: 2182ms -->
    <step title="Deployment timer started" date="2025-10-18T21:42:30.482" >
      <step title="DeploymentManager.Deploy(id:f5dae3e9-0781-42c3-ba85-5b283a3fcf46)" date="2025-10-18T21:42:30.496" >
        <step title="Collecting changeset information" date="2025-10-18T21:42:30.602" /><!-- duration: 273ms -->
        <step title="Updating submodules" date="2025-10-18T21:42:30.896" /><!-- duration: 1350ms -->
        <step title="Determining deployment builder" date="2025-10-18T21:42:33.152" >
          <step title="Builder is OryxBuilder" date="2025-10-18T21:42:33.363" /><!-- duration: 22ms -->
        </step><!-- duration: 376ms -->
        <step title="PreDeployment: context.CleanOutputPath False" date="2025-10-18T21:42:35.659" >
          <step title="PreDeployment: context.OutputPath /home/site/wwwroot" date="2025-10-18T21:42:36.068" >
            <step title="Building" date="2025-10-18T21:42:36.777" >
              <step title="Executing external process" date="2025-10-18T21:42:37.911" type="process" path="bash" arguments="-c &quot;oryx build /tmp/zipdeploy/extracted -o /home/site/wwwroot --platform nodejs --platform-version 20 -p virtualenv_name= --log-file /tmp/build-debug.log  -i /tmp/8de0e8f3f253eaf -p compress_node_modules=tar-gz | tee /tmp/oryx-build.log ; exit $PIPESTATUS &quot;" /><!-- duration: 72603ms -->
              <step title="Using GenericDeploymentLogParser" date="2025-10-18T21:43:51.125" /><!-- duration: 6ms -->
              <step title="Triggering recycle (preview mode disabled)." date="2025-10-18T21:43:52.488" /><!-- duration: 20ms -->
              <step title="Modified file to trigger a restart of the app container." date="2025-10-18T21:43:52.560" /><!-- duration: 13ms -->
              <step title="Skip function trigger and logicapp sync because function is not enabled." date="2025-10-18T21:43:52.585" /><!-- duration: 18ms -->
              <step title="Purge deployment items" date="2025-10-18T21:43:54.058" >
                <step title="Remove 9471d77d-, Success, received at 10/18/2025 15:30:20" date="2025-10-18T21:43:54.115" /><!-- duration: 3ms -->
              </step><!-- duration: 64ms -->
            </step><!-- duration: 77433ms -->
          </step><!-- duration: 78145ms -->
          <step title="Cleaning up temp files" date="2025-10-18T21:43:54.217" /><!-- duration: 2347ms -->
          <step title="Cleaning up temp files" date="2025-10-18T21:43:56.604" /><!-- duration: 524ms -->
          <step title="Reloading status file with latest updates" date="2025-10-18T21:43:57.192" >
            <step title="WebHooksManager.PublishEventAsync: PostDeployment" date="2025-10-18T21:43:57.287" /><!-- duration: 277ms -->
          </step><!-- duration: 412ms -->
          <step title="Cleaning up temporary deployment - fetch deployment was successful" date="2025-10-18T21:43:57.652" /><!-- duration: 12ms -->
        </step><!-- duration: 82148ms -->
      </step><!-- duration: 87389ms -->
