<step title="Incoming Request" date="2025-10-19T05:17:37.052" instance="5b3f8a" url="/api/deployments/latest" method="GET" type="request" pid="823,1,21" Accept="*/*" Host="field-service-api.scm.azurewebsites.net" User-Agent="AZURECLI/2.74.0 (MSI)" Accept-Encoding="gzip, deflate" Authorization="Bas..." x-ms-client-request-id="db0605f7-acaa-11f0-9b6b-00051b860c5a" X-ARR-LOG-ID="db0605f7-acaa-11f0-9b6b-00051b860c5a" CLIENT-IP="24.32.74.177:49528" X-SITE-DEPLOYMENT-ID="field-service-api" WAS-DEFAULT-HOSTNAME="field-service-api.scm.azurewebsites.net" X-Forwarded-Proto="https" X-AppService-Proto="https" X-Forwarded-TlsVersion="1.3" X-WAWS-Unencoded-URL="/api/deployments/latest" X-Client-IP="24.32.74.177" X-Client-Port="49528" >
  <step title="Cleanup Xml Logs" date="2025-10-19T05:17:37.057" >
    <step title="Cleanup Infos" date="2025-10-19T05:17:37.100" totalFiles="480" totalCleanup="320" /><!-- duration: 6ms -->
  </step><!-- duration: 53ms -->
  <step title="DeploymentService.GetResult" date="2025-10-19T05:17:37.127" >
    <step title="DeploymentService.GetLatestDeployment" date="2025-10-19T05:17:37.130" >
      <step title="DeploymentManager.GetResults" date="2025-10-19T05:17:37.138" /><!-- duration: 1197ms -->
    </step><!-- duration: 1215ms -->
  </step><!-- duration: 1224ms -->
  <step title="Outgoing response" date="2025-10-19T05:17:38.362" type="response" statusCode="202" statusText="Accepted" /><!-- duration: 8ms -->
</step><!-- duration: 1320ms -->
