<step title="Incoming Request" date="2025-10-18T15:31:21.630" instance="1971c5" url="/api/zipdeploy?isAsync=true" method="POST" type="request" pid="821,1,21" Accept="*/*" Host="field-service-api.scm.azurewebsites.net" User-Agent="AZURECLI/2.74.0 (MSI)" Accept-Encoding="gzip, deflate" Authorization="Bas..." Cache-Control="no-cache" Content-Type="application/octet-stream" Cookie="ARRAffinity=1971c58eecae6c5ffe40b330894af20e07f3d16128fc6d5db3807eb6212d0d46; ARRAffinitySameSite=1971c58eecae6c5ffe40b330894af20e07f3d16128fc6d5db3807eb6212d0d46" Content-Length="163567648" x-ms-client-request-id="72350597-ac37-11f0-858f-00051b860c5a" x-ms-artifact-checksum="5949db398a1649f473672f32eaca8c0c64be14fc0ba733994dbdfb1898a3e039" X-ARR-LOG-ID="72350597-ac37-11f0-858f-00051b860c5a" CLIENT-IP="24.32.74.177:55501" X-SITE-DEPLOYMENT-ID="field-service-api" WAS-DEFAULT-HOSTNAME="field-service-api.scm.azurewebsites.net" X-Forwarded-Proto="https" X-AppService-Proto="https" X-Forwarded-TlsVersion="1.3" X-WAWS-Unencoded-URL="/api/zipdeploy?isAsync=true" X-Client-IP="24.32.74.177" X-Client-Port="55501" >
  <step title="ZipPushDeploy" date="2025-10-18T15:31:21.646" >
    <step title="ZipDeploy. Extract zip. Remote build." date="2025-10-18T15:31:21.655" /><!-- duration: 4ms -->
    <step title="Starting PushDeployAsync" date="2025-10-18T15:31:21.665" /><!-- duration: 4ms -->
    <step title="Removing node_modules symlink" date="2025-10-18T15:31:21.684" >
      <step title="Writing artifact to /tmp/zipdeploy/53bf5606-8c0d-47ac-a678-a5eda45d33cc.zip" date="2025-10-18T15:31:22.535" >
        <step title="Writing multipart request body to /tmp/zipdeploy/53bf5606-8c0d-47ac-a678-a5eda45d33cc.zip" date="2025-10-18T15:31:22.542" /><!-- duration: 7ms -->
      </step><!-- duration: 38024ms -->
      <step title="Start deployment in the background" date="2025-10-18T15:32:00.574" >
        <step title="Acquiring Deployment Lock" date="2025-10-18T15:32:00.605" /><!-- duration: 3ms -->
        <step title="Cannot Acquire Deployment Lock already held" date="2025-10-18T15:32:00.615" /><!-- duration: 3ms -->
      </step><!-- duration: 110ms -->
      <step title="There is a deployment currently in progress. Please try again when it completes." date="2025-10-18T15:32:00.690" /><!-- duration: 4ms -->
    </step><!-- duration: 39016ms -->
    <step title="Outgoing response" date="2025-10-18T15:32:00.706" type="response" statusCode="409" statusText="Conflict" /><!-- duration: 3ms -->
  </step><!-- duration: 39072ms -->
