<step title="Incoming Request" date="2025-10-19T05:17:26.312" instance="5b3f8a" url="/api/zipdeploy?isAsync=true" method="POST" type="request" pid="823,1,35" Accept="*/*" Host="field-service-api.scm.azurewebsites.net" User-Agent="AZURECLI/2.74.0 (MSI)" Accept-Encoding="gzip, deflate" Authorization="Bas..." Cache-Control="no-cache" Content-Type="application/octet-stream" Cookie="ARRAffinity=5b3f8a12403b9dc2b986729a83bf573dfabff49059ab229ec52134ff3910c818; ARRAffinitySameSite=5b3f8a12403b9dc2b986729a83bf573dfabff49059ab229ec52134ff3910c818" Content-Length="16685929" x-ms-client-request-id="db0605f7-acaa-11f0-9b6b-00051b860c5a" x-ms-artifact-checksum="ea80975c1d1f2fac521795ef2eb681042fda7d7f819c5b7428f44f0fe5059500" X-ARR-LOG-ID="db0605f7-acaa-11f0-9b6b-00051b860c5a" CLIENT-IP="24.32.74.177:64091" X-SITE-DEPLOYMENT-ID="field-service-api" WAS-DEFAULT-HOSTNAME="field-service-api.scm.azurewebsites.net" X-Forwarded-Proto="https" X-AppService-Proto="https" X-Forwarded-TlsVersion="1.3" X-WAWS-Unencoded-URL="/api/zipdeploy?isAsync=true" X-Client-IP="24.32.74.177" X-Client-Port="64091" >
  <step title="Cleanup Xml Logs" date="2025-10-19T05:17:26.361" >
    <step title="Cleanup Infos" date="2025-10-19T05:17:26.757" totalFiles="478" totalCleanup="318" /><!-- duration: 109ms -->
  </step><!-- duration: 530ms -->
  <step title="ZipPushDeploy" date="2025-10-19T05:17:27.152" >
    <step title="ZipDeploy. Extract zip. Remote build." date="2025-10-19T05:17:27.271" /><!-- duration: 10ms -->
    <step title="Starting PushDeployAsync" date="2025-10-19T05:17:27.399" /><!-- duration: 27ms -->
    <step title="Removing node_modules symlink" date="2025-10-19T05:17:27.496" >
      <step title="Writing artifact to /tmp/zipdeploy/b0d1472f-161a-45f3-b8b7-f1f344a9598e.zip" date="2025-10-19T05:17:28.256" >
        <step title="Writing multipart request body to /tmp/zipdeploy/b0d1472f-161a-45f3-b8b7-f1f344a9598e.zip" date="2025-10-19T05:17:28.288" /><!-- duration: 29ms -->
      </step><!-- duration: 2919ms -->
      <step title="Removing previous build artifact&apos;s manifest file" date="2025-10-19T05:17:31.218" >
        <step title="Start deployment in the background" date="2025-10-19T05:17:31.303" >
          <step title="Acquiring Deployment Lock" date="2025-10-19T05:17:31.638" /><!-- duration: 47ms -->
          <step title="Acquired Deployment Lock" date="2025-10-19T05:17:31.821" /><!-- duration: 21ms -->
        </step><!-- duration: 858ms -->
      </step><!-- duration: 983ms -->
      <step title="Outgoing response" date="2025-10-19T05:17:32.231" type="response" statusCode="202" statusText="Accepted" /><!-- duration: 20ms -->
    </step><!-- duration: 4767ms -->
