<step title="Incoming Request" date="2025-10-19T05:04:40.987" instance="5b3f8a" url="/api/zipdeploy?isAsync=true" method="POST" type="request" pid="823,1,45" Accept="*/*" Host="field-service-api.scm.azurewebsites.net" User-Agent="AZURECLI/2.74.0 (MSI)" Accept-Encoding="gzip, deflate" Authorization="Bas..." Cache-Control="no-cache" Content-Type="application/octet-stream" Cookie="ARRAffinity=5b3f8a12403b9dc2b986729a83bf573dfabff49059ab229ec52134ff3910c818; ARRAffinitySameSite=5b3f8a12403b9dc2b986729a83bf573dfabff49059ab229ec52134ff3910c818" Content-Length="16685277" x-ms-client-request-id="13775700-aca9-11f0-a808-00051b860c5a" x-ms-artifact-checksum="891000c41852de9c492ee30074b28059828b1f76434e887f64e74a6f7a80818b" X-ARR-LOG-ID="13775700-aca9-11f0-a808-00051b860c5a" CLIENT-IP="24.32.74.177:51166" X-SITE-DEPLOYMENT-ID="field-service-api" WAS-DEFAULT-HOSTNAME="field-service-api.scm.azurewebsites.net" X-Forwarded-Proto="https" X-AppService-Proto="https" X-Forwarded-TlsVersion="1.3" X-WAWS-Unencoded-URL="/api/zipdeploy?isAsync=true" X-Client-IP="24.32.74.177" X-Client-Port="51166" >
  <step title="ZipPushDeploy" date="2025-10-19T05:04:41.043" >
    <step title="ZipDeploy. Extract zip. Remote build." date="2025-10-19T05:04:41.101" /><!-- duration: 4ms -->
    <step title="Starting PushDeployAsync" date="2025-10-19T05:04:41.132" /><!-- duration: 36ms -->
    <step title="Removing node_modules symlink" date="2025-10-19T05:04:41.236" >
      <step title="Writing artifact to /tmp/zipdeploy/e033fa57-6d09-423d-9674-13f8f9ddc852.zip" date="2025-10-19T05:04:41.489" >
        <step title="Writing multipart request body to /tmp/zipdeploy/e033fa57-6d09-423d-9674-13f8f9ddc852.zip" date="2025-10-19T05:04:41.521" /><!-- duration: 5ms -->
      </step><!-- duration: 3656ms -->
      <step title="Removing previous build artifact&apos;s manifest file" date="2025-10-19T05:04:45.320" >
        <step title="Start deployment in the background" date="2025-10-19T05:04:45.343" >
          <step title="Acquiring Deployment Lock" date="2025-10-19T05:04:45.451" /><!-- duration: 8ms -->
          <step title="Acquired Deployment Lock" date="2025-10-19T05:04:45.517" /><!-- duration: 4ms -->
        </step><!-- duration: 333ms -->
      </step><!-- duration: 375ms -->
      <step title="Outgoing response" date="2025-10-19T05:04:45.717" type="response" statusCode="202" statusText="Accepted" /><!-- duration: 12ms -->
    </step><!-- duration: 4504ms -->
