<step title="Incoming Request" date="2025-10-18T16:35:23.418" instance="5b3f8a" url="/api/zipdeploy?isAsync=true" method="POST" type="request" pid="825,1,5" Accept="*/*" Host="field-service-api.scm.azurewebsites.net" User-Agent="AZURECLI/2.74.0 (MSI)" Accept-Encoding="gzip, deflate" Authorization="Bas..." Cache-Control="no-cache" Content-Type="application/octet-stream" Content-Length="179558538" x-ms-client-request-id="4d84797e-ac3f-11f0-8a2f-00051b860c5a" x-ms-artifact-checksum="3e331876deaedb754d3ce9b5b9f18e6c19ac928b9fa5c8f4bbd8c1812db99fd9" X-ARR-LOG-ID="4d84797e-ac3f-11f0-8a2f-00051b860c5a" CLIENT-IP="24.32.74.177:60243" X-SITE-DEPLOYMENT-ID="field-service-api" WAS-DEFAULT-HOSTNAME="field-service-api.scm.azurewebsites.net" X-Forwarded-Proto="https" X-AppService-Proto="https" X-Forwarded-TlsVersion="1.3" X-WAWS-Unencoded-URL="/api/zipdeploy?isAsync=true" X-Client-IP="24.32.74.177" X-Client-Port="60243" >
  <step title="ZipPushDeploy" date="2025-10-18T16:35:26.040" >
    <step title="ZipDeploy. Extract zip. Remote build." date="2025-10-18T16:35:26.167" /><!-- duration: 36ms -->
    <step title="None repository commit" date="2025-10-18T16:35:26.254" >
      <step title="Commit id: 7ed07eec-afa9-48fb-a6bd-2d61eab474b3" date="2025-10-18T16:35:26.322" Message="N/A" AuthorName="N/A" AuthorEmail="N/A" /><!-- duration: 10ms -->
    </step><!-- duration: 138ms -->
    <step title="Starting PushDeployAsync" date="2025-10-18T16:35:26.555" /><!-- duration: 12ms -->
    <step title="Writing artifact to /tmp/zipdeploy/75dd0465-0a47-4a8b-ba31-9d795c07658f.zip" date="2025-10-18T16:35:26.702" >
      <step title="Writing multipart request body to /tmp/zipdeploy/75dd0465-0a47-4a8b-ba31-9d795c07658f.zip" date="2025-10-18T16:35:26.728" /><!-- duration: 30ms -->
      <step title="Error occurred" date="2025-10-18T16:35:28.558" type="error" text="Exception in copying zip file to temp path. Exception: Microsoft.AspNetCore.Server.Kestrel.Core.BadHttpRequestException: Unexpected end of request content.
   at Microsoft.AspNetCore.Server.Kestrel.Core.Internal.Http.Http1ContentLengthMessageBody.ReadAsyncInternal(CancellationToken cancellationToken)
   at System.Runtime.CompilerServices.PoolingAsyncValueTaskMethodBuilder`1.StateMachineBox`1.System.Threading.Tasks.Sources.IValueTaskSource&lt;TResult&gt;.GetResult(Int16 token)
   at System.IO.Pipelines.PipeReader.CopyToAsyncCore[TStream](TStream destination, Func`4 writeAsync, CancellationToken cancellationToken)
   at Kudu.Services.Deployment.PushDeploymentController.CopyZipFromRequestBody(String artifactTempPath, ITracer tracer) in /tmp/KuduLite/Kudu.Services/Deployment/PushDeploymentController.cs:line 1473: Unexpected end of request content." stackTrace="   at Microsoft.AspNetCore.Server.Kestrel.Core.Internal.Http.Http1ContentLengthMessageBody.ReadAsyncInternal(CancellationToken cancellationToken)
   at System.Runtime.CompilerServices.PoolingAsyncValueTaskMethodBuilder`1.StateMachineBox`1.System.Threading.Tasks.Sources.IValueTaskSource&lt;TResult&gt;.GetResult(Int16 token)
   at System.IO.Pipelines.PipeReader.CopyToAsyncCore[TStream](TStream destination, Func`4 writeAsync, CancellationToken cancellationToken)
   at Kudu.Services.Deployment.PushDeploymentController.CopyZipFromRequestBody(String artifactTempPath, ITracer tracer) in /tmp/KuduLite/Kudu.Services/Deployment/PushDeploymentController.cs:line 1473" /><!-- duration: 127ms -->
    </step><!-- duration: 2737ms -->
    <step title="Error occurred" date="2025-10-18T16:35:29.556" type="error" text="Request was Aborted. Deployment was cancelled" /><!-- duration: 171ms -->
  </step><!-- duration: 3746ms -->
  <step title="Outgoing response" date="2025-10-18T16:35:30.786" type="response" statusCode="499" statusText="499" /><!-- duration: 47ms -->
</step><!-- duration: 7493ms -->
