<step title="BackgroundTrace" date="2025-10-19T05:17:31.324" instance="5b3f8a" url="/api/zipdeploy" method="POST" >
  <step title="Cleanup Xml Logs" date="2025-10-19T05:17:31.335" >
    <step title="Cleanup Infos" date="2025-10-19T05:17:31.452" totalFiles="479" totalCleanup="319" /><!-- duration: 41ms -->
  </step><!-- duration: 186ms -->
  <step title="Creating temporary deployment - FetchDeploymentManager" date="2025-10-19T05:17:31.861" /><!-- duration: 28ms -->
  <step title="Creating temporary deployment" date="2025-10-19T05:17:31.918" /><!-- duration: 225ms -->
  <step title="Performing fetch based deployment" date="2025-10-19T05:17:32.336" >
    <step title="Cleaning up temp folders from previous zip deployments and extracting pushed zip file /tmp/zipdeploy/b0d1472f-161a-45f3-b8b7-f1f344a9598e.zip (15.91 MB) to /tmp/zipdeploy/extracted" date="2025-10-19T05:17:33.673" >
      <step title="ChmodRecursive Process exited with total time taken in ms: 57" date="2025-10-19T05:17:34.285" /><!-- duration: 11ms -->
    </step><!-- duration: 632ms -->
    <step title="Deployment timer started" date="2025-10-19T05:17:36.334" >
      <step title="DeploymentManager.Deploy(id:9d8403a3-05d1-447d-b610-f1831287c21e)" date="2025-10-19T05:17:36.344" >
        <step title="Collecting changeset information" date="2025-10-19T05:17:36.401" /><!-- duration: 115ms -->
        <step title="Updating submodules" date="2025-10-19T05:17:36.527" /><!-- duration: 1222ms -->
        <step title="Determining deployment builder" date="2025-10-19T05:17:38.720" >
          <step title="Builder is OryxBuilder" date="2025-10-19T05:17:38.746" /><!-- duration: 3ms -->
        </step><!-- duration: 43ms -->
        <step title="PreDeployment: context.CleanOutputPath False" date="2025-10-19T05:17:38.829" >
          <step title="PreDeployment: context.OutputPath /home/site/wwwroot" date="2025-10-19T05:17:39.008" >
            <step title="Building" date="2025-10-19T05:17:39.213" >
              <step title="Executing external process" date="2025-10-19T05:17:39.658" type="process" path="bash" arguments="-c &quot;oryx build /tmp/zipdeploy/extracted -o /home/site/wwwroot --platform nodejs --platform-version 20 -p virtualenv_name= --log-file /tmp/build-debug.log  -i /tmp/8de0eced2506695 -p compress_node_modules=tar-gz | tee /tmp/oryx-build.log ; exit $PIPESTATUS &quot;" /><!-- duration: 81211ms -->
              <step title="Using GenericDeploymentLogParser" date="2025-10-19T05:19:01.343" /><!-- duration: 48ms -->
              <step title="Triggering recycle (preview mode disabled)." date="2025-10-19T05:19:02.741" /><!-- duration: 11ms -->
              <step title="Modified file to trigger a restart of the app container." date="2025-10-19T05:19:02.805" /><!-- duration: 4ms -->
              <step title="Skip function trigger and logicapp sync because function is not enabled." date="2025-10-19T05:19:02.817" /><!-- duration: 8ms -->
              <step title="Purge deployment items" date="2025-10-19T05:19:04.647" >
                <step title="Remove f5dae3e9-, Success, received at 10/18/2025 21:42:30" date="2025-10-19T05:19:04.892" /><!-- duration: 10ms -->
              </step><!-- duration: 276ms -->
            </step><!-- duration: 85858ms -->
          </step><!-- duration: 86071ms -->
          <step title="Cleaning up temp files" date="2025-10-19T05:19:05.089" /><!-- duration: 4592ms -->
          <step title="Cleaning up temp files" date="2025-10-19T05:19:09.729" /><!-- duration: 547ms -->
          <step title="Reloading status file with latest updates" date="2025-10-19T05:19:10.465" >
            <step title="WebHooksManager.PublishEventAsync: PostDeployment" date="2025-10-19T05:19:10.500" /><!-- duration: 140ms -->
          </step><!-- duration: 179ms -->
          <step title="Cleaning up temporary deployment - fetch deployment was successful" date="2025-10-19T05:19:10.669" /><!-- duration: 9ms -->
        </step><!-- duration: 92016ms -->
      </step><!-- duration: 94851ms -->
