<step title="BackgroundTrace" date="2025-10-19T05:04:45.357" instance="5b3f8a" url="/api/zipdeploy" method="POST" >
  <step title="Cleanup Xml Logs" date="2025-10-19T05:04:45.363" >
    <step title="Cleanup Infos" date="2025-10-19T05:04:45.424" totalFiles="469" totalCleanup="309" /><!-- duration: 6ms -->
  </step><!-- duration: 71ms -->
  <step title="Creating temporary deployment - FetchDeploymentManager" date="2025-10-19T05:04:45.525" /><!-- duration: 4ms -->
  <step title="Creating temporary deployment" date="2025-10-19T05:04:45.545" /><!-- duration: 126ms -->
  <step title="Performing fetch based deployment" date="2025-10-19T05:04:45.780" >
    <step title="Cleaning up temp folders from previous zip deployments and extracting pushed zip file /tmp/zipdeploy/e033fa57-6d09-423d-9674-13f8f9ddc852.zip (15.91 MB) to /tmp/zipdeploy/extracted" date="2025-10-19T05:04:47.121" >
      <step title="ChmodRecursive Process exited with total time taken in ms: 80" date="2025-10-19T05:04:47.872" /><!-- duration: 10ms -->
    </step><!-- duration: 779ms -->
    <step title="Deployment timer started" date="2025-10-19T05:04:49.939" >
      <step title="DeploymentManager.Deploy(id:e9de13f1-173c-4a88-9531-bddc9531450b)" date="2025-10-19T05:04:49.968" >
        <step title="Collecting changeset information" date="2025-10-19T05:04:50.046" /><!-- duration: 134ms -->
        <step title="Updating submodules" date="2025-10-19T05:04:50.189" /><!-- duration: 1171ms -->
        <step title="Determining deployment builder" date="2025-10-19T05:04:51.982" >
          <step title="Builder is OryxBuilder" date="2025-10-19T05:04:52.010" /><!-- duration: 4ms -->
        </step><!-- duration: 52ms -->
        <step title="PreDeployment: context.CleanOutputPath False" date="2025-10-19T05:04:52.114" >
          <step title="PreDeployment: context.OutputPath /home/site/wwwroot" date="2025-10-19T05:04:52.277" >
            <step title="Building" date="2025-10-19T05:04:52.459" >
              <step title="Executing external process" date="2025-10-19T05:04:53.357" type="process" path="bash" arguments="-c &quot;oryx build /tmp/zipdeploy/extracted -o /home/site/wwwroot --platform nodejs --platform-version 20 -p virtualenv_name= --log-file /tmp/build-debug.log  -i /tmp/8de0ecd094f5543 -p compress_node_modules=tar-gz | tee /tmp/oryx-build.log ; exit $PIPESTATUS &quot;" >
                <step title="Cpu: npm install(11124,25.480s)+build.sh(11039,0.040s)+oryx(11019,7.010s)+tee(11020,0.000s)+bash(11018,0.000s)=total(32.510s)" date="2025-10-19T05:06:09.405" /><!-- duration: 29ms -->
                <step title="bash: no io activity for 60s, prev-cpu=-1.000s, current-cpu=32.510s" date="2025-10-19T05:06:09.463" /><!-- duration: 26ms -->
              </step><!-- duration: 97787ms -->
              <step title="Using GenericDeploymentLogParser" date="2025-10-19T05:06:31.518" /><!-- duration: 9ms -->
              <step title="Triggering recycle (preview mode disabled)." date="2025-10-19T05:06:32.904" /><!-- duration: 7ms -->
              <step title="Modified file to trigger a restart of the app container." date="2025-10-19T05:06:32.965" /><!-- duration: 9ms -->
              <step title="Skip function trigger and logicapp sync because function is not enabled." date="2025-10-19T05:06:32.978" /><!-- duration: 10ms -->
              <step title="Purge deployment items" date="2025-10-19T05:06:34.280" >
                <step title="Remove 6a11c78d-, Success, received at 10/18/2025 21:32:59" date="2025-10-19T05:06:34.646" /><!-- duration: 4ms -->
              </step><!-- duration: 374ms -->
            </step><!-- duration: 102287ms -->
          </step><!-- duration: 102473ms -->
          <step title="Cleaning up temp files" date="2025-10-19T05:06:34.754" /><!-- duration: 1924ms -->
          <step title="Cleaning up temp files" date="2025-10-19T05:06:36.688" /><!-- duration: 509ms -->
          <step title="Reloading status file with latest updates" date="2025-10-19T05:06:37.247" >
            <step title="WebHooksManager.PublishEventAsync: PostDeployment" date="2025-10-19T05:06:37.258" /><!-- duration: 48ms -->
          </step><!-- duration: 64ms -->
          <step title="Cleaning up temporary deployment - fetch deployment was successful" date="2025-10-19T05:06:37.322" /><!-- duration: 4ms -->
        </step><!-- duration: 105259ms -->
      </step><!-- duration: 107427ms -->
