<step title="Incoming Request" date="2025-10-19T00:06:09.720" instance="5b3f8a" url="/api/zipdeploy?isAsync=true" method="POST" type="request" pid="823,1,15" Accept="*/*" Host="field-service-api.scm.azurewebsites.net" User-Agent="AZURECLI/2.74.0 (MSI)" Accept-Encoding="gzip, deflate" Authorization="Bas..." Cache-Control="no-cache" Content-Type="application/octet-stream" Cookie="ARRAffinity=5b3f8a12403b9dc2b986729a83bf573dfabff49059ab229ec52134ff3910c818; ARRAffinitySameSite=5b3f8a12403b9dc2b986729a83bf573dfabff49059ab229ec52134ff3910c818" Content-Length="16685435" x-ms-client-request-id="6089ade1-ac7f-11f0-a62e-00051b860c5a" x-ms-artifact-checksum="c22637b5c15b7de24f60ac69ff0e9e62515543be4eecd13f90007af630aed394" X-ARR-LOG-ID="6089ade1-ac7f-11f0-a62e-00051b860c5a" CLIENT-IP="24.32.74.177:62711" X-SITE-DEPLOYMENT-ID="field-service-api" WAS-DEFAULT-HOSTNAME="field-service-api.scm.azurewebsites.net" X-Forwarded-Proto="https" X-AppService-Proto="https" X-Forwarded-TlsVersion="1.3" X-WAWS-Unencoded-URL="/api/zipdeploy?isAsync=true" X-Client-IP="24.32.74.177" X-Client-Port="62711" >
  <step title="ZipPushDeploy" date="2025-10-19T00:06:09.782" >
    <step title="ZipDeploy. Extract zip. Remote build." date="2025-10-19T00:06:09.807" /><!-- duration: 9ms -->
    <step title="Starting PushDeployAsync" date="2025-10-19T00:06:09.851" /><!-- duration: 17ms -->
    <step title="Removing node_modules symlink" date="2025-10-19T00:06:09.955" >
      <step title="Writing artifact to /tmp/zipdeploy/abf7eea5-3ca0-4112-ac76-1cf40ae58240.zip" date="2025-10-19T00:06:10.303" >
        <step title="Writing multipart request body to /tmp/zipdeploy/abf7eea5-3ca0-4112-ac76-1cf40ae58240.zip" date="2025-10-19T00:06:10.311" /><!-- duration: 9ms -->
      </step><!-- duration: 4648ms -->
      <step title="Removing previous build artifact&apos;s manifest file" date="2025-10-19T00:06:14.967" >
        <step title="Start deployment in the background" date="2025-10-19T00:06:15.020" >
          <step title="Acquiring Deployment Lock" date="2025-10-19T00:06:15.112" /><!-- duration: 5ms -->
          <step title="Acquired Deployment Lock" date="2025-10-19T00:06:15.168" /><!-- duration: 4ms -->
        </step><!-- duration: 249ms -->
      </step><!-- duration: 315ms -->
      <step title="Outgoing response" date="2025-10-19T00:06:15.317" type="response" statusCode="202" statusText="Accepted" /><!-- duration: 6ms -->
    </step><!-- duration: 5372ms -->
