<step title="BackgroundTrace" date="2025-10-18T06:24:55.449" instance="b47714" url="/api/zipdeploy" method="POST" >
  <step title="Creating temporary deployment - FetchDeploymentManager" date="2025-10-18T06:24:55.543" /><!-- duration: 4ms -->
  <step title="Creating temporary deployment" date="2025-10-18T06:24:55.560" /><!-- duration: 87ms -->
  <step title="Performing fetch based deployment" date="2025-10-18T06:24:55.720" >
    <step title="Cleaning up temp folders from previous zip deployments and extracting pushed zip file /tmp/zipdeploy/a4ea6b3c-fe9f-49f2-8445-ee20f1a6283e.zip (0.70 MB) to /tmp/zipdeploy/extracted" date="2025-10-18T06:24:57.048" >
      <step title="ChmodRecursive Process exited with total time taken in ms: 53" date="2025-10-18T06:24:57.404" /><!-- duration: 4ms -->
    </step><!-- duration: 369ms -->
    <step title="Deployment timer started" date="2025-10-18T06:24:59.435" >
      <step title="DeploymentManager.Deploy(id:29663607-e8be-481f-a518-7cddafd8af6b)" date="2025-10-18T06:24:59.450" >
        <step title="Collecting changeset information" date="2025-10-18T06:24:59.481" /><!-- duration: 123ms -->
        <step title="Updating submodules" date="2025-10-18T06:24:59.619" /><!-- duration: 1139ms -->
        <step title="Determining deployment builder" date="2025-10-18T06:25:01.050" >
          <step title="Builder is OryxBuilder" date="2025-10-18T06:25:01.079" /><!-- duration: 9ms -->
        </step><!-- duration: 56ms -->
        <step title="PreDeployment: context.CleanOutputPath False" date="2025-10-18T06:25:01.215" >
          <step title="PreDeployment: context.OutputPath /home/site/wwwroot" date="2025-10-18T06:25:01.999" >
            <step title="Building" date="2025-10-18T06:25:02.776" >
              <step title="Executing external process" date="2025-10-18T06:25:03.132" type="process" path="bash" arguments="-c &quot;oryx build /tmp/zipdeploy/extracted -o /home/site/wwwroot --platform nodejs --platform-version 20 -p virtualenv_name= --log-file /tmp/build-debug.log  -i /tmp/8de0e0f11545bf9 -p compress_node_modules=tar-gz | tee /tmp/oryx-build.log ; exit $PIPESTATUS &quot;" /><!-- duration: 23661ms -->
              <step title="Using GenericDeploymentLogParser" date="2025-10-18T06:25:27.210" /><!-- duration: 28ms -->
              <step title="Triggering recycle (preview mode disabled)." date="2025-10-18T06:25:28.391" /><!-- duration: 8ms -->
              <step title="Modified file to trigger a restart of the app container." date="2025-10-18T06:25:28.436" /><!-- duration: 4ms -->
              <step title="Skip function trigger and logicapp sync because function is not enabled." date="2025-10-18T06:25:28.453" /><!-- duration: 11ms -->
            </step><!-- duration: 27011ms -->
          </step><!-- duration: 27792ms -->
          <step title="Cleaning up temp files" date="2025-10-18T06:25:29.796" /><!-- duration: 487ms -->
          <step title="Cleaning up temp files" date="2025-10-18T06:25:30.289" /><!-- duration: 517ms -->
          <step title="Reloading status file with latest updates" date="2025-10-18T06:25:30.869" >
            <step title="WebHooksManager.PublishEventAsync: PostDeployment" date="2025-10-18T06:25:30.882" /><!-- duration: 90ms -->
          </step><!-- duration: 112ms -->
          <step title="Cleaning up temporary deployment - fetch deployment was successful" date="2025-10-18T06:25:30.996" /><!-- duration: 8ms -->
        </step><!-- duration: 29887ms -->
      </step><!-- duration: 31684ms -->
