<step title="Incoming Request" date="2025-10-18T21:42:28.490" instance="5b3f8a" url="/api/deployments/latest" method="GET" type="request" pid="823,1,28" Accept="*/*" Host="field-service-api.scm.azurewebsites.net" User-Agent="AZURECLI/2.74.0 (MSI)" Accept-Encoding="gzip, deflate" Authorization="Bas..." x-ms-client-request-id="45f9bed4-ac6b-11f0-8464-00051b860c5a" X-ARR-LOG-ID="45f9bed4-ac6b-11f0-8464-00051b860c5a" CLIENT-IP="24.32.74.177:57246" X-SITE-DEPLOYMENT-ID="field-service-api" WAS-DEFAULT-HOSTNAME="field-service-api.scm.azurewebsites.net" X-Forwarded-Proto="https" X-AppService-Proto="https" X-Forwarded-TlsVersion="1.3" X-WAWS-Unencoded-URL="/api/deployments/latest" X-Client-IP="24.32.74.177" X-Client-Port="57246" >
  <step title="Cleanup Xml Logs" date="2025-10-18T21:42:28.508" >
    <step title="Cleanup Infos" date="2025-10-18T21:42:28.540" totalFiles="291" totalCleanup="131" /><!-- duration: 20ms -->
  </step><!-- duration: 69ms -->
  <step title="DeploymentService.GetResult" date="2025-10-18T21:42:28.660" >
    <step title="DeploymentService.GetLatestDeployment" date="2025-10-18T21:42:28.670" >
      <step title="DeploymentManager.GetResults" date="2025-10-18T21:42:28.679" /><!-- duration: 1317ms -->
    </step><!-- duration: 1388ms -->
  </step><!-- duration: 1443ms -->
  <step title="Outgoing response" date="2025-10-18T21:42:30.175" type="response" statusCode="202" statusText="Accepted" /><!-- duration: 26ms -->
</step><!-- duration: 1720ms -->
