<step title="BackgroundTrace" date="2025-10-18T22:17:20.981" instance="5b3f8a" url="/api/zipdeploy" method="POST" >
  <step title="Cleanup Xml Logs" date="2025-10-18T22:17:20.992" >
    <step title="Cleanup Infos" date="2025-10-18T22:17:21.128" totalFiles="309" totalCleanup="149" /><!-- duration: 13ms -->
  </step><!-- duration: 165ms -->
  <step title="Creating temporary deployment - FetchDeploymentManager" date="2025-10-18T22:17:21.551" /><!-- duration: 36ms -->
  <step title="Creating temporary deployment" date="2025-10-18T22:17:21.636" /><!-- duration: 480ms -->
  <step title="Performing fetch based deployment" date="2025-10-18T22:17:22.452" >
    <step title="Cleaning up temp folders from previous zip deployments and extracting pushed zip file /tmp/zipdeploy/1dc4ce8a-3593-4f9e-a237-c5da1f537dc5.zip (15.90 MB) to /tmp/zipdeploy/extracted" date="2025-10-18T22:17:24.165" >
      <step title="ChmodRecursive Process exited with total time taken in ms: 133" date="2025-10-18T22:17:26.052" /><!-- duration: 21ms -->
    </step><!-- duration: 1937ms -->
    <step title="Deployment timer started" date="2025-10-18T22:17:28.212" >
      <step title="DeploymentManager.Deploy(id:06f60d88-6fb9-4283-b401-adbb42150126)" date="2025-10-18T22:17:28.269" >
        <step title="Collecting changeset information" date="2025-10-18T22:17:28.368" /><!-- duration: 1537ms -->
        <step title="Updating submodules" date="2025-10-18T22:17:29.952" /><!-- duration: 1386ms -->
        <step title="Determining deployment builder" date="2025-10-18T22:17:32.047" >
          <step title="Builder is OryxBuilder" date="2025-10-18T22:17:32.148" /><!-- duration: 20ms -->
        </step><!-- duration: 248ms -->
        <step title="PreDeployment: context.CleanOutputPath False" date="2025-10-18T22:17:33.143" >
          <step title="PreDeployment: context.OutputPath /home/site/wwwroot" date="2025-10-18T22:17:33.493" >
            <step title="Building" date="2025-10-18T22:17:33.748" >
              <step title="Executing external process" date="2025-10-18T22:17:34.910" type="process" path="bash" arguments="-c &quot;oryx build /tmp/zipdeploy/extracted -o /home/site/wwwroot --platform nodejs --platform-version 20 -p virtualenv_name= --log-file /tmp/build-debug.log  -i /tmp/8de0e9422199e08 -p compress_node_modules=tar-gz | tee /tmp/oryx-build.log ; exit $PIPESTATUS &quot;" /><!-- duration: 77795ms -->
              <step title="Using GenericDeploymentLogParser" date="2025-10-18T22:18:53.130" /><!-- duration: 9ms -->
              <step title="Triggering recycle (preview mode disabled)." date="2025-10-18T22:18:54.649" /><!-- duration: 22ms -->
              <step title="Modified file to trigger a restart of the app container." date="2025-10-18T22:18:54.731" /><!-- duration: 4ms -->
              <step title="Skip function trigger and logicapp sync because function is not enabled." date="2025-10-18T22:18:54.741" /><!-- duration: 16ms -->
              <step title="Purge deployment items" date="2025-10-18T22:18:55.976" >
                <step title="Remove e22f6a88-, Success, received at 10/18/2025 16:36:36" date="2025-10-18T22:18:56.030" /><!-- duration: 4ms -->
              </step><!-- duration: 62ms -->
            </step><!-- duration: 82363ms -->
          </step><!-- duration: 82625ms -->
          <step title="Cleaning up temp files" date="2025-10-18T22:18:56.121" /><!-- duration: 1893ms -->
          <step title="Cleaning up temp files" date="2025-10-18T22:18:58.051" /><!-- duration: 559ms -->
          <step title="Reloading status file with latest updates" date="2025-10-18T22:18:58.686" >
            <step title="WebHooksManager.PublishEventAsync: PostDeployment" date="2025-10-18T22:18:58.705" /><!-- duration: 62ms -->
          </step><!-- duration: 91ms -->
          <step title="Cleaning up temporary deployment - fetch deployment was successful" date="2025-10-18T22:18:58.788" /><!-- duration: 3ms -->
        </step><!-- duration: 85768ms -->
      </step><!-- duration: 90694ms -->
