<step title="Incoming Request" date="2025-10-18T21:32:57.502" instance="5b3f8a" url="/api/deployments/latest" method="GET" type="request" pid="823,1,47" Accept="*/*" Host="field-service-api.scm.azurewebsites.net" User-Agent="AZURECLI/2.74.0 (MSI)" Accept-Encoding="gzip, deflate" Authorization="Bas..." x-ms-client-request-id="f1a0c654-ac69-11f0-9fd6-00051b860c5a" X-ARR-LOG-ID="f1a0c654-ac69-11f0-9fd6-00051b860c5a" CLIENT-IP="24.32.74.177:60951" X-SITE-DEPLOYMENT-ID="field-service-api" WAS-DEFAULT-HOSTNAME="field-service-api.scm.azurewebsites.net" X-Forwarded-Proto="https" X-AppService-Proto="https" X-Forwarded-TlsVersion="1.3" X-WAWS-Unencoded-URL="/api/deployments/latest" X-Client-IP="24.32.74.177" X-Client-Port="60951" >
  <step title="Cleanup Xml Logs" date="2025-10-18T21:32:57.530" >
    <step title="Cleanup Infos" date="2025-10-18T21:32:57.630" totalFiles="279" totalCleanup="119" /><!-- duration: 27ms -->
  </step><!-- duration: 137ms -->
  <step title="DeploymentService.GetResult" date="2025-10-18T21:32:57.708" >
    <step title="DeploymentService.GetLatestDeployment" date="2025-10-18T21:32:57.712" >
      <step title="DeploymentManager.GetResults" date="2025-10-18T21:32:57.720" /><!-- duration: 2164ms -->
    </step><!-- duration: 2199ms -->
  </step><!-- duration: 2213ms -->
  <step title="Outgoing response" date="2025-10-18T21:32:59.941" type="response" statusCode="202" statusText="Accepted" /><!-- duration: 10ms -->
</step><!-- duration: 2456ms -->
