<step title="Incoming Request" date="2025-10-18T23:55:30.904" instance="5b3f8a" url="/api/deployments/latest" method="GET" type="request" pid="823,1,16" Accept="*/*" Host="field-service-api.scm.azurewebsites.net" User-Agent="AZURECLI/2.74.0 (MSI)" Accept-Encoding="gzip, deflate" Authorization="Bas..." x-ms-client-request-id="dc1e10d5-ac7d-11f0-a2f1-00051b860c5a" X-ARR-LOG-ID="dc1e10d5-ac7d-11f0-a2f1-00051b860c5a" CLIENT-IP="24.32.74.177:54450" X-SITE-DEPLOYMENT-ID="field-service-api" WAS-DEFAULT-HOSTNAME="field-service-api.scm.azurewebsites.net" X-Forwarded-Proto="https" X-AppService-Proto="https" X-Forwarded-TlsVersion="1.3" X-WAWS-Unencoded-URL="/api/deployments/latest" X-Client-IP="24.32.74.177" X-Client-Port="54450" >
  <step title="Cleanup Xml Logs" date="2025-10-18T23:55:30.928" >
    <step title="Cleanup Infos" date="2025-10-18T23:55:31.036" totalFiles="449" totalCleanup="289" /><!-- duration: 11ms -->
  </step><!-- duration: 130ms -->
  <step title="DeploymentService.GetResult" date="2025-10-18T23:55:31.136" >
    <step title="DeploymentService.GetLatestDeployment" date="2025-10-18T23:55:31.152" >
      <step title="DeploymentManager.GetResults" date="2025-10-18T23:55:31.164" /><!-- duration: 1041ms -->
    </step><!-- duration: 1103ms -->
  </step><!-- duration: 1149ms -->
  <step title="Outgoing response" date="2025-10-18T23:55:32.325" type="response" statusCode="202" statusText="Accepted" /><!-- duration: 37ms -->
</step><!-- duration: 1469ms -->
