<step title="Incoming Request" date="2025-10-18T22:37:46.950" instance="5b3f8a" url="/api/deployments/latest" method="GET" type="request" pid="823,1,51" Accept="*/*" Host="field-service-api.scm.azurewebsites.net" User-Agent="AZURECLI/2.74.0 (MSI)" Accept-Encoding="gzip, deflate" Authorization="Bas..." x-ms-client-request-id="dd423d4e-ac72-11f0-b098-00051b860c5a" X-ARR-LOG-ID="dd423d4e-ac72-11f0-b098-00051b860c5a" CLIENT-IP="24.32.74.177:50605" X-SITE-DEPLOYMENT-ID="field-service-api" WAS-DEFAULT-HOSTNAME="field-service-api.scm.azurewebsites.net" X-Forwarded-Proto="https" X-AppService-Proto="https" X-Forwarded-TlsVersion="1.3" X-WAWS-Unencoded-URL="/api/deployments/latest" X-Client-IP="24.32.74.177" X-Client-Port="50605" >
  <step title="Cleanup Xml Logs" date="2025-10-18T22:37:46.988" >
    <step title="Cleanup Infos" date="2025-10-18T22:37:47.339" totalFiles="320" totalCleanup="160" /><!-- duration: 76ms -->
  </step><!-- duration: 456ms -->
  <step title="DeploymentService.GetResult" date="2025-10-18T22:37:47.774" >
    <step title="DeploymentService.GetLatestDeployment" date="2025-10-18T22:37:47.879" >
      <step title="DeploymentManager.GetResults" date="2025-10-18T22:37:47.937" /><!-- duration: 4035ms -->
    </step><!-- duration: 4193ms -->
  </step><!-- duration: 4344ms -->
  <step title="Outgoing response" date="2025-10-18T22:37:53.136" type="response" statusCode="202" statusText="Accepted" /><!-- duration: 57ms -->
</step><!-- duration: 6334ms -->
