<step title="Incoming Request" date="2025-10-18T06:24:54.646" instance="b47714" url="/api/zipdeploy?isAsync=true" method="POST" type="request" pid="821,1,83" Accept="*/*" Host="field-service-api.scm.azurewebsites.net" User-Agent="AZURECLI/2.74.0 (MSI)" Accept-Encoding="gzip, deflate" Authorization="Bas..." Cache-Control="no-cache" Content-Type="application/octet-stream" Cookie="ARRAffinity=b47714df06fcf6a96ddfba3a284a2c5a08964eca8515ab3ca08cef25436c95a0; ARRAffinitySameSite=b47714df06fcf6a96ddfba3a284a2c5a08964eca8515ab3ca08cef25436c95a0" Content-Length="737923" x-ms-client-request-id="1e7fccb5-abeb-11f0-bfa9-00051b860c5a" x-ms-artifact-checksum="f0ab7ce8bede52060cbb723865ebddd5297331cd402853b33828bf948f791b9f" X-ARR-LOG-ID="1e7fccb5-abeb-11f0-bfa9-00051b860c5a" CLIENT-IP="24.32.74.177:64594" X-SITE-DEPLOYMENT-ID="field-service-api" WAS-DEFAULT-HOSTNAME="field-service-api.scm.azurewebsites.net" X-Forwarded-Proto="https" X-AppService-Proto="https" X-Forwarded-TlsVersion="1.3" X-WAWS-Unencoded-URL="/api/zipdeploy?isAsync=true" X-Client-IP="24.32.74.177" X-Client-Port="64594" >
  <step title="ZipPushDeploy" date="2025-10-18T06:24:54.744" >
    <step title="ZipDeploy. Extract zip. Remote build." date="2025-10-18T06:24:54.767" /><!-- duration: 73ms -->
    <step title="Starting PushDeployAsync" date="2025-10-18T06:24:54.884" /><!-- duration: 5ms -->
    <step title="Removing node_modules symlink" date="2025-10-18T06:24:54.982" >
      <step title="Writing artifact to /tmp/zipdeploy/a4ea6b3c-fe9f-49f2-8445-ee20f1a6283e.zip" date="2025-10-18T06:24:55.153" >
        <step title="Writing multipart request body to /tmp/zipdeploy/a4ea6b3c-fe9f-49f2-8445-ee20f1a6283e.zip" date="2025-10-18T06:24:55.162" /><!-- duration: 7ms -->
      </step><!-- duration: 230ms -->
      <step title="Removing previous build artifact&apos;s manifest file" date="2025-10-18T06:24:55.399" >
        <step title="Start deployment in the background" date="2025-10-18T06:24:55.440" >
          <step title="Acquiring Deployment Lock" date="2025-10-18T06:24:55.469" /><!-- duration: 6ms -->
          <step title="Acquired Deployment Lock" date="2025-10-18T06:24:55.529" /><!-- duration: 4ms -->
        </step><!-- duration: 215ms -->
      </step><!-- duration: 282ms -->
      <step title="Outgoing response" date="2025-10-18T06:24:55.691" type="response" statusCode="202" statusText="Accepted" /><!-- duration: 6ms -->
    </step><!-- duration: 718ms -->
