<step title="Incoming Request" date="2025-10-18T21:42:32.633" instance="5b3f8a" url="/api/deployments/latest" method="GET" type="request" pid="823,1,28" Accept="*/*" Host="field-service-api.scm.azurewebsites.net" User-Agent="AZURECLI/2.74.0 (MSI)" Accept-Encoding="gzip, deflate" Authorization="Bas..." x-ms-client-request-id="45f9bed4-ac6b-11f0-8464-00051b860c5a" X-ARR-LOG-ID="45f9bed4-ac6b-11f0-8464-00051b860c5a" CLIENT-IP="24.32.74.177:50963" X-SITE-DEPLOYMENT-ID="field-service-api" WAS-DEFAULT-HOSTNAME="field-service-api.scm.azurewebsites.net" X-Forwarded-Proto="https" X-AppService-Proto="https" X-Forwarded-TlsVersion="1.3" X-WAWS-Unencoded-URL="/api/deployments/latest" X-Client-IP="24.32.74.177" X-Client-Port="50963" >
  <step title="Cleanup Xml Logs" date="2025-10-18T21:42:32.653" >
    <step title="Cleanup Infos" date="2025-10-18T21:42:32.799" totalFiles="292" totalCleanup="132" /><!-- duration: 40ms -->
  </step><!-- duration: 231ms -->
  <step title="DeploymentService.GetResult" date="2025-10-18T21:42:32.946" >
    <step title="DeploymentService.GetLatestDeployment" date="2025-10-18T21:42:32.962" >
      <step title="DeploymentManager.GetResults" date="2025-10-18T21:42:33.081" /><!-- duration: 2318ms -->
    </step><!-- duration: 2466ms -->
  </step><!-- duration: 2500ms -->
  <step title="Outgoing response" date="2025-10-18T21:42:35.488" type="response" statusCode="202" statusText="Accepted" /><!-- duration: 28ms -->
</step><!-- duration: 2903ms -->
