<step title="Incoming Request" date="2025-10-18T07:06:01.577" instance="b47714" url="/api/zipdeploy?isAsync=true" method="POST" type="request" pid="821,1,60" Accept="*/*" Host="field-service-api.scm.azurewebsites.net" User-Agent="AZURECLI/2.74.0 (MSI)" Accept-Encoding="gzip, deflate" Authorization="Bas..." Cache-Control="no-cache" Content-Type="application/octet-stream" Cookie="ARRAffinity=b47714df06fcf6a96ddfba3a284a2c5a08964eca8515ab3ca08cef25436c95a0; ARRAffinitySameSite=b47714df06fcf6a96ddfba3a284a2c5a08964eca8515ab3ca08cef25436c95a0" Content-Length="739672" x-ms-client-request-id="dd38476c-abf0-11f0-a73e-00051b860c5a" x-ms-artifact-checksum="940142caf8fc29e1453e07bee1527e14047fe5f2a428873128409baab2f89c23" X-ARR-LOG-ID="dd38476c-abf0-11f0-a73e-00051b860c5a" CLIENT-IP="24.32.74.177:56905" X-SITE-DEPLOYMENT-ID="field-service-api" WAS-DEFAULT-HOSTNAME="field-service-api.scm.azurewebsites.net" X-Forwarded-Proto="https" X-AppService-Proto="https" X-Forwarded-TlsVersion="1.3" X-WAWS-Unencoded-URL="/api/zipdeploy?isAsync=true" X-Client-IP="24.32.74.177" X-Client-Port="56905" >
  <step title="ZipPushDeploy" date="2025-10-18T07:06:01.610" >
    <step title="ZipDeploy. Extract zip. Remote build." date="2025-10-18T07:06:01.625" /><!-- duration: 5ms -->
    <step title="Starting PushDeployAsync" date="2025-10-18T07:06:01.641" /><!-- duration: 5ms -->
    <step title="Removing node_modules symlink" date="2025-10-18T07:06:01.656" >
      <step title="Writing artifact to /tmp/zipdeploy/d01bf9e0-123b-47dc-8efe-07d7a390a920.zip" date="2025-10-18T07:06:01.731" >
        <step title="Writing multipart request body to /tmp/zipdeploy/d01bf9e0-123b-47dc-8efe-07d7a390a920.zip" date="2025-10-18T07:06:01.739" /><!-- duration: 7ms -->
      </step><!-- duration: 733ms -->
      <step title="Removing previous build artifact&apos;s manifest file" date="2025-10-18T07:06:02.487" >
        <step title="Start deployment in the background" date="2025-10-18T07:06:02.501" >
          <step title="Acquiring Deployment Lock" date="2025-10-18T07:06:02.553" /><!-- duration: 6ms -->
          <step title="Acquired Deployment Lock" date="2025-10-18T07:06:02.622" /><!-- duration: 5ms -->
        </step><!-- duration: 228ms -->
      </step><!-- duration: 274ms -->
      <step title="Outgoing response" date="2025-10-18T07:06:02.770" type="response" statusCode="202" statusText="Accepted" /><!-- duration: 4ms -->
    </step><!-- duration: 1123ms -->
