<step title="BackgroundTrace" date="2025-10-18T06:04:29.888" instance="b47714" url="/api/zipdeploy" method="POST" >
  <step title="Cleanup Xml Logs" date="2025-10-18T06:04:29.891" /><!-- duration: 7ms -->
  <step title="Creating temporary deployment - FetchDeploymentManager" date="2025-10-18T06:04:29.972" /><!-- duration: 5ms -->
  <step title="Creating temporary deployment" date="2025-10-18T06:04:29.983" /><!-- duration: 91ms -->
  <step title="Performing fetch based deployment" date="2025-10-18T06:04:30.148" >
    <step title="Cleaning up temp folders from previous zip deployments and extracting pushed zip file /tmp/zipdeploy/42e3301a-ee0e-4fdf-897b-b572bdc83ac4.zip (0.70 MB) to /tmp/zipdeploy/extracted" date="2025-10-18T06:04:31.323" >
      <step title="ChmodRecursive Process exited with total time taken in ms: 19" date="2025-10-18T06:04:31.412" /><!-- duration: 12ms -->
    </step><!-- duration: 107ms -->
    <step title="Deployment timer started" date="2025-10-18T06:04:33.700" >
      <step title="DeploymentManager.Deploy(id:926ba20c-e39f-493e-b9e3-d4e73ef2432a)" date="2025-10-18T06:04:33.715" >
        <step title="Collecting changeset information" date="2025-10-18T06:04:33.741" /><!-- duration: 125ms -->
        <step title="Updating submodules" date="2025-10-18T06:04:33.874" /><!-- duration: 1139ms -->
        <step title="Determining deployment builder" date="2025-10-18T06:04:35.288" >
          <step title="Builder is OryxBuilder" date="2025-10-18T06:04:35.309" /><!-- duration: 4ms -->
        </step><!-- duration: 29ms -->
        <step title="PreDeployment: context.CleanOutputPath False" date="2025-10-18T06:04:35.374" >
          <step title="PreDeployment: context.OutputPath /home/site/wwwroot" date="2025-10-18T06:04:35.496" >
            <step title="Building" date="2025-10-18T06:04:35.636" >
              <step title="Executing external process" date="2025-10-18T06:04:36.209" type="process" path="bash" arguments="-c &quot;oryx build /tmp/zipdeploy/extracted -o /home/site/wwwroot --platform nodejs --platform-version 20 -p virtualenv_name= --log-file /tmp/build-debug.log  -i /tmp/8de0e0c36b2213b -p compress_node_modules=tar-gz | tee /tmp/oryx-build.log ; exit $PIPESTATUS &quot;" /><!-- duration: 23581ms -->
              <step title="Using GenericDeploymentLogParser" date="2025-10-18T06:05:00.233" /><!-- duration: 5ms -->
              <step title="Triggering recycle (preview mode disabled)." date="2025-10-18T06:05:01.614" /><!-- duration: 27ms -->
              <step title="Modified file to trigger a restart of the app container." date="2025-10-18T06:05:01.741" /><!-- duration: 14ms -->
              <step title="Skip function trigger and logicapp sync because function is not enabled." date="2025-10-18T06:05:01.765" /><!-- duration: 17ms -->
            </step><!-- duration: 27169ms -->
          </step><!-- duration: 27316ms -->
          <step title="Cleaning up temp files" date="2025-10-18T06:05:02.816" /><!-- duration: 433ms -->
          <step title="Cleaning up temp files" date="2025-10-18T06:05:03.258" /><!-- duration: 509ms -->
          <step title="Reloading status file with latest updates" date="2025-10-18T06:05:03.812" >
            <step title="WebHooksManager.PublishEventAsync: PostDeployment" date="2025-10-18T06:05:03.821" /><!-- duration: 37ms -->
          </step><!-- duration: 50ms -->
          <step title="Cleaning up temporary deployment - fetch deployment was successful" date="2025-10-18T06:05:03.868" /><!-- duration: 4ms -->
        </step><!-- duration: 28554ms -->
      </step><!-- duration: 30238ms -->
