<step title="Incoming Request" date="2025-10-18T19:47:23.357" instance="5b3f8a" url="/api/deployments/latest" method="GET" type="request" pid="823,1,15" Accept="*/*" Host="field-service-api.scm.azurewebsites.net" User-Agent="AZURECLI/2.74.0 (MSI)" Accept-Encoding="gzip, deflate" Authorization="Bas..." x-ms-client-request-id="1e3c1242-ac5b-11f0-a268-00051b860c5a" X-ARR-LOG-ID="1e3c1242-ac5b-11f0-a268-00051b860c5a" CLIENT-IP="24.32.74.177:51756" X-SITE-DEPLOYMENT-ID="field-service-api" WAS-DEFAULT-HOSTNAME="field-service-api.scm.azurewebsites.net" X-Forwarded-Proto="https" X-AppService-Proto="https" X-Forwarded-TlsVersion="1.3" X-WAWS-Unencoded-URL="/api/deployments/latest" X-Client-IP="24.32.74.177" X-Client-Port="51756" >
  <step title="Cleanup Xml Logs" date="2025-10-18T19:47:23.379" >
    <step title="Cleanup Infos" date="2025-10-18T19:47:23.526" totalFiles="230" totalCleanup="70" /><!-- duration: 18ms -->
  </step><!-- duration: 196ms -->
  <step title="DeploymentService.GetResult" date="2025-10-18T19:47:23.772" >
    <step title="DeploymentService.GetLatestDeployment" date="2025-10-18T19:47:23.809" >
      <step title="DeploymentManager.GetResults" date="2025-10-18T19:47:23.830" /><!-- duration: 1847ms -->
    </step><!-- duration: 1927ms -->
  </step><!-- duration: 2006ms -->
  <step title="Outgoing response" date="2025-10-18T19:47:25.877" type="response" statusCode="202" statusText="Accepted" /><!-- duration: 37ms -->
</step><!-- duration: 2586ms -->
