<step title="BackgroundTrace" date="2025-10-18T06:40:42.720" instance="b47714" url="/api/zipdeploy" method="POST" >
  <step title="Creating temporary deployment - FetchDeploymentManager" date="2025-10-18T06:40:42.825" /><!-- duration: 5ms -->
  <step title="Creating temporary deployment" date="2025-10-18T06:40:42.836" /><!-- duration: 68ms -->
  <step title="Performing fetch based deployment" date="2025-10-18T06:40:42.999" >
    <step title="Cleaning up temp folders from previous zip deployments and extracting pushed zip file /tmp/zipdeploy/8d08c021-4ae2-4627-9274-b76fa32b7975.zip (0.70 MB) to /tmp/zipdeploy/extracted" date="2025-10-18T06:40:44.136" >
      <step title="ChmodRecursive Process exited with total time taken in ms: 61" date="2025-10-18T06:40:44.300" /><!-- duration: 4ms -->
    </step><!-- duration: 172ms -->
    <step title="Deployment timer started" date="2025-10-18T06:40:46.323" >
      <step title="DeploymentManager.Deploy(id:e71903ed-bf66-4fdf-9a23-9515d8fcc744)" date="2025-10-18T06:40:46.332" >
        <step title="Collecting changeset information" date="2025-10-18T06:40:46.357" /><!-- duration: 594ms -->
        <step title="Updating submodules" date="2025-10-18T06:40:46.985" /><!-- duration: 1136ms -->
        <step title="Determining deployment builder" date="2025-10-18T06:40:48.712" >
          <step title="Builder is OryxBuilder" date="2025-10-18T06:40:48.738" /><!-- duration: 14ms -->
        </step><!-- duration: 49ms -->
        <step title="PreDeployment: context.CleanOutputPath False" date="2025-10-18T06:40:48.831" >
          <step title="PreDeployment: context.OutputPath /home/site/wwwroot" date="2025-10-18T06:40:48.999" >
            <step title="Building" date="2025-10-18T06:40:49.208" >
              <step title="Executing external process" date="2025-10-18T06:40:49.541" type="process" path="bash" arguments="-c &quot;oryx build /tmp/zipdeploy/extracted -o /home/site/wwwroot --platform nodejs --platform-version 20 -p virtualenv_name= --log-file /tmp/build-debug.log  -i /tmp/8de0e11462c1e29 -p compress_node_modules=tar-gz | tee /tmp/oryx-build.log ; exit $PIPESTATUS &quot;" /><!-- duration: 19704ms -->
              <step title="Using GenericDeploymentLogParser" date="2025-10-18T06:41:10.228" /><!-- duration: 6ms -->
              <step title="Triggering recycle (preview mode disabled)." date="2025-10-18T06:41:12.366" /><!-- duration: 6ms -->
              <step title="Modified file to trigger a restart of the app container." date="2025-10-18T06:41:12.470" /><!-- duration: 6ms -->
              <step title="Skip function trigger and logicapp sync because function is not enabled." date="2025-10-18T06:41:12.488" /><!-- duration: 8ms -->
            </step><!-- duration: 24543ms -->
          </step><!-- duration: 24760ms -->
          <step title="Cleaning up temp files" date="2025-10-18T06:41:13.763" /><!-- duration: 967ms -->
          <step title="Cleaning up temp files" date="2025-10-18T06:41:14.734" /><!-- duration: 506ms -->
          <step title="Reloading status file with latest updates" date="2025-10-18T06:41:15.275" >
            <step title="WebHooksManager.PublishEventAsync: PostDeployment" date="2025-10-18T06:41:15.283" /><!-- duration: 109ms -->
          </step><!-- duration: 125ms -->
          <step title="Cleaning up temporary deployment - fetch deployment was successful" date="2025-10-18T06:41:15.409" /><!-- duration: 4ms -->
        </step><!-- duration: 26670ms -->
      </step><!-- duration: 29197ms -->
