<step title="BackgroundTrace" date="2025-10-18T21:52:50.336" instance="5b3f8a" url="/api/zipdeploy" method="POST" >
  <step title="Cleanup Xml Logs" date="2025-10-18T21:52:50.341" >
    <step title="Cleanup Infos" date="2025-10-18T21:52:50.356" totalFiles="300" totalCleanup="140" /><!-- duration: 6ms -->
  </step><!-- duration: 24ms -->
  <step title="Creating temporary deployment - FetchDeploymentManager" date="2025-10-18T21:52:50.433" /><!-- duration: 20ms -->
  <step title="Creating temporary deployment" date="2025-10-18T21:52:50.457" /><!-- duration: 56ms -->
  <step title="Performing fetch based deployment" date="2025-10-18T21:52:50.565" >
    <step title="Cleaning up temp folders from previous zip deployments and extracting pushed zip file /tmp/zipdeploy/e6e008e9-57a6-47bb-bdd2-2cb1b0746278.zip (15.90 MB) to /tmp/zipdeploy/extracted" date="2025-10-18T21:52:51.771" >
      <step title="ChmodRecursive Process exited with total time taken in ms: 94" date="2025-10-18T21:52:52.412" /><!-- duration: 28ms -->
    </step><!-- duration: 680ms -->
    <step title="Deployment timer started" date="2025-10-18T21:52:54.491" >
      <step title="DeploymentManager.Deploy(id:812d479b-244e-41ec-9953-0799764c5f5b)" date="2025-10-18T21:52:54.511" >
        <step title="Collecting changeset information" date="2025-10-18T21:52:54.579" /><!-- duration: 120ms -->
        <step title="Updating submodules" date="2025-10-18T21:52:54.708" /><!-- duration: 1134ms -->
        <step title="Determining deployment builder" date="2025-10-18T21:52:56.209" >
          <step title="Builder is OryxBuilder" date="2025-10-18T21:52:56.234" /><!-- duration: 4ms -->
        </step><!-- duration: 45ms -->
        <step title="PreDeployment: context.CleanOutputPath False" date="2025-10-18T21:52:56.310" >
          <step title="PreDeployment: context.OutputPath /home/site/wwwroot" date="2025-10-18T21:52:56.521" >
            <step title="Building" date="2025-10-18T21:52:56.772" >
              <step title="Executing external process" date="2025-10-18T21:52:57.218" type="process" path="bash" arguments="-c &quot;oryx build /tmp/zipdeploy/extracted -o /home/site/wwwroot --platform nodejs --platform-version 20 -p virtualenv_name= --log-file /tmp/build-debug.log  -i /tmp/8de0e90b24d0f46 -p compress_node_modules=tar-gz | tee /tmp/oryx-build.log ; exit $PIPESTATUS &quot;" /><!-- duration: 70728ms -->
              <step title="Using GenericDeploymentLogParser" date="2025-10-18T21:54:08.436" /><!-- duration: 4ms -->
              <step title="Triggering recycle (preview mode disabled)." date="2025-10-18T21:54:09.870" /><!-- duration: 11ms -->
              <step title="Modified file to trigger a restart of the app container." date="2025-10-18T21:54:09.947" /><!-- duration: 5ms -->
              <step title="Skip function trigger and logicapp sync because function is not enabled." date="2025-10-18T21:54:09.977" /><!-- duration: 4ms -->
              <step title="Purge deployment items" date="2025-10-18T21:54:11.183" >
                <step title="Remove 78cb8b95-, Success, received at 10/18/2025 15:33:41" date="2025-10-18T21:54:11.244" /><!-- duration: 4ms -->
              </step><!-- duration: 69ms -->
            </step><!-- duration: 74562ms -->
          </step><!-- duration: 74816ms -->
          <step title="Cleaning up temp files" date="2025-10-18T21:54:11.340" /><!-- duration: 1866ms -->
          <step title="Cleaning up temp files" date="2025-10-18T21:54:13.224" /><!-- duration: 558ms -->
          <step title="Reloading status file with latest updates" date="2025-10-18T21:54:13.926" >
            <step title="WebHooksManager.PublishEventAsync: PostDeployment" date="2025-10-18T21:54:14.005" /><!-- duration: 96ms -->
          </step><!-- duration: 178ms -->
          <step title="Cleaning up temporary deployment - fetch deployment was successful" date="2025-10-18T21:54:14.114" /><!-- duration: 3ms -->
        </step><!-- duration: 77872ms -->
      </step><!-- duration: 79722ms -->
