<step title="Incoming Request" date="2025-10-19T00:06:19.681" instance="5b3f8a" url="/api/deployments/latest" method="GET" type="request" pid="823,1,38" Accept="*/*" Host="field-service-api.scm.azurewebsites.net" User-Agent="AZURECLI/2.74.0 (MSI)" Accept-Encoding="gzip, deflate" Authorization="Bas..." x-ms-client-request-id="6089ade1-ac7f-11f0-a62e-00051b860c5a" X-ARR-LOG-ID="6089ade1-ac7f-11f0-a62e-00051b860c5a" CLIENT-IP="24.32.74.177:55640" X-SITE-DEPLOYMENT-ID="field-service-api" WAS-DEFAULT-HOSTNAME="field-service-api.scm.azurewebsites.net" X-Forwarded-Proto="https" X-AppService-Proto="https" X-Forwarded-TlsVersion="1.3" X-WAWS-Unencoded-URL="/api/deployments/latest" X-Client-IP="24.32.74.177" X-Client-Port="55640" >
  <step title="Cleanup Xml Logs" date="2025-10-19T00:06:19.702" >
    <step title="Cleanup Infos" date="2025-10-19T00:06:19.734" totalFiles="459" totalCleanup="299" /><!-- duration: 7ms -->
  </step><!-- duration: 42ms -->
  <step title="DeploymentService.GetResult" date="2025-10-19T00:06:19.763" >
    <step title="DeploymentService.GetLatestDeployment" date="2025-10-19T00:06:19.766" >
      <step title="DeploymentManager.GetResults" date="2025-10-19T00:06:19.774" /><!-- duration: 974ms -->
    </step><!-- duration: 997ms -->
  </step><!-- duration: 1006ms -->
  <step title="Outgoing response" date="2025-10-19T00:06:20.794" type="response" statusCode="202" statusText="Accepted" /><!-- duration: 10ms -->
</step><!-- duration: 1127ms -->
