<step title="Incoming Request" date="2025-10-18T22:59:50.142" instance="5b3f8a" url="/api/deployments/latest" method="GET" type="request" pid="823,1,29" Accept="*/*" Host="field-service-api.scm.azurewebsites.net" User-Agent="AZURECLI/2.74.0 (MSI)" Accept-Encoding="gzip, deflate" Authorization="Bas..." x-ms-client-request-id="f7aab55b-ac75-11f0-8498-00051b860c5a" X-ARR-LOG-ID="f7aab55b-ac75-11f0-8498-00051b860c5a" CLIENT-IP="24.32.74.177:61914" X-SITE-DEPLOYMENT-ID="field-service-api" WAS-DEFAULT-HOSTNAME="field-service-api.scm.azurewebsites.net" X-Forwarded-Proto="https" X-AppService-Proto="https" X-Forwarded-TlsVersion="1.3" X-WAWS-Unencoded-URL="/api/deployments/latest" X-Client-IP="24.32.74.177" X-Client-Port="61914" >
  <step title="Cleanup Xml Logs" date="2025-10-18T22:59:50.172" >
    <step title="Cleanup Infos" date="2025-10-18T22:59:50.212" totalFiles="349" totalCleanup="189" /><!-- duration: 10ms -->
  </step><!-- duration: 55ms -->
  <step title="DeploymentService.GetResult" date="2025-10-18T22:59:50.241" >
    <step title="DeploymentService.GetLatestDeployment" date="2025-10-18T22:59:50.244" >
      <step title="DeploymentManager.GetResults" date="2025-10-18T22:59:50.247" /><!-- duration: 409ms -->
    </step><!-- duration: 417ms -->
  </step><!-- duration: 424ms -->
  <step title="Outgoing response" date="2025-10-18T22:59:50.671" type="response" statusCode="202" statusText="Accepted" /><!-- duration: 4ms -->
</step><!-- duration: 542ms -->
