<step title="BackgroundTrace" date="2025-10-18T16:36:16.332" instance="5b3f8a" url="/api/zipdeploy" method="POST" >
  <step title="Cleanup Xml Logs" date="2025-10-18T16:36:16.342" /><!-- duration: 27ms -->
  <step title="Creating temporary deployment - FetchDeploymentManager" date="2025-10-18T16:36:16.555" /><!-- duration: 3ms -->
  <step title="Creating temporary deployment" date="2025-10-18T16:36:16.575" /><!-- duration: 166ms -->
  <step title="Performing fetch based deployment" date="2025-10-18T16:36:16.974" >
    <step title="Cleaning up temp folders from previous zip deployments and extracting pushed zip file /tmp/zipdeploy/b29109bd-b83b-4e13-94da-5bff2ce8a049.zip (171.24 MB) to /tmp/zipdeploy/extracted" date="2025-10-18T16:36:18.420" >
      <step title="ChmodRecursive Process exited with total time taken in ms: 742" date="2025-10-18T16:36:34.189" /><!-- duration: 11ms -->
    </step><!-- duration: 15789ms -->
    <step title="Deployment timer started" date="2025-10-18T16:36:36.292" >
      <step title="DeploymentManager.Deploy(id:e22f6a88-3cf1-4ad0-9d6c-0ae1e6cdb77c)" date="2025-10-18T16:36:36.341" >
        <step title="Collecting changeset information" date="2025-10-18T16:36:36.533" /><!-- duration: 217ms -->
        <step title="Updating submodules" date="2025-10-18T16:36:36.768" /><!-- duration: 1252ms -->
        <step title="Determining deployment builder" date="2025-10-18T16:36:39.320" >
          <step title="Builder is OryxBuilder" date="2025-10-18T16:36:39.397" /><!-- duration: 30ms -->
        </step><!-- duration: 116ms -->
        <step title="PreDeployment: context.CleanOutputPath False" date="2025-10-18T16:36:39.525" >
          <step title="PreDeployment: context.OutputPath /home/site/wwwroot" date="2025-10-18T16:36:39.745" >
            <step title="Building" date="2025-10-18T16:36:40.279" >
              <step title="Executing external process" date="2025-10-18T16:36:41.199" type="process" path="bash" arguments="-c &quot;oryx build /tmp/zipdeploy/extracted -o /home/site/wwwroot --platform nodejs --platform-version 20 -p virtualenv_name= --log-file /tmp/build-debug.log  -i /tmp/8de0e64833d9b97 -p compress_node_modules=tar-gz | tee /tmp/oryx-build.log ; exit $PIPESTATUS &quot;" >
                <step title="Cpu: npm install(1013,12.760s)+build.sh(892,0.080s)+oryx(871,8.350s)+tee(872,0.000s)+bash(870,0.000s)=total(21.160s)" date="2025-10-18T16:39:08.609" /><!-- duration: 56ms -->
                <step title="bash: no io activity for 60s, prev-cpu=-1.000s, current-cpu=21.160s" date="2025-10-18T16:39:08.727" /><!-- duration: 38ms -->
                <step title="Error occurred" date="2025-10-18T16:40:39.839" type="error" text="GetParentProcessLinux (1072) failed.: Could not find a part of the path &apos;/proc/1072/stat&apos;." stackTrace="   at Interop.ThrowExceptionForIoErrno(ErrorInfo errorInfo, String path, Boolean isDirError)
   at Microsoft.Win32.SafeHandles.SafeFileHandle.Open(String fullPath, FileMode mode, FileAccess access, FileShare share, FileOptions options, Int64 preallocationSize, UnixFileMode openPermissions, Int64&amp; fileLength, UnixFileMode&amp; filePermissions, Boolean failForSymlink, Boolean&amp; wasSymlink, Func`4 createOpenException)
   at System.IO.Strategies.OSFileStreamStrategy..ctor(String path, FileMode mode, FileAccess access, FileShare share, FileOptions options, Int64 preallocationSize, Nullable`1 unixCreateMode)
   at System.IO.StreamReader.ValidateArgsAndOpenPath(String path, Encoding encoding, Int32 bufferSize)
   at System.IO.File.ReadLines(String path)
   at Kudu.Core.Infrastructure.ProcessExtensions.GetParentProcessLinux(Process process, ITracer tracer) in /tmp/KuduLite/Kudu.Core/Infrastructure/ProcessExtensions.cs:line 155" /><!-- duration: 58ms -->
                <step title="Cpu: npm install(1013,35.670s)+build.sh(892,0.080s)+oryx(871,9.370s)+tee(872,0.000s)+bash(870,0.000s)=total(45.120s)" date="2025-10-18T16:40:40.445" /><!-- duration: 88ms -->
                <step title="bash: no io activity for 61s, prev-cpu=-1.000s, current-cpu=45.120s" date="2025-10-18T16:40:40.886" /><!-- duration: 30ms -->
                <step title="Cpu: npm install(1013,64.980s)+build.sh(892,0.080s)+oryx(871,9.980s)+tee(872,0.000s)+bash(870,0.000s)=total(75.040s)" date="2025-10-18T16:41:41.561" /><!-- duration: 59ms -->
                <step title="bash: no io activity for 125s, prev-cpu=45.120s, current-cpu=75.040s" date="2025-10-18T16:41:41.656" /><!-- duration: 19ms -->
                <step title="Cpu: node(1161,21.520s)+sh(1160,0.000s)+npm run build(1146,0.820s)+build.sh(892,0.090s)+oryx(871,10.790s)+tee(872,0.010s)+bash(870,0.000s)=total(33.160s)" date="2025-10-18T16:43:14.156" /><!-- duration: 78ms -->
                <step title="bash: no io activity for 61s, prev-cpu=-1.000s, current-cpu=33.160s" date="2025-10-18T16:43:14.325" /><!-- duration: 20ms -->
                <step title="Cpu: node(1161,48.590s)+sh(1160,0.000s)+npm run build(1146,0.820s)+build.sh(892,0.090s)+oryx(871,11.220s)+tee(872,0.010s)+bash(870,0.000s)=total(60.730s)" date="2025-10-18T16:44:14.742" /><!-- duration: 39ms -->
                <step title="bash: no io activity for 122s, prev-cpu=33.160s, current-cpu=60.730s" date="2025-10-18T16:44:14.809" /><!-- duration: 11ms -->
                <step title="Cpu: gzip(1271,8.940s)+sh(1270,0.000s)+tar(1269,2.240s)+build.sh(892,0.110s)+oryx(871,12.080s)+tee(872,0.010s)+bash(870,0.000s)=total(23.360s)" date="2025-10-18T16:46:33.968" /><!-- duration: 21ms -->
                <step title="bash: no io activity for 60s, prev-cpu=-1.000s, current-cpu=23.360s" date="2025-10-18T16:46:34.059" /><!-- duration: 60ms -->
                <step title="Cpu: gzip(1271,17.830s)+sh(1270,0.000s)+tar(1269,5.650s)+build.sh(892,0.110s)+oryx(871,12.290s)+tee(872,0.010s)+bash(870,0.000s)=total(35.890s)" date="2025-10-18T16:47:35.426" /><!-- duration: 47ms -->
                <step title="bash: no io activity for 122s, prev-cpu=23.360s, current-cpu=35.890s" date="2025-10-18T16:47:35.933" /><!-- duration: 4ms -->
                <step title="Error occurred" date="2025-10-18T16:48:38.149" type="error" text="GetParentProcessLinux (1339) failed.: Could not find a part of the path &apos;/proc/1339/stat&apos;." stackTrace="   at Interop.ThrowExceptionForIoErrno(ErrorInfo errorInfo, String path, Boolean isDirError)
   at Microsoft.Win32.SafeHandles.SafeFileHandle.Open(String fullPath, FileMode mode, FileAccess access, FileShare share, FileOptions options, Int64 preallocationSize, UnixFileMode openPermissions, Int64&amp; fileLength, UnixFileMode&amp; filePermissions, Boolean failForSymlink, Boolean&amp; wasSymlink, Func`4 createOpenException)
   at System.IO.Strategies.OSFileStreamStrategy..ctor(String path, FileMode mode, FileAccess access, FileShare share, FileOptions options, Int64 preallocationSize, Nullable`1 unixCreateMode)
   at Kudu.Core.Infrastructure.ProcessExtensions.GetParentProcessLinux(Process process, ITracer tracer) in /tmp/KuduLite/Kudu.Core/Infrastructure/ProcessExtensions.cs:line 153" /><!-- duration: 71ms -->
                <step title="Cpu: gzip(1271,21.130s)+sh(1270,0.000s)+tar(1269,8.490s)+build.sh(892,0.110s)+oryx(871,12.510s)+tee(872,0.010s)+bash(870,0.000s)=total(42.240s)" date="2025-10-18T16:48:38.556" /><!-- duration: 37ms -->
                <step title="bash: no io activity for 184s, prev-cpu=35.890s, current-cpu=42.240s" date="2025-10-18T16:48:38.701" /><!-- duration: 84ms -->
              </step><!-- duration: 751883ms -->
              <step title="Using GenericDeploymentLogParser" date="2025-10-18T16:49:13.834" /><!-- duration: 10ms -->
              <step title="Triggering recycle (preview mode disabled)." date="2025-10-18T16:49:16.427" /><!-- duration: 12ms -->
              <step title="Modified file to trigger a restart of the app container." date="2025-10-18T16:49:16.499" /><!-- duration: 34ms -->
              <step title="Skip function trigger and logicapp sync because function is not enabled." date="2025-10-18T16:49:16.588" /><!-- duration: 4ms -->
              <step title="Purge deployment items" date="2025-10-18T16:49:18.647" >
                <step title="Remove d6c96506-, Failed, received at 10/18/2025 16:20:13" date="2025-10-18T16:49:18.852" /><!-- duration: 8ms -->
                <step title="Remove 2e888d76-, Success, received at 10/18/2025 07:19:44" date="2025-10-18T16:49:18.959" /><!-- duration: 3ms -->
              </step><!-- duration: 322ms -->
            </step><!-- duration: 758775ms -->
          </step><!-- duration: 759317ms -->
          <step title="Cleaning up temp files" date="2025-10-18T16:49:19.071" /><!-- duration: 15519ms -->
          <step title="Cleaning up temp files" date="2025-10-18T16:49:34.610" /><!-- duration: 545ms -->
          <step title="Reloading status file with latest updates" date="2025-10-18T16:49:35.180" >
            <step title="WebHooksManager.PublishEventAsync: PostDeployment" date="2025-10-18T16:49:35.190" /><!-- duration: 278ms -->
          </step><!-- duration: 292ms -->
          <step title="Cleaning up temporary deployment - fetch deployment was successful" date="2025-10-18T16:49:35.483" /><!-- duration: 3ms -->
        </step><!-- duration: 776040ms -->
      </step><!-- duration: 779327ms -->
