<step title="Incoming Request" date="2025-10-18T21:52:54.874" instance="5b3f8a" url="/api/deployments/latest" method="GET" type="request" pid="823,1,40" Accept="*/*" Host="field-service-api.scm.azurewebsites.net" User-Agent="AZURECLI/2.74.0 (MSI)" Accept-Encoding="gzip, deflate" Authorization="Bas..." x-ms-client-request-id="bde550b8-ac6c-11f0-94d6-00051b860c5a" X-ARR-LOG-ID="bde550b8-ac6c-11f0-94d6-00051b860c5a" CLIENT-IP="24.32.74.177:57699" X-SITE-DEPLOYMENT-ID="field-service-api" WAS-DEFAULT-HOSTNAME="field-service-api.scm.azurewebsites.net" X-Forwarded-Proto="https" X-AppService-Proto="https" X-Forwarded-TlsVersion="1.3" X-WAWS-Unencoded-URL="/api/deployments/latest" X-Client-IP="24.32.74.177" X-Client-Port="57699" >
  <step title="Cleanup Xml Logs" date="2025-10-18T21:52:54.911" >
    <step title="Cleanup Infos" date="2025-10-18T21:52:54.931" totalFiles="301" totalCleanup="141" /><!-- duration: 6ms -->
  </step><!-- duration: 29ms -->
  <step title="DeploymentService.GetResult" date="2025-10-18T21:52:54.967" >
    <step title="DeploymentService.GetLatestDeployment" date="2025-10-18T21:52:54.977" >
      <step title="DeploymentManager.GetResults" date="2025-10-18T21:52:54.985" /><!-- duration: 790ms -->
    </step><!-- duration: 806ms -->
  </step><!-- duration: 822ms -->
  <step title="Outgoing response" date="2025-10-18T21:52:55.797" type="response" statusCode="202" statusText="Accepted" /><!-- duration: 4ms -->
</step><!-- duration: 932ms -->
