<step title="Incoming Request" date="2025-10-18T22:38:01.374" instance="5b3f8a" url="/api/deployments/latest" method="GET" type="request" pid="823,1,47" Accept="*/*" Host="field-service-api.scm.azurewebsites.net" User-Agent="AZURECLI/2.74.0 (MSI)" Accept-Encoding="gzip, deflate" Authorization="Bas..." x-ms-client-request-id="dd423d4e-ac72-11f0-b098-00051b860c5a" X-ARR-LOG-ID="dd423d4e-ac72-11f0-b098-00051b860c5a" CLIENT-IP="24.32.74.177:55545" X-SITE-DEPLOYMENT-ID="field-service-api" WAS-DEFAULT-HOSTNAME="field-service-api.scm.azurewebsites.net" X-Forwarded-Proto="https" X-AppService-Proto="https" X-Forwarded-TlsVersion="1.3" X-WAWS-Unencoded-URL="/api/deployments/latest" X-Client-IP="24.32.74.177" X-Client-Port="55545" >
  <step title="Cleanup Xml Logs" date="2025-10-18T22:38:01.382" >
    <step title="Cleanup Infos" date="2025-10-18T22:38:01.399" totalFiles="322" totalCleanup="162" /><!-- duration: 18ms -->
  </step><!-- duration: 38ms -->
  <step title="DeploymentService.GetResult" date="2025-10-18T22:38:01.426" >
    <step title="DeploymentService.GetLatestDeployment" date="2025-10-18T22:38:01.429" >
      <step title="DeploymentManager.GetResults" date="2025-10-18T22:38:01.433" /><!-- duration: 827ms -->
    </step><!-- duration: 836ms -->
  </step><!-- duration: 874ms -->
  <step title="Outgoing response" date="2025-10-18T22:38:02.331" type="response" statusCode="202" statusText="Accepted" /><!-- duration: 9ms -->
</step><!-- duration: 983ms -->
