<step title="Incoming Request" date="2025-10-18T23:42:46.566" instance="5b3f8a" url="/api/deployments/latest" method="GET" type="request" pid="823,1,16" Accept="*/*" Host="field-service-api.scm.azurewebsites.net" User-Agent="AZURECLI/2.74.0 (MSI)" Accept-Encoding="gzip, deflate" Authorization="Bas..." x-ms-client-request-id="eabc6463-ac7b-11f0-ba92-00051b860c5a" X-ARR-LOG-ID="eabc6463-ac7b-11f0-ba92-00051b860c5a" CLIENT-IP="24.32.74.177:62343" X-SITE-DEPLOYMENT-ID="field-service-api" WAS-DEFAULT-HOSTNAME="field-service-api.scm.azurewebsites.net" X-Forwarded-Proto="https" X-AppService-Proto="https" X-Forwarded-TlsVersion="1.3" X-WAWS-Unencoded-URL="/api/deployments/latest" X-Client-IP="24.32.74.177" X-Client-Port="62343" >
  <step title="Cleanup Xml Logs" date="2025-10-18T23:42:46.575" >
    <step title="Cleanup Infos" date="2025-10-18T23:42:46.712" totalFiles="421" totalCleanup="261" /><!-- duration: 36ms -->
  </step><!-- duration: 215ms -->
  <step title="DeploymentService.GetResult" date="2025-10-18T23:42:46.886" >
    <step title="DeploymentService.GetLatestDeployment" date="2025-10-18T23:42:46.924" >
      <step title="DeploymentManager.GetResults" date="2025-10-18T23:42:46.954" /><!-- duration: 1920ms -->
    </step><!-- duration: 1978ms -->
  </step><!-- duration: 2048ms -->
  <step title="Outgoing response" date="2025-10-18T23:42:48.984" type="response" statusCode="202" statusText="Accepted" /><!-- duration: 56ms -->
</step><!-- duration: 2505ms -->
