<step title="BackgroundTrace" date="2025-10-18T07:06:02.507" instance="b47714" url="/api/zipdeploy" method="POST" >
  <step title="Cleanup Xml Logs" date="2025-10-18T07:06:02.526" /><!-- duration: 13ms -->
  <step title="Creating temporary deployment - FetchDeploymentManager" date="2025-10-18T07:06:02.632" /><!-- duration: 4ms -->
  <step title="Creating temporary deployment" date="2025-10-18T07:06:02.642" /><!-- duration: 82ms -->
  <step title="Performing fetch based deployment" date="2025-10-18T07:06:02.796" >
    <step title="Cleaning up temp folders from previous zip deployments and extracting pushed zip file /tmp/zipdeploy/d01bf9e0-123b-47dc-8efe-07d7a390a920.zip (0.71 MB) to /tmp/zipdeploy/extracted" date="2025-10-18T07:06:04.032" >
      <step title="ChmodRecursive Process exited with total time taken in ms: 22" date="2025-10-18T07:06:04.330" /><!-- duration: 5ms -->
    </step><!-- duration: 310ms -->
    <step title="Deployment timer started" date="2025-10-18T07:06:06.559" >
      <step title="DeploymentManager.Deploy(id:e2d6e205-8841-4b9a-857c-1ae30026e9da)" date="2025-10-18T07:06:06.572" >
        <step title="Collecting changeset information" date="2025-10-18T07:06:06.605" /><!-- duration: 228ms -->
        <step title="Updating submodules" date="2025-10-18T07:06:06.848" /><!-- duration: 1478ms -->
        <step title="Determining deployment builder" date="2025-10-18T07:06:10.121" >
          <step title="Builder is OryxBuilder" date="2025-10-18T07:06:10.141" /><!-- duration: 4ms -->
        </step><!-- duration: 501ms -->
        <step title="PreDeployment: context.CleanOutputPath False" date="2025-10-18T07:06:11.363" >
          <step title="PreDeployment: context.OutputPath /home/site/wwwroot" date="2025-10-18T07:06:11.804" >
            <step title="Building" date="2025-10-18T07:06:11.972" >
              <step title="Executing external process" date="2025-10-18T07:06:12.337" type="process" path="bash" arguments="-c &quot;oryx build /tmp/zipdeploy/extracted -o /home/site/wwwroot --platform nodejs --platform-version 20 -p virtualenv_name= --log-file /tmp/build-debug.log  -i /tmp/8de0e14d15ad341 -p compress_node_modules=tar-gz | tee /tmp/oryx-build.log ; exit $PIPESTATUS &quot;" /><!-- duration: 26657ms -->
              <step title="Using GenericDeploymentLogParser" date="2025-10-18T07:06:39.449" /><!-- duration: 9ms -->
              <step title="Triggering recycle (preview mode disabled)." date="2025-10-18T07:06:41.500" /><!-- duration: 11ms -->
              <step title="Modified file to trigger a restart of the app container." date="2025-10-18T07:06:41.561" /><!-- duration: 5ms -->
              <step title="Skip function trigger and logicapp sync because function is not enabled." date="2025-10-18T07:06:41.584" /><!-- duration: 6ms -->
            </step><!-- duration: 30689ms -->
          </step><!-- duration: 30870ms -->
          <step title="Cleaning up temp files" date="2025-10-18T07:06:42.680" /><!-- duration: 1848ms -->
          <step title="Cleaning up temp files" date="2025-10-18T07:06:44.536" /><!-- duration: 508ms -->
          <step title="Reloading status file with latest updates" date="2025-10-18T07:06:45.221" >
            <step title="WebHooksManager.PublishEventAsync: PostDeployment" date="2025-10-18T07:06:45.251" /><!-- duration: 66ms -->
          </step><!-- duration: 109ms -->
          <step title="Cleaning up temporary deployment - fetch deployment was successful" date="2025-10-18T07:06:45.353" /><!-- duration: 51ms -->
        </step><!-- duration: 34129ms -->
      </step><!-- duration: 38954ms -->
