<step title="BackgroundTrace" date="2025-10-18T23:20:32.303" instance="5b3f8a" url="/api/zipdeploy" method="POST" >
  <step title="Cleanup Xml Logs" date="2025-10-18T23:20:32.311" >
    <step title="Cleanup Infos" date="2025-10-18T23:20:32.325" totalFiles="387" totalCleanup="227" /><!-- duration: 6ms -->
  </step><!-- duration: 23ms -->
  <step title="Creating temporary deployment - FetchDeploymentManager" date="2025-10-18T23:20:32.402" /><!-- duration: 7ms -->
  <step title="Creating temporary deployment" date="2025-10-18T23:20:32.428" /><!-- duration: 116ms -->
  <step title="Performing fetch based deployment" date="2025-10-18T23:20:32.641" >
    <step title="Cleaning up temp folders from previous zip deployments and extracting pushed zip file /tmp/zipdeploy/7b7a8af4-8b66-4e9f-b456-3ad0d326cf33.zip (171.20 MB) to /tmp/zipdeploy/extracted" date="2025-10-18T23:20:34.050" >
      <step title="ChmodRecursive Process exited with total time taken in ms: 148" date="2025-10-18T23:20:39.496" /><!-- duration: 10ms -->
    </step><!-- duration: 5465ms -->
    <step title="Deployment timer started" date="2025-10-18T23:20:41.566" >
      <step title="DeploymentManager.Deploy(id:7d237419-3d87-4f4c-972b-8f1bb2038371)" date="2025-10-18T23:20:41.574" >
        <step title="Collecting changeset information" date="2025-10-18T23:20:41.632" /><!-- duration: 438ms -->
        <step title="Updating submodules" date="2025-10-18T23:20:42.081" /><!-- duration: 1155ms -->
        <step title="Determining deployment builder" date="2025-10-18T23:20:43.535" >
          <step title="Builder is OryxBuilder" date="2025-10-18T23:20:43.563" /><!-- duration: 3ms -->
        </step><!-- duration: 38ms -->
        <step title="PreDeployment: context.CleanOutputPath False" date="2025-10-18T23:20:43.635" >
          <step title="PreDeployment: context.OutputPath /home/site/wwwroot" date="2025-10-18T23:20:43.780" >
            <step title="Building" date="2025-10-18T23:20:43.933" >
              <step title="Executing external process" date="2025-10-18T23:20:44.354" type="process" path="bash" arguments="-c &quot;oryx build /tmp/zipdeploy/extracted -o /home/site/wwwroot --platform nodejs --platform-version 20 -p virtualenv_name= --log-file /tmp/build-debug.log  -i /tmp/8de0e9cf5dd7398 -p compress_node_modules=tar-gz | tee /tmp/oryx-build.log ; exit $PIPESTATUS &quot;" >
                <step title="Cpu: npm install(5901,49.680s)+build.sh(5816,0.020s)+oryx(5795,6.150s)+tee(5796,0.000s)+bash(5794,0.000s)=total(55.820s)" date="2025-10-18T23:22:37.050" /><!-- duration: 38ms -->
                <step title="bash: no io activity for 61s, prev-cpu=-1.000s, current-cpu=55.820s" date="2025-10-18T23:22:37.185" /><!-- duration: 31ms -->
                <step title="Cpu: npm install(5901,70.660s)+build.sh(5816,0.020s)+oryx(5795,6.290s)+tee(5796,0.010s)+bash(5794,0.000s)=total(75.670s)" date="2025-10-18T23:23:40.814" /><!-- duration: 25ms -->
                <step title="bash: no io activity for 126s, prev-cpu=55.820s, current-cpu=75.670s" date="2025-10-18T23:23:40.886" /><!-- duration: 18ms -->
                <step title="Cpu: node(6017,15.460s)+sh(6016,0.000s)+npm run build(6005,0.600s)+build.sh(5816,0.030s)+oryx(5795,6.600s)+tee(5796,0.010s)+bash(5794,0.000s)=total(22.670s)" date="2025-10-18T23:24:43.288" /><!-- duration: 50ms -->
                <step title="bash: no io activity for 60s, prev-cpu=-1.000s, current-cpu=22.670s" date="2025-10-18T23:24:43.658" /><!-- duration: 188ms -->
              </step><!-- duration: 390060ms -->
              <step title="Using GenericDeploymentLogParser" date="2025-10-18T23:27:15.551" /><!-- duration: 21ms -->
              <step title="Triggering recycle (preview mode disabled)." date="2025-10-18T23:27:18.241" /><!-- duration: 40ms -->
              <step title="Modified file to trigger a restart of the app container." date="2025-10-18T23:27:18.385" /><!-- duration: 27ms -->
              <step title="Skip function trigger and logicapp sync because function is not enabled." date="2025-10-18T23:27:18.444" /><!-- duration: 39ms -->
              <step title="Purge deployment items" date="2025-10-18T23:27:20.672" >
                <step title="Remove 0611afdd-, Success, received at 10/18/2025 19:52:43" date="2025-10-18T23:27:20.904" /><!-- duration: 49ms -->
              </step><!-- duration: 292ms -->
            </step><!-- duration: 397145ms -->
          </step><!-- duration: 397348ms -->
          <step title="Cleaning up temp files" date="2025-10-18T23:27:21.139" /><!-- duration: 23148ms -->
          <step title="Cleaning up temp files" date="2025-10-18T23:27:44.306" /><!-- duration: 581ms -->
          <step title="Reloading status file with latest updates" date="2025-10-18T23:27:45.062" >
            <step title="WebHooksManager.PublishEventAsync: PostDeployment" date="2025-10-18T23:27:45.177" /><!-- duration: 389ms -->
          </step><!-- duration: 581ms -->
          <step title="Cleaning up temporary deployment - fetch deployment was successful" date="2025-10-18T23:27:45.860" /><!-- duration: 82ms -->
        </step><!-- duration: 422501ms -->
      </step><!-- duration: 424650ms -->
