<step title="Incoming Request" date="2025-10-19T05:04:50.664" instance="5b3f8a" url="/api/deployments/latest" method="GET" type="request" pid="823,1,36" Accept="*/*" Host="field-service-api.scm.azurewebsites.net" User-Agent="AZURECLI/2.74.0 (MSI)" Accept-Encoding="gzip, deflate" Authorization="Bas..." x-ms-client-request-id="13775700-aca9-11f0-a808-00051b860c5a" X-ARR-LOG-ID="13775700-aca9-11f0-a808-00051b860c5a" CLIENT-IP="24.32.74.177:63215" X-SITE-DEPLOYMENT-ID="field-service-api" WAS-DEFAULT-HOSTNAME="field-service-api.scm.azurewebsites.net" X-Forwarded-Proto="https" X-AppService-Proto="https" X-Forwarded-TlsVersion="1.3" X-WAWS-Unencoded-URL="/api/deployments/latest" X-Client-IP="24.32.74.177" X-Client-Port="63215" >
  <step title="Cleanup Xml Logs" date="2025-10-19T05:04:50.668" >
    <step title="Cleanup Infos" date="2025-10-19T05:04:50.697" totalFiles="470" totalCleanup="310" /><!-- duration: 7ms -->
  </step><!-- duration: 42ms -->
  <step title="DeploymentService.GetResult" date="2025-10-19T05:04:50.730" >
    <step title="DeploymentService.GetLatestDeployment" date="2025-10-19T05:04:50.734" >
      <step title="DeploymentManager.GetResults" date="2025-10-19T05:04:50.741" /><!-- duration: 878ms -->
    </step><!-- duration: 895ms -->
  </step><!-- duration: 912ms -->
  <step title="Outgoing response" date="2025-10-19T05:04:51.650" type="response" statusCode="202" statusText="Accepted" /><!-- duration: 4ms -->
</step><!-- duration: 994ms -->
