<step title="BackgroundTrace" date="2025-10-18T13:06:02.902" instance="b47714" url="/api/zipdeploy" method="POST" >
  <step title="Cleanup Xml Logs" date="2025-10-18T13:06:02.909" /><!-- duration: 18ms -->
  <step title="Creating temporary deployment - FetchDeploymentManager" date="2025-10-18T13:06:03.060" /><!-- duration: 6ms -->
  <step title="Creating temporary deployment" date="2025-10-18T13:06:03.077" /><!-- duration: 101ms -->
  <step title="Performing fetch based deployment" date="2025-10-18T13:06:03.246" >
    <step title="Cleaning up temp folders from previous zip deployments and extracting pushed zip file /tmp/zipdeploy/c5428c61-2c9c-4f6e-a2df-55526f37afc4.zip (0.71 MB) to /tmp/zipdeploy/extracted" date="2025-10-18T13:06:04.994" >
      <step title="ChmodRecursive Process exited with total time taken in ms: 39" date="2025-10-18T13:06:08.222" /><!-- duration: 6ms -->
    </step><!-- duration: 3246ms -->
    <step title="Deployment timer started" date="2025-10-18T13:06:10.360" >
      <step title="DeploymentManager.Deploy(id:60bae238-0ccf-4c08-8028-ef429aaf09bf)" date="2025-10-18T13:06:10.373" >
        <step title="Collecting changeset information" date="2025-10-18T13:06:10.396" /><!-- duration: 139ms -->
        <step title="Updating submodules" date="2025-10-18T13:06:10.546" /><!-- duration: 1193ms -->
        <step title="Determining deployment builder" date="2025-10-18T13:06:12.026" >
          <step title="Builder is OryxBuilder" date="2025-10-18T13:06:12.041" /><!-- duration: 4ms -->
        </step><!-- duration: 40ms -->
        <step title="PreDeployment: context.CleanOutputPath False" date="2025-10-18T13:06:12.975" >
          <step title="PreDeployment: context.OutputPath /home/site/wwwroot" date="2025-10-18T13:06:13.147" >
            <step title="Building" date="2025-10-18T13:06:13.299" >
              <step title="Executing external process" date="2025-10-18T13:06:13.729" type="process" path="bash" arguments="-c &quot;oryx build /tmp/zipdeploy/extracted -o /home/site/wwwroot --platform nodejs --platform-version 20 -p virtualenv_name= --log-file /tmp/build-debug.log  -i /tmp/8de0e471cbc99f1 -p compress_node_modules=tar-gz | tee /tmp/oryx-build.log ; exit $PIPESTATUS &quot;" /><!-- duration: 30633ms -->
              <step title="Using GenericDeploymentLogParser" date="2025-10-18T13:06:44.860" /><!-- duration: 31ms -->
              <step title="Triggering recycle (preview mode disabled)." date="2025-10-18T13:06:46.499" /><!-- duration: 7ms -->
              <step title="Modified file to trigger a restart of the app container." date="2025-10-18T13:06:46.554" /><!-- duration: 8ms -->
              <step title="Skip function trigger and logicapp sync because function is not enabled." date="2025-10-18T13:06:46.591" /><!-- duration: 7ms -->
              <step title="Purge deployment items" date="2025-10-18T13:06:49.076" >
                <step title="Remove 008eca82-, Success, received at 10/18/2025 04:38:01" date="2025-10-18T13:06:49.239" /><!-- duration: 106ms -->
              </step><!-- duration: 281ms -->
            </step><!-- duration: 36147ms -->
          </step><!-- duration: 36343ms -->
          <step title="Cleaning up temp files" date="2025-10-18T13:06:49.496" /><!-- duration: 2718ms -->
          <step title="Cleaning up temp files" date="2025-10-18T13:06:52.219" /><!-- duration: 538ms -->
          <step title="Reloading status file with latest updates" date="2025-10-18T13:06:52.800" >
            <step title="WebHooksManager.PublishEventAsync: PostDeployment" date="2025-10-18T13:06:52.934" /><!-- duration: 161ms -->
          </step><!-- duration: 312ms -->
          <step title="Cleaning up temporary deployment - fetch deployment was successful" date="2025-10-18T13:06:53.121" /><!-- duration: 4ms -->
        </step><!-- duration: 40241ms -->
      </step><!-- duration: 42871ms -->
