<step title="BackgroundTrace" date="2025-10-17T21:10:34.345" instance="8c12c4" url="/api/zipdeploy" method="POST" >
  <step title="Creating temporary deployment - FetchDeploymentManager" date="2025-10-17T21:10:34.482" /><!-- duration: 3ms -->
  <step title="Creating temporary deployment" date="2025-10-17T21:10:34.489" /><!-- duration: 77ms -->
  <step title="Performing fetch based deployment" date="2025-10-17T21:10:34.622" >
    <step title="Cleaning up temp folders from previous zip deployments and extracting pushed zip file /tmp/zipdeploy/42059320-d24a-4cb0-a7ea-9b2963d7cf6e.zip (0.67 MB) to /tmp/zipdeploy/extracted" date="2025-10-17T21:10:35.854" >
      <step title="ChmodRecursive Process exited with total time taken in ms: 42" date="2025-10-17T21:10:36.093" /><!-- duration: 3ms -->
    </step><!-- duration: 248ms -->
    <step title="Deployment timer started" date="2025-10-17T21:10:38.124" >
      <step title="DeploymentManager.Deploy(id:bb79ab92-93f7-4b78-820f-69827f8f16d3)" date="2025-10-17T21:10:38.146" >
        <step title="Collecting changeset information" date="2025-10-17T21:10:38.196" /><!-- duration: 151ms -->
        <step title="Updating submodules" date="2025-10-17T21:10:38.352" /><!-- duration: 1118ms -->
        <step title="Determining deployment builder" date="2025-10-17T21:10:39.682" >
          <step title="Builder is OryxBuilder" date="2025-10-17T21:10:39.710" /><!-- duration: 2ms -->
        </step><!-- duration: 34ms -->
        <step title="PreDeployment: context.CleanOutputPath False" date="2025-10-17T21:10:39.765" >
          <step title="PreDeployment: context.OutputPath /home/site/wwwroot" date="2025-10-17T21:10:39.899" >
            <step title="Building" date="2025-10-17T21:10:40.584" >
              <step title="Executing external process" date="2025-10-17T21:10:40.875" type="process" path="bash" arguments="-c &quot;oryx build /tmp/zipdeploy/extracted -o /home/site/wwwroot --platform nodejs --platform-version 20 -p virtualenv_name= --log-file /tmp/build-debug.log  -i /tmp/8de0dc19ffe5ce7 -p compress_node_modules=tar-gz | tee /tmp/oryx-build.log ; exit $PIPESTATUS &quot;" /><!-- duration: 68420ms -->
              <step title="Using GenericDeploymentLogParser" date="2025-10-17T21:11:49.789" /><!-- duration: 9ms -->
              <step title="Triggering recycle (preview mode disabled)." date="2025-10-17T21:11:51.069" /><!-- duration: 9ms -->
              <step title="Modified file to trigger a restart of the app container." date="2025-10-17T21:11:51.109" /><!-- duration: 11ms -->
              <step title="Skip function trigger and logicapp sync because function is not enabled." date="2025-10-17T21:11:51.139" /><!-- duration: 2ms -->
              <step title="Purge deployment items" date="2025-10-17T21:11:51.986" >
                <step title="Remove 3f32d478-, Failed, received at 10/17/2025 21:09:50" date="2025-10-17T21:11:52.052" /><!-- duration: 4ms -->
                <step title="Remove temp-c3fe, Failed, received at 10/17/2025 21:09:44" date="2025-10-17T21:11:52.119" /><!-- duration: 3ms -->
                <step title="Remove bec534f3-, Failed, received at 10/17/2025 20:59:09" date="2025-10-17T21:11:52.177" /><!-- duration: 3ms -->
                <step title="Remove temp-4ac2, Failed, received at 10/17/2025 20:58:58" date="2025-10-17T21:11:52.229" /><!-- duration: 2ms -->
              </step><!-- duration: 248ms -->
            </step><!-- duration: 71738ms -->
          </step><!-- duration: 72428ms -->
          <step title="Cleaning up temp files" date="2025-10-17T21:11:52.330" /><!-- duration: 1082ms -->
          <step title="Cleaning up temp files" date="2025-10-17T21:11:53.418" /><!-- duration: 506ms -->
          <step title="Reloading status file with latest updates" date="2025-10-17T21:11:53.948" >
            <step title="WebHooksManager.PublishEventAsync: PostDeployment" date="2025-10-17T21:11:53.957" /><!-- duration: 111ms -->
          </step><!-- duration: 125ms -->
          <step title="Cleaning up temporary deployment - fetch deployment was successful" date="2025-10-17T21:11:54.078" /><!-- duration: 3ms -->
        </step><!-- duration: 74373ms -->
      </step><!-- duration: 76011ms -->
