<step title="Incoming Request" date="2025-10-18T01:32:54.134" instance="8c12c4" url="/api/zipdeploy?isAsync=true" method="POST" type="request" pid="829,1,16" Accept="*/*" Host="customer-portal-linux.scm.azurewebsites.net" User-Agent="AZURECLI/2.74.0 (MSI)" Accept-Encoding="gzip, deflate" Authorization="Bas..." Cache-Control="no-cache" Content-Type="application/octet-stream" Cookie="ARRAffinity=8c12c43fccdb2cb932c90b6840a98918a3cfd1b69ec867b256c9a978816d35f5; ARRAffinitySameSite=8c12c43fccdb2cb932c90b6840a98918a3cfd1b69ec867b256c9a978816d35f5" Content-Length="13925931" x-ms-client-request-id="50fdb5cf-abc2-11f0-8564-00051b860c5a" x-ms-artifact-checksum="4b464613f5ca9faafffda61d5bb053fdd51b5d0413432a561eee815b6d324ed7" X-ARR-LOG-ID="50fdb5cf-abc2-11f0-8564-00051b860c5a" CLIENT-IP="24.32.74.177:57674" X-SITE-DEPLOYMENT-ID="customer-portal-linux" WAS-DEFAULT-HOSTNAME="customer-portal-linux.scm.azurewebsites.net" X-Forwarded-Proto="https" X-AppService-Proto="https" X-Forwarded-TlsVersion="1.3" X-WAWS-Unencoded-URL="/api/zipdeploy?isAsync=true" X-Client-IP="24.32.74.177" X-Client-Port="57674" >
  <step title="Cleanup Xml Logs" date="2025-10-18T01:32:54.174" /><!-- duration: 131ms -->
  <step title="ZipPushDeploy" date="2025-10-18T01:32:57.317" >
    <step title="ZipDeploy. Extract zip. Remote build." date="2025-10-18T01:32:57.578" /><!-- duration: 51ms -->
    <step title="Starting PushDeployAsync" date="2025-10-18T01:32:57.678" /><!-- duration: 30ms -->
    <step title="Writing artifact to /tmp/zipdeploy/744c52fa-d17a-4b56-8742-cd18c2e4be93.zip" date="2025-10-18T01:32:57.811" >
      <step title="Writing multipart request body to /tmp/zipdeploy/744c52fa-d17a-4b56-8742-cd18c2e4be93.zip" date="2025-10-18T01:32:57.851" /><!-- duration: 30ms -->
    </step><!-- duration: 3115ms -->
    <step title="Start deployment in the background" date="2025-10-18T01:33:01.118" >
      <step title="Acquiring Deployment Lock" date="2025-10-18T01:33:01.479" /><!-- duration: 50ms -->
      <step title="Acquired Deployment Lock" date="2025-10-18T01:33:01.769" /><!-- duration: 60ms -->
    </step><!-- duration: 1325ms -->
  </step><!-- duration: 5357ms -->
  <step title="Outgoing response" date="2025-10-18T01:33:02.833" type="response" statusCode="202" statusText="Accepted" /><!-- duration: 31ms -->
</step><!-- duration: 8771ms -->
