<step title="BackgroundTrace" date="2025-10-17T22:00:31.752" instance="8c12c4" url="/api/zipdeploy" method="POST" >
  <step title="Creating temporary deployment - FetchDeploymentManager" date="2025-10-17T22:00:31.847" /><!-- duration: 3ms -->
  <step title="Creating temporary deployment" date="2025-10-17T22:00:31.853" /><!-- duration: 83ms -->
  <step title="Performing fetch based deployment" date="2025-10-17T22:00:31.974" >
    <step title="Cleaning up temp folders from previous zip deployments and extracting pushed zip file /tmp/zipdeploy/c4dca3b0-d530-4e89-8d5a-b7cf9f98a43d.zip (0.67 MB) to /tmp/zipdeploy/extracted" date="2025-10-17T22:00:33.219" >
      <step title="ChmodRecursive Process exited with total time taken in ms: 69" date="2025-10-17T22:00:33.528" /><!-- duration: 4ms -->
    </step><!-- duration: 318ms -->
    <step title="Deployment timer started" date="2025-10-17T22:00:35.560" >
      <step title="DeploymentManager.Deploy(id:82db99b4-ec38-4d1b-b69f-86929444864d)" date="2025-10-17T22:00:35.567" >
        <step title="Collecting changeset information" date="2025-10-17T22:00:35.577" /><!-- duration: 168ms -->
        <step title="Updating submodules" date="2025-10-17T22:00:35.750" /><!-- duration: 1135ms -->
        <step title="Determining deployment builder" date="2025-10-17T22:00:37.134" >
          <step title="Builder is OryxBuilder" date="2025-10-17T22:00:37.161" /><!-- duration: 26ms -->
        </step><!-- duration: 56ms -->
        <step title="PreDeployment: context.CleanOutputPath False" date="2025-10-17T22:00:37.514" >
          <step title="PreDeployment: context.OutputPath /home/site/wwwroot" date="2025-10-17T22:00:37.663" >
            <step title="Building" date="2025-10-17T22:00:37.811" >
              <step title="Executing external process" date="2025-10-17T22:00:38.142" type="process" path="bash" arguments="-c &quot;oryx build /tmp/zipdeploy/extracted -o /home/site/wwwroot --platform nodejs --platform-version 20 -p virtualenv_name= --log-file /tmp/build-debug.log  -i /tmp/8de0dc89aa025f6 -p compress_node_modules=tar-gz | tee /tmp/oryx-build.log ; exit $PIPESTATUS &quot;" /><!-- duration: 69509ms -->
              <step title="Using GenericDeploymentLogParser" date="2025-10-17T22:01:48.098" /><!-- duration: 3ms -->
              <step title="Triggering recycle (preview mode disabled)." date="2025-10-17T22:01:49.352" /><!-- duration: 8ms -->
              <step title="Modified file to trigger a restart of the app container." date="2025-10-17T22:01:49.407" /><!-- duration: 22ms -->
              <step title="Skip function trigger and logicapp sync because function is not enabled." date="2025-10-17T22:01:49.439" /><!-- duration: 19ms -->
            </step><!-- duration: 72496ms -->
          </step><!-- duration: 72647ms -->
          <step title="Cleaning up temp files" date="2025-10-17T22:01:50.313" /><!-- duration: 1141ms -->
          <step title="Cleaning up temp files" date="2025-10-17T22:01:51.482" /><!-- duration: 516ms -->
          <step title="Reloading status file with latest updates" date="2025-10-17T22:01:52.040" >
            <step title="WebHooksManager.PublishEventAsync: PostDeployment" date="2025-10-17T22:01:52.045" /><!-- duration: 88ms -->
          </step><!-- duration: 97ms -->
          <step title="Cleaning up temporary deployment - fetch deployment was successful" date="2025-10-17T22:01:52.147" /><!-- duration: 3ms -->
        </step><!-- duration: 74674ms -->
      </step><!-- duration: 76633ms -->
