<step title="Incoming Request" date="2025-10-17T23:04:38.989" instance="8c12c4" url="/api/zipdeploy?isAsync=true" method="POST" type="request" pid="823,1,22" Accept="*/*" Host="customer-portal-linux.scm.azurewebsites.net" User-Agent="AZURECLI/2.74.0 (MSI)" Accept-Encoding="gzip, deflate" Authorization="Bas..." Cache-Control="no-cache" Content-Type="application/octet-stream" Cookie="ARRAffinity=8c12c43fccdb2cb932c90b6840a98918a3cfd1b69ec867b256c9a978816d35f5; ARRAffinitySameSite=8c12c43fccdb2cb932c90b6840a98918a3cfd1b69ec867b256c9a978816d35f5" Content-Length="23058" x-ms-client-request-id="9ec39cb0-abad-11f0-ac15-00051b860c5a" x-ms-artifact-checksum="301758816a66f7f0d8b560cbb95c3cabdff70471f8e311f9a8a71fe2135d5c18" X-ARR-LOG-ID="9ec39cb0-abad-11f0-ac15-00051b860c5a" CLIENT-IP="24.32.74.177:55196" X-SITE-DEPLOYMENT-ID="customer-portal-linux" WAS-DEFAULT-HOSTNAME="customer-portal-linux.scm.azurewebsites.net" X-Forwarded-Proto="https" X-AppService-Proto="https" X-Forwarded-TlsVersion="1.3" X-WAWS-Unencoded-URL="/api/zipdeploy?isAsync=true" X-Client-IP="24.32.74.177" X-Client-Port="55196" >
  <step title="ZipPushDeploy" date="2025-10-17T23:04:39.050" >
    <step title="ZipDeploy. Extract zip. Remote build." date="2025-10-17T23:04:39.057" /><!-- duration: 3ms -->
    <step title="None repository commit" date="2025-10-17T23:04:39.069" >
      <step title="Commit id: aff4e260-f951-44c4-b2f0-c9411d0978bb" date="2025-10-17T23:04:39.175" Message="N/A" AuthorName="N/A" AuthorEmail="N/A" /><!-- duration: 3ms -->
    </step><!-- duration: 112ms -->
    <step title="Starting PushDeployAsync" date="2025-10-17T23:04:39.185" /><!-- duration: 3ms -->
    <step title="Removing node_modules symlink" date="2025-10-17T23:04:39.204" >
      <step title="Removing _del_node_modules symlink" date="2025-10-17T23:04:39.319" >
        <step title="Writing artifact to /tmp/zipdeploy/fac1416a-beac-4180-a773-aca7c42b31d4.zip" date="2025-10-17T23:04:39.359" >
          <step title="Writing multipart request body to /tmp/zipdeploy/fac1416a-beac-4180-a773-aca7c42b31d4.zip" date="2025-10-17T23:04:39.369" /><!-- duration: 17ms -->
        </step><!-- duration: 86ms -->
        <step title="Removing previous build artifact&apos;s manifest file" date="2025-10-17T23:04:39.453" >
          <step title="Start deployment in the background" date="2025-10-17T23:04:39.490" >
            <step title="Acquiring Deployment Lock" date="2025-10-17T23:04:39.537" /><!-- duration: 11ms -->
            <step title="Acquired Deployment Lock" date="2025-10-17T23:04:39.607" /><!-- duration: 15ms -->
          </step><!-- duration: 242ms -->
        </step><!-- duration: 297ms -->
        <step title="Outgoing response" date="2025-10-17T23:04:39.770" type="response" statusCode="202" statusText="Accepted" /><!-- duration: 10ms -->
      </step><!-- duration: 481ms -->
