<step title="BackgroundTrace" date="2025-10-18T01:17:45.631" instance="8c12c4" url="/api/zipdeploy" method="POST" >
  <step title="Cleanup Xml Logs" date="2025-10-18T01:17:45.634" /><!-- duration: 56ms -->
  <step title="Creating temporary deployment - FetchDeploymentManager" date="2025-10-18T01:17:45.838" /><!-- duration: 3ms -->
  <step title="Creating temporary deployment" date="2025-10-18T01:17:45.846" /><!-- duration: 116ms -->
  <step title="Performing fetch based deployment" date="2025-10-18T01:17:46.042" >
    <step title="Cleaning up temp folders from previous zip deployments and extracting pushed zip file /tmp/zipdeploy/65e0f775-76ab-4617-aa5c-2169ffa7a89f.zip (14.25 MB) to /tmp/zipdeploy/extracted" date="2025-10-18T01:17:47.324" >
      <step title="ChmodRecursive Process exited with total time taken in ms: 259" date="2025-10-18T01:17:56.064" /><!-- duration: 10ms -->
    </step><!-- duration: 8760ms -->
    <step title="Deployment timer started" date="2025-10-18T01:17:58.105" >
      <step title="DeploymentManager.Deploy(id:02e4a1cf-6783-42e1-b28a-35677442ede4)" date="2025-10-18T01:17:58.112" >
        <step title="Collecting changeset information" date="2025-10-18T01:17:58.163" /><!-- duration: 105ms -->
        <step title="Updating submodules" date="2025-10-18T01:17:58.273" /><!-- duration: 1121ms -->
        <step title="Determining deployment builder" date="2025-10-18T01:17:59.629" >
          <step title="Builder is OryxBuilder" date="2025-10-18T01:17:59.680" /><!-- duration: 11ms -->
        </step><!-- duration: 131ms -->
        <step title="PreDeployment: context.CleanOutputPath False" date="2025-10-18T01:17:59.869" >
          <step title="PreDeployment: context.OutputPath /home/site/wwwroot" date="2025-10-18T01:18:00.213" >
            <step title="Building" date="2025-10-18T01:18:00.344" >
              <step title="Executing external process" date="2025-10-18T01:18:00.662" type="process" path="bash" arguments="-c &quot;oryx build /tmp/zipdeploy/extracted -o /home/site/wwwroot --platform nodejs --platform-version 20 -p virtualenv_name= --log-file /tmp/build-debug.log  -i /tmp/8de0de42d5c4373 -p compress_node_modules=tar-gz | tee /tmp/oryx-build.log ; exit $PIPESTATUS &quot;" 