<step title="Incoming Request" date="2025-10-17T21:10:33.988" instance="8c12c4" url="/api/zipdeploy?isAsync=true" method="POST" type="request" pid="821,1,15" Accept="*/*" Host="customer-portal-linux.scm.azurewebsites.net" User-Agent="AZURECLI/2.74.0 (MSI)" Accept-Encoding="gzip, deflate" Authorization="Bas..." Cache-Control="no-cache" Content-Type="application/octet-stream" Cookie="ARRAffinity=8c12c43fccdb2cb932c90b6840a98918a3cfd1b69ec867b256c9a978816d35f5; ARRAffinitySameSite=8c12c43fccdb2cb932c90b6840a98918a3cfd1b69ec867b256c9a978816d35f5" Content-Length="699814" x-ms-client-request-id="afabbd07-ab9d-11f0-aee8-00051b860c5a" x-ms-artifact-checksum="2344bb332d85c4a2f511ef3bf667b5ce67392632e6df0ccfad8f48b868926c97" X-ARR-LOG-ID="afabbd07-ab9d-11f0-aee8-00051b860c5a" CLIENT-IP="24.32.74.177:61766" X-SITE-DEPLOYMENT-ID="customer-portal-linux" WAS-DEFAULT-HOSTNAME="customer-portal-linux.scm.azurewebsites.net" X-Forwarded-Proto="https" X-AppService-Proto="https" X-Forwarded-TlsVersion="1.3" X-WAWS-Unencoded-URL="/api/zipdeploy?isAsync=true" X-Client-IP="24.32.74.177" X-Client-Port="61766" >
  <step title="ZipPushDeploy" date="2025-10-17T21:10:34.025" >
    <step title="ZipDeploy. Extract zip. Remote build." date="2025-10-17T21:10:34.035" /><!-- duration: 3ms -->
    <step title="None repository commit" date="2025-10-17T21:10:34.044" >
      <step title="Commit id: bb79ab92-93f7-4b78-820f-69827f8f16d3" date="2025-10-17T21:10:34.047" Message="N/A" AuthorName="N/A" AuthorEmail="N/A" /><!-- duration: 2ms -->
    </step><!-- duration: 8ms -->
    <step title="Starting PushDeployAsync" date="2025-10-17T21:10:34.055" /><!-- duration: 3ms -->
    <step title="Writing artifact to /tmp/zipdeploy/42059320-d24a-4cb0-a7ea-9b2963d7cf6e.zip" date="2025-10-17T21:10:34.076" >
      <step title="Writing multipart request body to /tmp/zipdeploy/42059320-d24a-4cb0-a7ea-9b2963d7cf6e.zip" date="2025-10-17T21:10:34.083" /><!-- duration: 10ms -->
    </step><!-- duration: 233ms -->
    <step title="Start deployment in the background" date="2025-10-17T21:10:34.321" >
      <step title="Acquiring Deployment Lock" date="2025-10-17T21:10:34.431" /><!-- duration: 3ms -->
      <step title="Acquired Deployment Lock" date="2025-10-17T21:10:34.477" /><!-- duration: 3ms -->
    </step><!-- duration: 248ms -->
  </step><!-- duration: 555ms -->
  <step title="Outgoing response" date="2025-10-17T21:10:34.604" type="response" statusCode="202" statusText="Accepted" /><!-- duration: 3ms -->
</step><!-- duration: 622ms -->
