<step title="Incoming Request" date="2025-10-18T01:17:39.964" instance="8c12c4" url="/api/zipdeploy?isAsync=true" method="POST" type="request" pid="821,1,47" Accept="*/*" Host="customer-portal-linux.scm.azurewebsites.net" User-Agent="AZURECLI/2.74.0 (MSI)" Accept-Encoding="gzip, deflate" Authorization="Bas..." Cache-Control="no-cache" Content-Type="application/octet-stream" Cookie="ARRAffinity=8c12c43fccdb2cb932c90b6840a98918a3cfd1b69ec867b256c9a978816d35f5; ARRAffinitySameSite=8c12c43fccdb2cb932c90b6840a98918a3cfd1b69ec867b256c9a978816d35f5" Content-Length="14941229" x-ms-client-request-id="37d4998c-abc0-11f0-a72b-00051b860c5a" x-ms-artifact-checksum="865e0ea4890b1d5587ac485df8377c8f8efaf25f48bdfa26dd9c125a6a7d1356" X-ARR-LOG-ID="37d4998c-abc0-11f0-a72b-00051b860c5a" CLIENT-IP="24.32.74.177:61272" X-SITE-DEPLOYMENT-ID="customer-portal-linux" WAS-DEFAULT-HOSTNAME="customer-portal-linux.scm.azurewebsites.net" X-Forwarded-Proto="https" X-AppService-Proto="https" X-Forwarded-TlsVersion="1.3" X-WAWS-Unencoded-URL="/api/zipdeploy?isAsync=true" X-Client-IP="24.32.74.177" X-Client-Port="61272" >
  <step title="ZipPushDeploy" date="2025-10-18T01:17:40.160" >
    <step title="ZipDeploy. Extract zip. Remote build." date="2025-10-18T01:17:40.176" /><!-- duration: 4ms -->
    <step title="None repository commit" date="2025-10-18T01:17:40.197" >
      <step title="Commit id: 02e4a1cf-6783-42e1-b28a-35677442ede4" date="2025-10-18T01:17:40.201" Message="N/A" AuthorName="N/A" AuthorEmail="N/A" /><!-- duration: 3ms -->
    </step><!-- duration: 10ms -->
    <step title="Starting PushDeployAsync" date="2025-10-18T01:17:40.213" /><!-- duration: 3ms -->
    <step title="Removing _del_node_modules symlink" date="2025-10-18T01:17:40.297" >
      <step title="Writing artifact to /tmp/zipdeploy/65e0f775-76ab-4617-aa5c-2169ffa7a89f.zip" date="2025-10-18T01:17:40.452" >
        <step title="Writing multipart request body to /tmp/zipdeploy/65e0f775-76ab-4617-aa5c-2169ffa7a89f.zip" date="2025-10-18T01:17:40.462" /><!-- duration: 4ms -->
      </step><!-- duration: 5132ms -->
      <step title="Removing previous build artifact&apos;s manifest file" date="2025-10-18T01:17:45.606" >
        <step title="Start deployment in the background" date="2025-10-18T01:17:45.627" >
          <step title="Acquiring Deployment Lock" date="2025-10-18T01:17:45.708" /><!-- duration: 3ms -->
          <step title="Acquired Deployment Lock" date="2025-10-18T01:17:45.832" /><!-- duration: 3ms -->
        </step><!-- duration: 340ms -->
      </step><!-- duration: 401ms -->
      <step title="Outgoing response" date="2025-10-18T01:17:46.020" type="response" statusCode="202" statusText="Accepted" /><!-- duration: 3ms -->
    </step><!-- duration: 5729ms -->
