<step title="Incoming Request" date="2025-10-17T23:16:15.250" instance="8c12c4" url="/api/zipdeploy?isAsync=true" method="POST" type="request" pid="823,1,5" Accept="*/*" Host="customer-portal-linux.scm.azurewebsites.net" User-Agent="AZURECLI/2.74.0 (MSI)" Accept-Encoding="gzip, deflate" Authorization="Bas..." Cache-Control="no-cache" Content-Type="application/octet-stream" Cookie="ARRAffinity=8c12c43fccdb2cb932c90b6840a98918a3cfd1b69ec867b256c9a978816d35f5; ARRAffinitySameSite=8c12c43fccdb2cb932c90b6840a98918a3cfd1b69ec867b256c9a978816d35f5" Content-Length="702058" x-ms-client-request-id="3e1a943e-abaf-11f0-9826-00051b860c5a" x-ms-artifact-checksum="6bf3b1ebb6dac95923d7ea4ad8ffebfc8c4133c1cb0fa65b30c68c21bde10704" X-ARR-LOG-ID="3e1a943e-abaf-11f0-9826-00051b860c5a" CLIENT-IP="24.32.74.177:64667" X-SITE-DEPLOYMENT-ID="customer-portal-linux" WAS-DEFAULT-HOSTNAME="customer-portal-linux.scm.azurewebsites.net" X-Forwarded-Proto="https" X-AppService-Proto="https" X-Forwarded-TlsVersion="1.3" X-WAWS-Unencoded-URL="/api/zipdeploy?isAsync=true" X-Client-IP="24.32.74.177" X-Client-Port="64667" >
  <step title="ZipPushDeploy" date="2025-10-17T23:16:15.304" >
    <step title="ZipDeploy. Extract zip. Remote build." date="2025-10-17T23:16:15.310" /><!-- duration: 2ms -->
    <step title="None repository commit" date="2025-10-17T23:16:15.326" >
      <step title="Commit id: eaefe315-adef-4639-a165-239984dc4e43" date="2025-10-17T23:16:15.329" Message="N/A" AuthorName="N/A" AuthorEmail="N/A" /><!-- duration: 2ms -->
    </step><!-- duration: 7ms -->
    <step title="Starting PushDeployAsync" date="2025-10-17T23:16:15.336" /><!-- duration: 2ms -->
    <step title="Removing node_modules symlink" date="2025-10-17T23:16:15.347" >
      <step title="Removing _del_node_modules symlink" date="2025-10-17T23:16:15.460" >
        <step title="Writing artifact to /tmp/zipdeploy/24c3a34f-109f-40be-89db-20a296be2c69.zip" date="2025-10-17T23:16:15.531" >
          <step title="Writing multipart request body to /tmp/zipdeploy/24c3a34f-109f-40be-89db-20a296be2c69.zip" date="2025-10-17T23:16:15.535" /><!-- duration: 16ms -->
        </step><!-- duration: 692ms -->
        <step title="Removing previous build artifact&apos;s manifest file" date="2025-10-17T23:16:16.233" >
          <step title="Start deployment in the background" date="2025-10-17T23:16:16.262" >
            <step title="Acquiring Deployment Lock" date="2025-10-17T23:16:16.294" /><!-- duration: 2ms -->
            <step title="Acquired Deployment Lock" date="2025-10-17T23:16:16.336" /><!-- duration: 3ms -->
          </step><!-- duration: 155ms -->
        </step><!-- duration: 191ms -->
        <step title="Outgoing response" date="2025-10-17T23:16:16.436" type="response" statusCode="202" statusText="Accepted" /><!-- duration: 3ms -->
      </step><!-- duration: 981ms -->
