<step title="Incoming Request" date="2025-10-17T20:54:05.404" instance="8c12c4" url="/api/zipdeploy?isAsync=true" method="POST" type="request" pid="823,1,25" Accept="*/*" Host="customer-portal-linux.scm.azurewebsites.net" User-Agent="AZURECLI/2.74.0 (MSI)" Accept-Encoding="gzip, deflate" Authorization="Bas..." Cache-Control="no-cache" Content-Type="application/octet-stream" Cookie="ARRAffinity=8c12c43fccdb2cb932c90b6840a98918a3cfd1b69ec867b256c9a978816d35f5; ARRAffinitySameSite=8c12c43fccdb2cb932c90b6840a98918a3cfd1b69ec867b256c9a978816d35f5" Content-Length="699462" x-ms-client-request-id="6207a160-ab9b-11f0-9016-00051b860c5a" x-ms-artifact-checksum="4f45be2983b07dc65e5bdfdf0001d4b38d3950262e315c6a1487f7a1eccdc742" X-ARR-LOG-ID="6207a160-ab9b-11f0-9016-00051b860c5a" CLIENT-IP="24.32.74.177:62210" X-SITE-DEPLOYMENT-ID="customer-portal-linux" WAS-DEFAULT-HOSTNAME="customer-portal-linux.scm.azurewebsites.net" X-Forwarded-Proto="https" X-AppService-Proto="https" X-Forwarded-TlsVersion="1.3" X-WAWS-Unencoded-URL="/api/zipdeploy?isAsync=true" X-Client-IP="24.32.74.177" X-Client-Port="62210" >
  <step title="ZipPushDeploy" date="2025-10-17T20:54:05.454" >
    <step title="ZipDeploy. Extract zip. Remote build." date="2025-10-17T20:54:05.483" /><!-- duration: 10ms -->
    <step title="Starting PushDeployAsync" date="2025-10-17T20:54:05.553" /><!-- duration: 10ms -->
    <step title="Writing artifact to /tmp/zipdeploy/55895eb6-9a73-4c0e-aaf8-488e3e3b571d.zip" date="2025-10-17T20:54:05.613" >
      <step title="Writing multipart request body to /tmp/zipdeploy/55895eb6-9a73-4c0e-aaf8-488e3e3b571d.zip" date="2025-10-17T20:54:05.622" /><!-- duration: 21ms -->
    </step><!-- duration: 143ms -->
    <step title="Start deployment in the background" date="2025-10-17T20:54:05.783" >
      <step title="Acquiring Deployment Lock" date="2025-10-17T20:54:05.826" /><!-- duration: 9ms -->
      <step title="Acquired Deployment Lock" date="2025-10-17T20:54:05.876" /><!-- duration: 2ms -->
    </step><!-- duration: 166ms -->
  </step><!-- duration: 498ms -->
  <step title="Outgoing response" date="2025-10-17T20:54:05.955" type="response" statusCode="202" statusText="Accepted" /><!-- duration: 3ms -->
</step><!-- duration: 556ms -->
