<step title="BackgroundTrace" date="2025-10-18T01:33:01.166" instance="8c12c4" url="/api/zipdeploy" method="POST" >
  <step title="Cleanup Xml Logs" date="2025-10-18T01:33:01.187" /><!-- duration: 101ms -->
  <step title="Creating temporary deployment - FetchDeploymentManager" date="2025-10-18T01:33:01.841" /><!-- duration: 28ms -->
  <step title="Creating temporary deployment" date="2025-10-18T01:33:01.911" /><!-- duration: 401ms -->
  <step title="Performing fetch based deployment" date="2025-10-18T01:33:03.127" >
    <step title="Cleaning up temp folders from previous zip deployments and extracting pushed zip file /tmp/zipdeploy/744c52fa-d17a-4b56-8742-cd18c2e4be93.zip (13.28 MB) to /tmp/zipdeploy/extracted" date="2025-10-18T01:33:04.745" >
      <step title="ChmodRecursive Process exited with total time taken in ms: 240" date="2025-10-18T01:33:06.794" /><!-- duration: 20ms -->
    </step><!-- duration: 2080ms -->
    <step title="Deployment timer started" date="2025-10-18T01:33:08.920" >
      <step title="DeploymentManager.Deploy(id:90c0c8ba-09f4-4b2e-9ae9-d723208bbc22)" date="2025-10-18T01:33:08.960" >
        <step title="Collecting changeset information" date="2025-10-18T01:33:09.078" /><!-- duration: 1045ms -->
        <step title="Updating submodules" date="2025-10-18T01:33:10.155" /><!-- duration: 1264ms -->
        <step title="Determining deployment builder" date="2025-10-18T01:33:16.869" >
          <step title="Builder is OryxBuilder" date="2025-10-18T01:33:16.905" /><!-- duration: 21ms -->
        </step><!-- duration: 67ms -->
        <step title="PreDeployment: context.CleanOutputPath False" date="2025-10-18T01:33:17.136" >
          <step title="PreDeployment: context.OutputPath /home/site/wwwroot" date="2025-10-18T01:33:17.639" >
            <step title="Building" date="2025-10-18T01:33:17.872" >
              <step title="Executing external process" date="2025-10-18T01:33:18.917" type="process" path="bash" arguments="-c &quot;oryx build /tmp/zipdeploy/extracted -o /home/site/wwwroot --platform nodejs --platform-version 20 -p virtualenv_name= --log-file /tmp/build-debug.log  -i /tmp/8de0de6500722ef -p compress_node_modules=tar-gz | tee /tmp/oryx-build.log ; exit $PIPESTATUS &quot;" >
                <step title="Cpu: npm install(1492,22.590s)+build.sh(1409,0.030s)+oryx(1390,5.220s)+tee(1391,0.000s)+bash(1389,0.000s)=total(27.820s)" date="2025-10-18T01:34:33.766" /><!-- duration: 30ms -->
                <step title="bash: no io activity for 61s, prev-cpu=-1.000s, current-cpu=27.820s" date="2025-10-18T01:34:33.838" /><!-- duration: 38ms -->
              </step><!-- duration: 95178ms -->
              <step title="Using GenericDeploymentLogParser" date="2025-10-18T01:34:54.667" /><!-- duration: 5ms -->
              <step title="Triggering recycle (preview mode disabled)." date="2025-10-18T01:34:57.144" /><!-- duration: 20ms -->
              <step title="Modified file to trigger a restart of the app container." date="2025-10-18T01:34:57.233" /><!-- duration: 9ms -->
              <step title="Skip function trigger and logicapp sync because function is not enabled." date="2025-10-18T01:34:57.273" /><!-- duration: 20ms -->
            </step><!-- duration: 100846ms -->
          </step><!-- duration: 101084ms -->
          <step title="Cleaning up temp files" date="2025-10-18T01:34:58.733" /><!-- duration: 3555ms -->
          <step title="Cleaning up temp files" date="2025-10-18T01:35:02.339" /><!-- duration: 582ms -->
          <step title="Reloading status file with latest updates" date="2025-10-18T01:35:03.263" >
            <step title="WebHooksManager.PublishEventAsync: PostDeployment" date="2025-10-18T01:35:03.285" /><!-- duration: 664ms -->
          </step><!-- duration: 716ms -->
          <step title="Cleaning up temporary deployment - fetch deployment was successful" date="2025-10-18T01:35:04.040" /><!-- duration: 30ms -->
        </step><!-- duration: 107082ms -->
      </step><!-- duration: 115369ms -->
