<step title="Incoming Request" date="2025-10-17T20:29:53.351" instance="8c12c4" url="/api/zipdeploy?isAsync=true" method="POST" type="request" pid="821,1,7" Accept="*/*" Host="customer-portal-linux.scm.azurewebsites.net" User-Agent="AZURECLI/2.74.0 (MSI)" Accept-Encoding="gzip, deflate" Authorization="Bas..." Cache-Control="no-cache" Content-Type="application/octet-stream" Content-Length="16124981" x-ms-client-request-id="f774e5eb-ab97-11f0-b837-00051b860c5a" x-ms-artifact-checksum="d85285cf6d0c89afca7b57196b1c97fe47be70b175d0c94cdeac165b7a80bcdb" X-ARR-LOG-ID="f774e5eb-ab97-11f0-b837-00051b860c5a" CLIENT-IP="24.32.74.177:53280" X-SITE-DEPLOYMENT-ID="customer-portal-linux" WAS-DEFAULT-HOSTNAME="customer-portal-linux.scm.azurewebsites.net" X-Forwarded-Proto="https" X-AppService-Proto="https" X-Forwarded-TlsVersion="1.3" X-WAWS-Unencoded-URL="/api/zipdeploy?isAsync=true" X-Client-IP="24.32.74.177" X-Client-Port="53280" >
  <step title="ZipPushDeploy" date="2025-10-17T20:29:53.965" >
    <step title="ZipDeploy. Extract zip." date="2025-10-17T20:29:53.993" /><!-- duration: 3ms -->
    <step title="None repository commit" date="2025-10-17T20:29:54.007" >
      <step title="Commit id: 8cb21a15-22ec-4cbf-bec6-8043c0abecc8" date="2025-10-17T20:29:54.013" Message="N/A" AuthorName="N/A" AuthorEmail="N/A" /><!-- duration: 4ms -->
    </step><!-- duration: 13ms -->
    <step title="Starting PushDeployAsync" date="2025-10-17T20:29:54.022" /><!-- duration: 3ms -->
    <step title="Writing artifact to /tmp/zipdeploy/89b2b059-f27c-48aa-a6fb-772b159a263b.zip" date="2025-10-17T20:29:54.039" >
      <step title="Writing multipart request body to /tmp/zipdeploy/89b2b059-f27c-48aa-a6fb-772b159a263b.zip" date="2025-10-17T20:29:54.043" /><!-- duration: 3ms -->
    </step><!-- duration: 1250ms -->
    <step title="Start deployment in the background" date="2025-10-17T20:29:55.379" >
      <step title="Acquiring Deployment Lock" date="2025-10-17T20:29:55.550" /><!-- duration: 22ms -->
      <step title="Acquired Deployment Lock" date="2025-10-17T20:29:55.683" /><!-- duration: 3ms -->
    </step><!-- duration: 394ms -->
  </step><!-- duration: 1817ms -->
  <step title="Outgoing response" date="2025-10-17T20:29:55.812" type="response" statusCode="202" statusText="Accepted" /><!-- duration: 9ms -->
</step><!-- duration: 2474ms -->
