<step title="Incoming Request" date="2025-10-17T23:06:43.318" instance="8c12c4" url="/api/zipdeploy?isAsync=true" method="POST" type="request" pid="823,1,28" Accept="*/*" Host="customer-portal-linux.scm.azurewebsites.net" User-Agent="AZURECLI/2.74.0 (MSI)" Accept-Encoding="gzip, deflate" Authorization="Bas..." Cache-Control="no-cache" Content-Type="application/octet-stream" Cookie="ARRAffinity=8c12c43fccdb2cb932c90b6840a98918a3cfd1b69ec867b256c9a978816d35f5; ARRAffinitySameSite=8c12c43fccdb2cb932c90b6840a98918a3cfd1b69ec867b256c9a978816d35f5" Content-Length="702058" x-ms-client-request-id="e9515f00-abad-11f0-9867-00051b860c5a" x-ms-artifact-checksum="e4071d7684b08603be1d7a4fdcb103f123e27e04e50b78a52215160fd0a636a4" X-ARR-LOG-ID="e9515f00-abad-11f0-9867-00051b860c5a" CLIENT-IP="24.32.74.177:64767" X-SITE-DEPLOYMENT-ID="customer-portal-linux" WAS-DEFAULT-HOSTNAME="customer-portal-linux.scm.azurewebsites.net" X-Forwarded-Proto="https" X-AppService-Proto="https" X-Forwarded-TlsVersion="1.3" X-WAWS-Unencoded-URL="/api/zipdeploy?isAsync=true" X-Client-IP="24.32.74.177" X-Client-Port="64767" >
  <step title="ZipPushDeploy" date="2025-10-17T23:06:43.327" >
    <step title="ZipDeploy. Extract zip. Remote build." date="2025-10-17T23:06:43.331" /><!-- duration: 3ms -->
    <step title="Starting PushDeployAsync" date="2025-10-17T23:06:43.339" /><!-- duration: 3ms -->
    <step title="Writing artifact to /tmp/zipdeploy/dbc89045-ef35-446f-bce4-b4adc5d183db.zip" date="2025-10-17T23:06:43.347" >
      <step title="Writing multipart request body to /tmp/zipdeploy/dbc89045-ef35-446f-bce4-b4adc5d183db.zip" date="2025-10-17T23:06:43.351" /><!-- duration: 16ms -->
    </step><!-- duration: 216ms -->
    <step title="Start deployment in the background" date="2025-10-17T23:06:43.569" >
      <step title="Acquiring Deployment Lock" date="2025-10-17T23:06:43.586" /><!-- duration: 2ms -->
      <step title="Acquired Deployment Lock" date="2025-10-17T23:06:43.618" /><!-- duration: 3ms -->
    </step><!-- duration: 133ms -->
  </step><!-- duration: 378ms -->
  <step title="Outgoing response" date="2025-10-17T23:06:43.708" type="response" statusCode="202" statusText="Accepted" /><!-- duration: 3ms -->
</step><!-- duration: 395ms -->
