<step title="Incoming Request" date="2025-10-18T01:19:07.283" instance="8c12c4" url="/api/publish?type=zip&amp;async=True" method="POST" type="request" pid="821,1,46" Accept="*/*" Host="customer-portal-linux.scm.azurewebsites.net" User-Agent="AZURECLI/2.74.0 (MSI)" Accept-Encoding="gzip, deflate" Authorization="Bas..." Cache-Control="no-cache" Content-Type="application/octet-stream" Cookie="ARRAffinity=8c12c43fccdb2cb932c90b6840a98918a3cfd1b69ec867b256c9a978816d35f5; ARRAffinitySameSite=8c12c43fccdb2cb932c90b6840a98918a3cfd1b69ec867b256c9a978816d35f5" Content-Length="14941229" x-ms-client-request-id="69eb3874-abc0-11f0-a2b8-00051b860c5a" x-ms-artifact-checksum="865e0ea4890b1d5587ac485df8377c8f8efaf25f48bdfa26dd9c125a6a7d1356" X-ARR-LOG-ID="69eb3874-abc0-11f0-a2b8-00051b860c5a" CLIENT-IP="24.32.74.177:55257" X-SITE-DEPLOYMENT-ID="customer-portal-linux" WAS-DEFAULT-HOSTNAME="customer-portal-linux.scm.azurewebsites.net" X-Forwarded-Proto="https" X-AppService-Proto="https" X-Forwarded-TlsVersion="1.3" X-WAWS-Unencoded-URL="/api/publish?type=zip&amp;async=True" X-Client-IP="24.32.74.177" X-Client-Port="55257" >
  <step title="Cleanup Xml Logs" date="2025-10-18T01:19:07.292" /><!-- duration: 28ms -->
  <step title="OneDeploy" date="2025-10-18T01:19:07.433" >
    <step title="Starting PushDeployAsync" date="2025-10-18T01:19:07.501" /><!-- duration: 30ms -->
    <step title="Writing artifact to /tmp/zipdeploy/5303241a-b6a1-463d-8d20-4318742943b5.zip" date="2025-10-18T01:19:07.552" >
      <step title="Writing multipart request body to /tmp/zipdeploy/5303241a-b6a1-463d-8d20-4318742943b5.zip" date="2025-10-18T01:19:07.563" /><!-- duration: 19ms -->
    </step><!-- duration: 5257ms -->
    <step title="Start deployment in the background" date="2025-10-18T01:19:12.877" >
      <step title="Acquiring Deployment Lock" date="2025-10-18T01:19:13.010" /><!-- duration: 19ms -->
      <step title="Cannot Acquire Deployment Lock already held" date="2025-10-18T01:19:13.058" /><!-- duration: 13ms -->
    </step><!-- duration: 463ms -->
    <step title="There is a deployment currently in progress. Please try again when it completes." date="2025-10-18T01:19:13.380" /><!-- duration: 11ms -->
  </step><!-- duration: 5969ms -->
  <step title="Outgoing response" date="2025-10-18T01:19:13.442" type="response" statusCode="409" statusText="Conflict" /><!-- duration: 10ms -->
</step><!-- duration: 6190ms -->
