<step title="BackgroundTrace" date="2025-10-17T23:06:43.573" instance="8c12c4" url="/api/zipdeploy" method="POST" >
  <step title="Creating temporary deployment - FetchDeploymentManager" date="2025-10-17T23:06:43.623" /><!-- duration: 2ms -->
  <step title="Creating temporary deployment" date="2025-10-17T23:06:43.629" /><!-- duration: 70ms -->
  <step title="Performing fetch based deployment" date="2025-10-17T23:06:43.722" >
    <step title="Cleaning up temp folders from previous zip deployments and extracting pushed zip file /tmp/zipdeploy/dbc89045-ef35-446f-bce4-b4adc5d183db.zip (0.67 MB) to /tmp/zipdeploy/extracted" date="2025-10-17T23:06:44.912" >
      <step title="ChmodRecursive Process exited with total time taken in ms: 40" date="2025-10-17T23:06:45.194" /><!-- duration: 8ms -->
    </step><!-- duration: 293ms -->
    <step title="Deployment timer started" date="2025-10-17T23:06:47.220" >
      <step title="DeploymentManager.Deploy(id:ae179c28-a1cd-4af9-8b37-66d10a8316c7)" date="2025-10-17T23:06:47.262" >
        <step title="Collecting changeset information" date="2025-10-17T23:06:47.351" /><!-- duration: 192ms -->
        <step title="Updating submodules" date="2025-10-17T23:06:47.574" /><!-- duration: 1202ms -->
        <step title="Determining deployment builder" date="2025-10-17T23:06:49.275" >
          <step title="Builder is OryxBuilder" date="2025-10-17T23:06:49.296" /><!-- duration: 3ms -->
        </step><!-- duration: 26ms -->
        <step title="PreDeployment: context.CleanOutputPath False" date="2025-10-17T23:06:49.355" >
          <step title="PreDeployment: context.OutputPath /home/site/wwwroot" date="2025-10-17T23:06:49.478" >
            <step title="Building" date="2025-10-17T23:06:49.639" >
              <step title="Executing external process" date="2025-10-17T23:06:49.975" type="process" path="bash" arguments="-c &quot;oryx build /tmp/zipdeploy/extracted -o /home/site/wwwroot --platform nodejs --platform-version 20 -p virtualenv_name= --log-file /tmp/build-debug.log  -i /tmp/8de0dd1da311cc8 -p compress_node_modules=tar-gz | tee /tmp/oryx-build.log ; exit $PIPESTATUS &quot;" /><!-- duration: 88436ms -->
              <step title="Using GenericDeploymentLogParser" date="2025-10-17T23:08:18.800" /><!-- duration: 7ms -->
              <step title="Triggering recycle (preview mode disabled)." date="2025-10-17T23:08:20.055" /><!-- duration: 10ms -->
              <step title="Modified file to trigger a restart of the app container." date="2025-10-17T23:08:20.114" /><!-- duration: 4ms -->
              <step title="Skip function trigger and logicapp sync because function is not enabled." date="2025-10-17T23:08:20.143" /><!-- duration: 3ms -->
              <step title="Purge deployment items" date="2025-10-17T23:08:21.066" >
                <step title="Remove aff4e260-, Failed, received at 10/17/2025 23:04:43" date="2025-10-17T23:08:21.178" /><!-- duration: 10ms -->
              </step><!-- duration: 134ms -->
            </step><!-- duration: 91707ms -->
          </step><!-- duration: 91872ms -->
          <step title="Cleaning up temp files" date="2025-10-17T23:08:21.377" /><!-- duration: 1477ms -->
          <step title="Cleaning up temp files" date="2025-10-17T23:08:22.873" /><!-- duration: 513ms -->
          <step title="Reloading status file with latest updates" date="2025-10-17T23:08:23.416" >
            <step title="WebHooksManager.PublishEventAsync: PostDeployment" date="2025-10-17T23:08:23.421" /><!-- duration: 43ms -->
          </step><!-- duration: 51ms -->
          <step title="Cleaning up temporary deployment - fetch deployment was successful" date="2025-10-17T23:08:23.503" /><!-- duration: 7ms -->
        </step><!-- duration: 94210ms -->
      </step><!-- duration: 96323ms -->
