﻿<?xml version="1.0" encoding="utf-8"?>
<deployment>
  <id>221c1850-3556-4c21-a2d3-4bb92b259edf</id>
  <author>N/A</author>
  <deployer>Push-Deployer</deployer>
  <authorEmail>N/A</authorEmail>
  <message>Created via a push deployment</message>
  <progress></progress>
  <status>Failed</status>
  <statusText></statusText>
  <lastSuccessEndTime />
  <receivedTime>2025-10-23T02:24:16.1291563Z</receivedTime>
  <startTime>2025-10-23T02:24:17.6188265Z</startTime>
  <endTime>2025-10-23T02:24:29.1395405Z</endTime>
  <complete>True</complete>
  <is_temp>False</is_temp>
  <is_readonly>True</is_readonly>
  <buildSummary />
</deployment>