﻿<?xml version="1.0" encoding="utf-8"?>
<deployment>
  <id>6ef46ccfe0ad4c9782d0494622ee3bbc</id>
  <author>N/A</author>
  <deployer>ZipDeploy</deployer>
  <authorEmail>N/A</authorEmail>
  <message>Created via a push deployment</message>
  <progress></progress>
  <status>Success</status>
  <statusText></statusText>
  <lastSuccessEndTime>2025-10-17T19:45:28.7016619Z</lastSuccessEndTime>
  <receivedTime>2025-10-17T19:45:27.5569418Z</receivedTime>
  <startTime>2025-10-17T19:45:27.603819Z</startTime>
  <endTime>2025-10-17T19:45:28.7016619Z</endTime>
  <complete>True</complete>
  <is_temp>False</is_temp>
  <is_readonly>True</is_readonly>
  <project_type>BASIC</project_type>
  <vsproject_id></vsproject_id>
</deployment>