﻿<?xml version="1.0" encoding="utf-8"?>
<deployment>
  <id>ae179c28-a1cd-4af9-8b37-66d10a8316c7</id>
  <author>N/A</author>
  <deployer>Push-Deployer</deployer>
  <authorEmail>N/A</authorEmail>
  <message>Created via a push deployment</message>
  <progress></progress>
  <status>Success</status>
  <statusText></statusText>
  <lastSuccessEndTime>2025-10-17T23:08:20.4943491Z</lastSuccessEndTime>
  <receivedTime>2025-10-17T23:06:47.4223278Z</receivedTime>
  <startTime>2025-10-17T23:06:49.1893627Z</startTime>
  <endTime>2025-10-17T23:08:20.4943491Z</endTime>
  <complete>True</complete>
  <is_temp>False</is_temp>
  <is_readonly>True</is_readonly>
  <buildSummary />
</deployment>