<step title="BackgroundTrace" date="2025-10-17T20:58:57.957" instance="8c12c4" url="/api/zipdeploy" method="POST" >
  <step title="Creating temporary deployment - FetchDeploymentManager" date="2025-10-17T20:58:58.681" /><!-- duration: 31ms -->
  <step title="Creating temporary deployment" date="2025-10-17T20:58:58.743" /><!-- duration: 693ms -->
  <step title="Performing fetch based deployment" date="2025-10-17T20:59:00.328" >
    <step title="Cleaning up temp folders from previous zip deployments and extracting pushed zip file /tmp/zipdeploy/e5def2a3-0ddb-47e9-9831-91cadc56a1a0.zip (0.67 MB) to /tmp/zipdeploy/extracted" date="2025-10-17T20:59:03.043" >
      <step title="ChmodRecursive Process exited with total time taken in ms: 632" date="2025-10-17T20:59:06.179" /><!-- duration: 79ms -->
    </step><!-- duration: 3356ms -->
    <step title="Deployment timer started" date="2025-10-17T20:59:08.673" >
      <step title="DeploymentManager.Deploy(id:bec534f3-427a-4a3d-87da-3aefbae10e67)" date="2025-10-17T20:59:08.863" >
        <step title="Collecting changeset information" date="2025-10-17T20:59:09.114" /><!-- duration: 965ms -->
        <step title="Updating submodules" date="2025-10-17T20:59:10.170" /><!-- duration: 2546ms -->
        <step title="Determining deployment builder" date="2025-10-17T20:59:14.516" >
          <step title="Builder is OryxBuilder" date="2025-10-17T20:59:14.656" /><!-- duration: 4ms -->
        </step><!-- duration: 151ms -->
        <step title="PreDeployment: context.CleanOutputPath False" date="2025-10-17T20:59:14.899" >
          <step title="PreDeployment: context.OutputPath /home/site/wwwroot" date="2025-10-17T20:59:17.211" >
            <step title="Building" date="2025-10-17T20:59:18.827" >
              <step title="Executing external process" date="2025-10-17T20:59:22.568" type="process" path="bash" arguments="-c &quot;oryx build /tmp/zipdeploy/extracted -o /home/site/wwwroot --platform nodejs --platform-version 20 -p virtualenv_name= --log-file /tmp/build-debug.log  -i /tmp/8de0dc007aba437 -p compress_node_modules=tar-gz | tee /tmp/oryx-build.log ; exit $PIPESTATUS &quot;" >
                <step title="Error occurred" date="2025-10-17T20:59:33.390" type="error" text="Deployment has been stopped due to SCM container restart. The restart can happen due to a management operation on site. Do not perform a management operation and a deployment operation in quick succession. Adding a small delay can help avoid any conflicts." /><!-- duration: 20ms -->
                <step title="Killing external process" date="2025-10-17T20:59:33.414" >
                  <step title="Abort Process &apos;oryx(1456)&apos;." date="2025-10-17T20:59:33.460" >
                  <step title="Process dump" date="2025-10-17T20:59:33.483" exitCode="137" type="processOutput" /><!-- duration: 28ms -->
                </step><!-- duration: 117ms -->
                <step title="Error occurred" date="2025-10-17T20:59:33.582" type="error" text="
/bin/bash -c &quot;oryx build /tmp/zipdeploy/extracted -o /home/site/wwwroot --platform nodejs --platform-version 20 -p virtualenv_name= --log-file /tmp/build-debug.log  -i /tmp/8de0dc007aba437 -p compress_node_modules=tar-gz | tee /tmp/oryx-build.log ; exit $PIPESTATUS &quot;" stackTrace="   at Kudu.Core.Infrastructure.Executable.ExecuteInternal(ITracer tracer, Func`2 onWriteOutput, Func`2 onWriteError, CancellationToken token, Encoding encoding, String arguments, Object[] args) in /tmp/KuduLite/Kudu.Core/Infrastructure/Executable.cs:line 239
   at Kudu.Core.Infrastructure.Executable.ExecuteWithProgressWriter(ILogger logger, ITracer tracer, CancellationToken token, String arguments, Object[] args) in /tmp/KuduLite/Kudu.Core/Infrastructure/Executable.cs:line 118
   at Kudu.Core.Deployment.Generator.ExternalCommandBuilder.RunCommand(DeploymentContext context, String command, Boolean ignoreManifest, CancellationToken token, String message) in /tmp/KuduLite/Kudu.Core/Deployment/Generator/ExternalCommandBuilder.cs:line 122" /><!-- duration: 8ms -->
                <step title="Error occurred" date="2025-10-17T20:59:33.605" type="error" text="
/bin/bash -c &quot;oryx build /tmp/zipdeploy/extracted -o /home/site/wwwroot --platform nodejs --platform-version 20 -p virtualenv_name= --log-file /tmp/build-debug.log  -i /tmp/8de0dc007aba437 -p compress_node_modules=tar-gz | tee /tmp/oryx-build.log ; exit $PIPESTATUS &quot;" stackTrace="   at Kudu.Core.Infrastructure.Executable.ExecuteInternal(ITracer tracer, Func`2 onWriteOutput, Func`2 onWriteError, CancellationToken token, Encoding encoding, String arguments, Object[] args) in /tmp/KuduLite/Kudu.Core/Infrastructure/Executable.cs:line 239
   at Kudu.Core.Infrastructure.Executable.ExecuteWithProgressWriter(ILogger logger, ITracer tracer, CancellationToken token, String arguments, Object[] args) in /tmp/KuduLite/Kudu.Core/Infrastructure/Executable.cs:line 118
   at Kudu.Core.Deployment.Generator.ExternalCommandBuilder.RunCommand(DeploymentContext context, String command, Boolean ignoreManifest, CancellationToken token, String message) in /tmp/KuduLite/Kudu.Core/Deployment/Generator/ExternalCommandBuilder.cs:line 122
   at Kudu.Core.Deployment.Generator.OryxBuilder.RunBuildCommand(IOryxArguments args, DeploymentContext context, CancellationToken token) in /tmp/KuduLite/Kudu.Core/Deployment/Generator/OryxBuilder.cs:line 295
   at Kudu.Core.Deployment.Generator.OryxBuilder.Build(DeploymentContext context, CancellationToken token) in /tmp/KuduLite/Kudu.Core/Deployment/Generator/OryxBuilder.cs:line 136
   at Kudu.Core.Deployment.DeploymentManager.Build(ChangeSet changeSet, ITracer tracer, IDisposable deployStep, IRepository repository, DeploymentInfoBase deploymentInfo, DeploymentAnalytics deploymentAnalytics, Boolean fullBuildByDefault, CancellationToken cancellationToken) in /tmp/KuduLite/Kudu.Core/Deployment/DeploymentManager.cs:line 771" /><!-- duration: 29ms -->
