<step title="Incoming Request" date="2025-10-17T20:52:19.146" instance="8c12c4" url="/api/zipdeploy?isAsync=true" method="POST" type="request" pid="823,1,25" Accept="*/*" Host="customer-portal-linux.scm.azurewebsites.net" User-Agent="AZURECLI/2.74.0 (MSI)" Accept-Encoding="gzip, deflate" Authorization="Bas..." Cache-Control="no-cache" Content-Type="application/octet-stream" Cookie="ARRAffinity=8c12c43fccdb2cb932c90b6840a98918a3cfd1b69ec867b256c9a978816d35f5; ARRAffinitySameSite=8c12c43fccdb2cb932c90b6840a98918a3cfd1b69ec867b256c9a978816d35f5" Content-Length="11287" x-ms-client-request-id="2628256f-ab9b-11f0-85e0-00051b860c5a" x-ms-artifact-checksum="e2e791631862056a6449aeef3ae9d98de56f5b6aa779e79e086962636df5818a" X-ARR-LOG-ID="2628256f-ab9b-11f0-85e0-00051b860c5a" CLIENT-IP="24.32.74.177:54066" X-SITE-DEPLOYMENT-ID="customer-portal-linux" WAS-DEFAULT-HOSTNAME="customer-portal-linux.scm.azurewebsites.net" X-Forwarded-Proto="https" X-AppService-Proto="https" X-Forwarded-TlsVersion="1.3" X-WAWS-Unencoded-URL="/api/zipdeploy?isAsync=true" X-Client-IP="24.32.74.177" X-Client-Port="54066" >
  <step title="ZipPushDeploy" date="2025-10-17T20:52:19.205" >
    <step title="ZipDeploy. Extract zip. Remote build." date="2025-10-17T20:52:19.235" /><!-- duration: 10ms -->
    <step title="Starting PushDeployAsync" date="2025-10-17T20:52:19.264" /><!-- duration: 10ms -->
    <step title="Writing artifact to /tmp/zipdeploy/88be23f3-d5f6-4ae3-a614-12fbeb2133a0.zip" date="2025-10-17T20:52:19.305" >
      <step title="Writing multipart request body to /tmp/zipdeploy/88be23f3-d5f6-4ae3-a614-12fbeb2133a0.zip" date="2025-10-17T20:52:19.328" /><!-- duration: 20ms -->
    </step><!-- duration: 314ms -->
    <step title="Start deployment in the background" date="2025-10-17T20:52:19.658" >
      <step title="Acquiring Deployment Lock" date="2025-10-17T20:52:19.700" /><!-- duration: 20ms -->
      <step title="Acquired Deployment Lock" date="2025-10-17T20:52:19.760" /><!-- duration: 11ms -->
    </step><!-- duration: 333ms -->
  </step><!-- duration: 927ms -->
  <step title="Outgoing response" date="2025-10-17T20:52:20.162" type="response" statusCode="202" statusText="Accepted" /><!-- duration: 19ms -->
</step><!-- duration: 1055ms -->
