<step title="Incoming Request" date="2025-10-17T20:46:38.777" instance="8c12c4" url="/api/zipdeploy?isAsync=true" method="POST" type="request" pid="820,1,5" Accept="*/*" Host="customer-portal-linux.scm.azurewebsites.net" User-Agent="AZURECLI/2.74.0 (MSI)" Accept-Encoding="gzip, deflate" Authorization="Bas..." Cache-Control="no-cache" Content-Type="application/octet-stream" Cookie="ARRAffinity=8c12c43fccdb2cb932c90b6840a98918a3cfd1b69ec867b256c9a978816d35f5; ARRAffinitySameSite=8c12c43fccdb2cb932c90b6840a98918a3cfd1b69ec867b256c9a978816d35f5" Content-Length="27473" x-ms-client-request-id="5c75a488-ab9a-11f0-8efd-00051b860c5a" x-ms-artifact-checksum="48f4cc5fb05d596a4cd9cfab21319b91fd8f3d22d83d89fd899e526c97aa7255" X-ARR-LOG-ID="5c75a488-ab9a-11f0-8efd-00051b860c5a" CLIENT-IP="24.32.74.177:53857" X-SITE-DEPLOYMENT-ID="customer-portal-linux" WAS-DEFAULT-HOSTNAME="customer-portal-linux.scm.azurewebsites.net" X-Forwarded-Proto="https" X-AppService-Proto="https" X-Forwarded-TlsVersion="1.3" X-WAWS-Unencoded-URL="/api/zipdeploy?isAsync=true" X-Client-IP="24.32.74.177" X-Client-Port="53857" >
  <step title="ZipPushDeploy" date="2025-10-17T20:46:38.828" >
    <step title="ZipDeploy. Extract zip." date="2025-10-17T20:46:38.840" /><!-- duration: 3ms -->
    <step title="None repository commit" date="2025-10-17T20:46:38.849" >
      <step title="Commit id: c62253bf-1d67-4211-bb6c-7b0e286a6751" date="2025-10-17T20:46:38.852" Message="N/A" AuthorName="N/A" AuthorEmail="N/A" /><!-- duration: 3ms -->
    </step><!-- duration: 9ms -->
    <step title="Starting PushDeployAsync" date="2025-10-17T20:46:38.861" /><!-- duration: 3ms -->
    <step title="Writing artifact to /tmp/zipdeploy/7b54b2dc-0c9d-4b05-b78f-2afc4efc709a.zip" date="2025-10-17T20:46:38.879" >
      <step title="Writing multipart request body to /tmp/zipdeploy/7b54b2dc-0c9d-4b05-b78f-2afc4efc709a.zip" date="2025-10-17T20:46:38.882" /><!-- duration: 3ms -->
    </step><!-- duration: 41ms -->
    <step title="Start deployment in the background" date="2025-10-17T20:46:38.959" >
      <step title="Acquiring Deployment Lock" date="2025-10-17T20:46:38.998" /><!-- duration: 10ms -->
      <step title="Acquired Deployment Lock" date="2025-10-17T20:46:39.053" /><!-- duration: 4ms -->
    </step><!-- duration: 185ms -->
  </step><!-- duration: 335ms -->
  <step title="Outgoing response" date="2025-10-17T20:46:39.194" type="response" statusCode="202" statusText="Accepted" /><!-- duration: 11ms -->
</step><!-- duration: 431ms -->
