<step title="Incoming Request" date="2025-10-17T22:00:31.348" instance="8c12c4" url="/api/zipdeploy?isAsync=true" method="POST" type="request" pid="823,1,49" Accept="*/*" Host="customer-portal-linux.scm.azurewebsites.net" User-Agent="AZURECLI/2.74.0 (MSI)" Accept-Encoding="gzip, deflate" Authorization="Bas..." Cache-Control="no-cache" Content-Type="application/octet-stream" Cookie="ARRAffinity=8c12c43fccdb2cb932c90b6840a98918a3cfd1b69ec867b256c9a978816d35f5; ARRAffinitySameSite=8c12c43fccdb2cb932c90b6840a98918a3cfd1b69ec867b256c9a978816d35f5" Content-Length="701716" x-ms-client-request-id="aab0880a-aba4-11f0-8517-00051b860c5a" x-ms-artifact-checksum="e0e25a9111b4aab2e29b793275a48e531b0f16d95e425d9023022bebd9c278d2" X-ARR-LOG-ID="aab0880a-aba4-11f0-8517-00051b860c5a" CLIENT-IP="24.32.74.177:57003" X-SITE-DEPLOYMENT-ID="customer-portal-linux" WAS-DEFAULT-HOSTNAME="customer-portal-linux.scm.azurewebsites.net" X-Forwarded-Proto="https" X-AppService-Proto="https" X-Forwarded-TlsVersion="1.3" X-WAWS-Unencoded-URL="/api/zipdeploy?isAsync=true" X-Client-IP="24.32.74.177" X-Client-Port="57003" >
  <step title="ZipPushDeploy" date="2025-10-17T22:00:31.380" >
    <step title="ZipDeploy. Extract zip. Remote build." date="2025-10-17T22:00:31.388" /><!-- duration: 3ms -->
    <step title="None repository commit" date="2025-10-17T22:00:31.401" >
      <step title="Commit id: 82db99b4-ec38-4d1b-b69f-86929444864d" date="2025-10-17T22:00:31.403" Message="N/A" AuthorName="N/A" AuthorEmail="N/A" /><!-- duration: 3ms -->
    </step><!-- duration: 8ms -->
    <step title="Starting PushDeployAsync" date="2025-10-17T22:00:31.412" /><!-- duration: 3ms -->
    <step title="Removing node_modules symlink" date="2025-10-17T22:00:31.455" >
      <step title="Removing _del_node_modules symlink" date="2025-10-17T22:00:31.565" >
        <step title="Writing artifact to /tmp/zipdeploy/c4dca3b0-d530-4e89-8d5a-b7cf9f98a43d.zip" date="2025-10-17T22:00:31.606" >
          <step title="Writing multipart request body to /tmp/zipdeploy/c4dca3b0-d530-4e89-8d5a-b7cf9f98a43d.zip" date="2025-10-17T22:00:31.621" /><!-- duration: 3ms -->
        </step><!-- duration: 118ms -->
        <step title="Removing previous build artifact&apos;s manifest file" date="2025-10-17T22:00:31.728" >
          <step title="Start deployment in the background" date="2025-10-17T22:00:31.747" >
            <step title="Acquiring Deployment Lock" date="2025-10-17T22:00:31.779" /><!-- duration: 3ms -->
            <step title="Acquired Deployment Lock" date="2025-10-17T22:00:31.836" /><!-- duration: 9ms -->
          </step><!-- duration: 193ms -->
        </step><!-- duration: 222ms -->
        <step title="Outgoing response" date="2025-10-17T22:00:31.955" type="response" statusCode="202" statusText="Accepted" /><!-- duration: 4ms -->
      </step><!-- duration: 397ms -->
