<step title="Incoming Request" date="2025-10-17T23:40:03.113" instance="8c12c4" url="/api/deployments?warmup=true" method="GET" type="request" pid="823,1,43" Accept="*/*" Host="customer-portal-linux.scm.azurewebsites.net" User-Agent="AZURECLI/2.74.0 (MSI)" Accept-Encoding="gzip, deflate" Authorization="Bas..." Cookie="ARRAffinity=8c12c43fccdb2cb932c90b6840a98918a3cfd1b69ec867b256c9a978816d35f5; ARRAffinitySameSite=8c12c43fccdb2cb932c90b6840a98918a3cfd1b69ec867b256c9a978816d35f5" x-ms-client-request-id="91256a62-abb2-11f0-aee1-00051b860c5a" X-ARR-LOG-ID="91256a62-abb2-11f0-aee1-00051b860c5a" CLIENT-IP="24.32.74.177:55089" X-SITE-DEPLOYMENT-ID="customer-portal-linux" WAS-DEFAULT-HOSTNAME="customer-portal-linux.scm.azurewebsites.net" X-Forwarded-Proto="https" X-AppService-Proto="https" X-Forwarded-TlsVersion="1.3" X-WAWS-Unencoded-URL="/api/deployments?warmup=true" X-Client-IP="24.32.74.177" X-Client-Port="55089" >
  <step title="Cleanup Xml Logs" date="2025-10-17T23:40:03.183" /><!-- duration: 152ms -->
  <step title="DeploymentService.GetCurrentEtag" date="2025-10-17T23:40:04.579" >
    <step title="Current Etag: &quot;f721f22ccc93c9a2&quot;, Cached Etag: &quot;f721f22db4ae702d&quot;" date="2025-10-17T23:40:06.922" /><!-- duration: 81ms -->
  </step><!-- duration: 2455ms -->
  <step title="DeploymentService.GetDeployResults" date="2025-10-17T23:40:07.313" >
    <step title="DeploymentManager.GetResults" date="2025-10-17T23:40:08.621" /><!-- duration: 12529ms -->
  </step><!-- duration: 14079ms -->
  <step title="Outgoing response" date="2025-10-17T23:40:21.534" type="response" statusCode="200" statusText="OK" /><!-- duration: 19ms -->
</step><!-- duration: 18501ms -->
