<step title="BackgroundTrace" date="2025-10-17T23:16:16.266" instance="8c12c4" url="/api/zipdeploy" method="POST" >
  <step title="Creating temporary deployment - FetchDeploymentManager" date="2025-10-17T23:16:16.342" /><!-- duration: 4ms -->
  <step title="Creating temporary deployment" date="2025-10-17T23:16:16.349" /><!-- duration: 63ms -->
  <step title="Performing fetch based deployment" date="2025-10-17T23:16:16.463" >
    <step title="Cleaning up temp folders from previous zip deployments and extracting pushed zip file /tmp/zipdeploy/24c3a34f-109f-40be-89db-20a296be2c69.zip (0.67 MB) to /tmp/zipdeploy/extracted" date="2025-10-17T23:16:17.645" >
      <step title="ChmodRecursive Process exited with total time taken in ms: 88" date="2025-10-17T23:16:18.026" /><!-- duration: 11ms -->
    </step><!-- duration: 401ms -->
    <step title="Deployment timer started" date="2025-10-17T23:16:20.078" >
      <step title="DeploymentManager.Deploy(id:eaefe315-adef-4639-a165-239984dc4e43)" date="2025-10-17T23:16:20.552" >
        <step title="Collecting changeset information" date="2025-10-17T23:16:20.631" /><!-- duration: 211ms -->
        <step title="Updating submodules" date="2025-10-17T23:16:20.883" /><!-- duration: 1204ms -->
        <step title="Determining deployment builder" date="2025-10-17T23:16:22.303" >
          <step title="Builder is OryxBuilder" date="2025-10-17T23:16:22.316" /><!-- duration: 12ms -->
        </step><!-- duration: 29ms -->
        <step title="PreDeployment: context.CleanOutputPath False" date="2025-10-17T23:16:22.392" >
          <step title="PreDeployment: context.OutputPath /home/site/wwwroot" date="2025-10-17T23:16:22.511" >
            <step title="Building" date="2025-10-17T23:16:22.671" >
              <step title="Executing external process" date="2025-10-17T23:16:23.004" type="process" path="bash" arguments="-c &quot;oryx build /tmp/zipdeploy/extracted -o /home/site/wwwroot --platform nodejs --platform-version 20 -p virtualenv_name= --log-file /tmp/build-debug.log  -i /tmp/8de0dd32fbe9adf -p compress_node_modules=tar-gz | tee /tmp/oryx-build.log ; exit $PIPESTATUS &quot;" >
                <step title="Cpu: npm install(994,23.570s)+build.sh(901,0.060s)+oryx(882,6.860s)+tee(883,0.000s)+bash(881,0.000s)=total(30.480s)" date="2025-10-17T23:17:43.175" /><!-- duration: 39ms -->
                <step title="bash: no io activity for 61s, prev-cpu=-1.000s, current-cpu=30.480s" date="2025-10-17T23:17:43.343" /><!-- duration: 62ms -->
              </step><!-- duration: 93188ms -->
              <step title="Using GenericDeploymentLogParser" date="2025-10-17T23:17:56.589" /><!-- duration: 3ms -->
              <step title="Triggering recycle (preview mode disabled)." date="2025-10-17T23:17:57.764" /><!-- duration: 6ms -->
              <step title="Modified file to trigger a restart of the app container." date="2025-10-17T23:17:57.822" /><!-- duration: 3ms -->
              <step title="Skip function trigger and logicapp sync because function is not enabled." date="2025-10-17T23:17:57.838" /><!-- duration: 10ms -->
            </step><!-- duration: 96049ms -->
          </step><!-- duration: 96211ms -->
          <step title="Cleaning up temp files" date="2025-10-17T23:17:58.725" /><!-- duration: 1316ms -->
          <step title="Cleaning up temp files" date="2025-10-17T23:18:00.050" /><!-- duration: 520ms -->
          <step title="Reloading status file with latest updates" date="2025-10-17T23:18:00.594" >
            <step title="WebHooksManager.PublishEventAsync: PostDeployment" date="2025-10-17T23:18:00.599" /><!-- duration: 85ms -->
          </step><!-- duration: 93ms -->
          <step title="Cleaning up temporary deployment - fetch deployment was successful" date="2025-10-17T23:18:00.691" /><!-- duration: 3ms -->
        </step><!-- duration: 98347ms -->
      </step><!-- duration: 100198ms -->
