<step title="Incoming Request" date="2025-10-17T20:58:55.746" instance="8c12c4" url="/api/zipdeploy?isAsync=true" method="POST" type="request" pid="823,1,32" Accept="*/*" Host="customer-portal-linux.scm.azurewebsites.net" User-Agent="AZURECLI/2.74.0 (MSI)" Accept-Encoding="gzip, deflate" Authorization="Bas..." Cache-Control="no-cache" Content-Type="application/octet-stream" Cookie="ARRAffinity=8c12c43fccdb2cb932c90b6840a98918a3cfd1b69ec867b256c9a978816d35f5; ARRAffinitySameSite=8c12c43fccdb2cb932c90b6840a98918a3cfd1b69ec867b256c9a978816d35f5" Content-Length="699667" x-ms-client-request-id="0d97ed1d-ab9c-11f0-ae5d-00051b860c5a" x-ms-artifact-checksum="1311a9a05ea564f1f991e4a9cc604080149ab9b685d83ccca17258b9c250417a" X-ARR-LOG-ID="0d97ed1d-ab9c-11f0-ae5d-00051b860c5a" CLIENT-IP="24.32.74.177:60154" X-SITE-DEPLOYMENT-ID="customer-portal-linux" WAS-DEFAULT-HOSTNAME="customer-portal-linux.scm.azurewebsites.net" X-Forwarded-Proto="https" X-AppService-Proto="https" X-Forwarded-TlsVersion="1.3" X-WAWS-Unencoded-URL="/api/zipdeploy?isAsync=true" X-Client-IP="24.32.74.177" X-Client-Port="60154" >
  <step title="Cleanup Xml Logs" date="2025-10-17T20:58:56.056" /><!-- duration: 83ms -->
  <step title="ZipPushDeploy" date="2025-10-17T20:58:56.372" >
    <step title="ZipDeploy. Extract zip. Remote build." date="2025-10-17T20:58:56.482" /><!-- duration: 19ms -->
    <step title="Starting PushDeployAsync" date="2025-10-17T20:58:56.541" /><!-- duration: 40ms -->
    <step title="Removing node_modules symlink" date="2025-10-17T20:58:56.811" >
      <step title="Writing artifact to /tmp/zipdeploy/e5def2a3-0ddb-47e9-9831-91cadc56a1a0.zip" date="2025-10-17T20:58:57.236" >
        <step title="Writing multipart request body to /tmp/zipdeploy/e5def2a3-0ddb-47e9-9831-91cadc56a1a0.zip" date="2025-10-17T20:58:57.284" /><!-- duration: 32ms -->
      </step><!-- duration: 399ms -->
      <step title="Removing previous build artifact&apos;s manifest file" date="2025-10-17T20:58:57.668" >
        <step title="Start deployment in the background" date="2025-10-17T20:58:57.817" >
          <step title="Acquiring Deployment Lock" date="2025-10-17T20:58:58.157" /><!-- duration: 23ms -->
          <step title="Acquired Deployment Lock" date="2025-10-17T20:58:58.482" /><!-- duration: 49ms -->
        </step><!-- duration: 1750ms -->
      </step><!-- duration: 2149ms -->
      <step title="Outgoing response" date="2025-10-17T20:58:59.909" type="response" statusCode="202" statusText="Accepted" /><!-- duration: 80ms -->
    </step><!-- duration: 3248ms -->
