<step title="BackgroundTrace" date="2025-10-17T20:29:55.400" instance="8c12c4" url="/api/zipdeploy" method="POST" >
  <step title="Creating temporary deployment - FetchDeploymentManager" date="2025-10-17T20:29:55.689" /><!-- duration: 3ms -->
  <step title="Creating temporary deployment" date="2025-10-17T20:29:55.695" /><!-- duration: 70ms -->
  <step title="Performing fetch based deployment" date="2025-10-17T20:29:55.863" >
    <step title="Cleaning up temp folders from previous zip deployments and extracting pushed zip file /tmp/zipdeploy/89b2b059-f27c-48aa-a6fb-772b159a263b.zip (15.38 MB) to /tmp/zipdeploy/extracted" date="2025-10-17T20:29:57.139" >
      <step title="ChmodRecursive Process exited with total time taken in ms: 303" date="2025-10-17T20:30:12.636" /><!-- duration: 11ms -->
    </step><!-- duration: 15512ms -->
    <step title="Deployment timer started" date="2025-10-17T20:30:14.692" >
      <step title="DeploymentManager.Deploy(id:8cb21a15-22ec-4cbf-bec6-8043c0abecc8)" date="2025-10-17T20:30:14.705" >
        <step title="Collecting changeset information" date="2025-10-17T20:30:14.715" /><!-- duration: 85ms -->
        <step title="Updating submodules" date="2025-10-17T20:30:14.806" /><!-- duration: 1125ms -->
        <step title="Determining deployment builder" date="2025-10-17T20:30:16.178" >
          <step title="Builder is BasicBuilder" date="2025-10-17T20:30:16.186" /><!-- duration: 2ms -->
        </step><!-- duration: 13ms -->
        <step title="PreDeployment: context.CleanOutputPath False" date="2025-10-17T20:30:16.234" >
          <step title="PreDeployment: context.OutputPath /home/site/wwwroot" date="2025-10-17T20:30:16.349" >
            <step title="Building" date="2025-10-17T20:30:16.483" >
              <step title="Executing external process" date="2025-10-17T20:30:17.104" type="process" path="starter.sh" arguments="/opt/Kudu/Scripts/parallel_rsync.sh /tmp/zipdeploy/extracted /home/site/wwwroot 8 /tmp/ False True  " 