<step title="Incoming Request" date="2025-10-17T20:48:44.329" instance="8c12c4" url="/api/zipdeploy?isAsync=true" method="POST" type="request" pid="823,1,5" Accept="*/*" Host="customer-portal-linux.scm.azurewebsites.net" User-Agent="AZURECLI/2.74.0 (MSI)" Accept-Encoding="gzip, deflate" Authorization="Bas..." Cache-Control="no-cache" Content-Type="application/octet-stream" Cookie="ARRAffinity=8c12c43fccdb2cb932c90b6840a98918a3cfd1b69ec867b256c9a978816d35f5; ARRAffinitySameSite=8c12c43fccdb2cb932c90b6840a98918a3cfd1b69ec867b256c9a978816d35f5" Content-Length="7140" x-ms-client-request-id="a742d012-ab9a-11f0-baa9-00051b860c5a" x-ms-artifact-checksum="621f08e635d027e99021954425d3daef9c38f8a152dc299607458eae6bb12241" X-ARR-LOG-ID="a742d012-ab9a-11f0-baa9-00051b860c5a" CLIENT-IP="24.32.74.177:58116" X-SITE-DEPLOYMENT-ID="customer-portal-linux" WAS-DEFAULT-HOSTNAME="customer-portal-linux.scm.azurewebsites.net" X-Forwarded-Proto="https" X-AppService-Proto="https" X-Forwarded-TlsVersion="1.3" X-WAWS-Unencoded-URL="/api/zipdeploy?isAsync=true" X-Client-IP="24.32.74.177" X-Client-Port="58116" >
  <step title="ZipPushDeploy" date="2025-10-17T20:48:44.381" >
    <step title="ZipDeploy. Extract zip. Remote build." date="2025-10-17T20:48:44.389" /><!-- duration: 3ms -->
    <step title="None repository commit" date="2025-10-17T20:48:44.397" >
      <step title="Commit id: 131b91c5-54d6-4c54-af8c-0f0720ed693b" date="2025-10-17T20:48:44.400" Message="N/A" AuthorName="N/A" AuthorEmail="N/A" /><!-- duration: 2ms -->
    </step><!-- duration: 8ms -->
    <step title="Starting PushDeployAsync" date="2025-10-17T20:48:44.418" /><!-- duration: 2ms -->
    <step title="Writing artifact to /tmp/zipdeploy/fca143c8-6093-4955-aff7-535a1d5f8621.zip" date="2025-10-17T20:48:44.436" >
      <step title="Writing multipart request body to /tmp/zipdeploy/fca143c8-6093-4955-aff7-535a1d5f8621.zip" date="2025-10-17T20:48:44.443" /><!-- duration: 10ms -->
    </step><!-- duration: 48ms -->
    <step title="Start deployment in the background" date="2025-10-17T20:48:44.497" >
      <step title="Acquiring Deployment Lock" date="2025-10-17T20:48:44.524" /><!-- duration: 27ms -->
      <step title="Acquired Deployment Lock" date="2025-10-17T20:48:44.606" /><!-- duration: 13ms -->
    </step><!-- duration: 191ms -->
  </step><!-- duration: 316ms -->
  <step title="Outgoing response" date="2025-10-17T20:48:44.707" type="response" statusCode="202" statusText="Accepted" /><!-- duration: 3ms -->
</step><!-- duration: 383ms -->
