<step title="BackgroundTrace" date="2025-10-17T20:54:05.803" instance="8c12c4" url="/api/zipdeploy" method="POST" >
  <step title="Creating temporary deployment - FetchDeploymentManager" date="2025-10-17T20:54:05.881" /><!-- duration: 2ms -->
  <step title="Creating temporary deployment" date="2025-10-17T20:54:05.886" /><!-- duration: 59ms -->
  <step title="Performing fetch based deployment" date="2025-10-17T20:54:05.970" >
    <step title="Cleaning up temp folders from previous zip deployments and extracting pushed zip file /tmp/zipdeploy/55895eb6-9a73-4c0e-aaf8-488e3e3b571d.zip (0.67 MB) to /tmp/zipdeploy/extracted" date="2025-10-17T20:54:07.128" >
      <step title="ChmodRecursive Process exited with total time taken in ms: 49" date="2025-10-17T20:54:07.378" /><!-- duration: 11ms -->
    </step><!-- duration: 267ms -->
    <step title="Deployment timer started" date="2025-10-17T20:54:09.412" >
      <step title="DeploymentManager.Deploy(id:530bee6c-3acb-4015-a7e5-ac715928773a)" date="2025-10-17T20:54:09.417" >
        <step title="Collecting changeset information" date="2025-10-17T20:54:09.455" /><!-- duration: 84ms -->
        <step title="Updating submodules" date="2025-10-17T20:54:09.544" /><!-- duration: 1156ms -->
        <step title="Determining deployment builder" date="2025-10-17T20:54:10.885" >
          <step title="Builder is OryxBuilder" date="2025-10-17T20:54:10.905" /><!-- duration: 3ms -->
        </step><!-- duration: 25ms -->
        <step title="PreDeployment: context.CleanOutputPath False" date="2025-10-17T20:54:10.954" >
          <step title="PreDeployment: context.OutputPath /home/site/wwwroot" date="2025-10-17T20:54:11.069" >
            <step title="Building" date="2025-10-17T20:54:11.222" >
              <step title="Executing external process" date="2025-10-17T20:54:11.523" type="process" path="bash" arguments="-c &quot;oryx build /tmp/zipdeploy/extracted -o /home/site/wwwroot --platform nodejs --platform-version 20 -p virtualenv_name= --log-file /tmp/build-debug.log  -i /tmp/8de0dbf529d2c50 -p compress_node_modules=tar-gz | tee /tmp/oryx-build.log ; exit $PIPESTATUS &quot;" /><!-- duration: 48059ms -->
              <step title="Using GenericDeploymentLogParser" date="2025-10-17T20:54:59.964" /><!-- duration: 15ms -->
              <step title="Triggering recycle (preview mode disabled)." date="2025-10-17T20:55:01.145" /><!-- duration: 18ms -->
              <step title="Modified file to trigger a restart of the app container." date="2025-10-17T20:55:01.216" /><!-- duration: 4ms -->
              <step title="Skip function trigger and logicapp sync because function is not enabled." date="2025-10-17T20:55:01.246" /><!-- duration: 3ms -->
              <step title="Purge deployment items" date="2025-10-17T20:55:02.008" >
                <step title="Remove 697e8ceb-, Failed, received at 10/17/2025 20:52:24" date="2025-10-17T20:55:02.350" /><!-- duration: 5ms -->
              </step><!-- duration: 350ms -->
            </step><!-- duration: 51195ms -->
          </step><!-- duration: 51354ms -->
          <step title="Cleaning up temp files" date="2025-10-17T20:55:02.425" /><!-- duration: 1278ms -->
          <step title="Cleaning up temp files" date="2025-10-17T20:55:03.723" /><!-- duration: 542ms -->
          <step title="Reloading status file with latest updates" date="2025-10-17T20:55:04.334" >
            <step title="WebHooksManager.PublishEventAsync: PostDeployment" date="2025-10-17T20:55:04.346" /><!-- duration: 81ms -->
          </step><!-- duration: 101ms -->
          <step title="Cleaning up temporary deployment - fetch deployment was successful" date="2025-10-17T20:55:04.439" /><!-- duration: 3ms -->
        </step><!-- duration: 53540ms -->
      </step><!-- duration: 55148ms -->
