<step title="BackgroundTrace" date="2025-10-17T21:09:43.924" instance="8c12c4" url="/api/zipdeploy" method="POST" >
  <step title="Creating temporary deployment - FetchDeploymentManager" date="2025-10-17T21:09:44.325" /><!-- duration: 11ms -->
  <step title="Creating temporary deployment" date="2025-10-17T21:09:44.356" /><!-- duration: 180ms -->
  <step title="Performing fetch based deployment" date="2025-10-17T21:09:44.805" >
    <step title="Cleaning up temp folders from previous zip deployments and extracting pushed zip file /tmp/zipdeploy/5808f709-0664-4a59-872c-039a8d5bc680.zip (0.67 MB) to /tmp/zipdeploy/extracted" date="2025-10-17T21:09:46.565" >
      <step title="ChmodRecursive Process exited with total time taken in ms: 111" date="2025-10-17T21:09:47.691" /><!-- duration: 48ms -->
    </step><!-- duration: 1185ms -->
    <step title="Deployment timer started" date="2025-10-17T21:09:49.860" >
      <step title="DeploymentManager.Deploy(id:3f32d478-5fce-4e62-85ad-97c2c3933802)" date="2025-10-17T21:09:49.880" >
        <step title="Collecting changeset information" date="2025-10-17T21:09:49.972" /><!-- duration: 782ms -->
        <step title="Updating submodules" date="2025-10-17T21:09:50.784" /><!-- duration: 1678ms -->
        <step title="Determining deployment builder" date="2025-10-17T21:09:53.063" >
          <step title="Builder is OryxBuilder" date="2025-10-17T21:09:53.126" /><!-- duration: 20ms -->
        </step><!-- duration: 122ms -->
        <step title="PreDeployment: context.CleanOutputPath False" date="2025-10-17T21:09:53.398" >
          <step title="PreDeployment: context.OutputPath /home/site/wwwroot" date="2025-10-17T21:09:53.656" >
            <step title="Building" date="2025-10-17T21:09:53.947" >
              <step title="Executing external process" date="2025-10-17T21:09:54.915" type="process" path="bash" arguments="-c &quot;oryx build /tmp/zipdeploy/extracted -o /home/site/wwwroot --platform nodejs --platform-version 20 -p virtualenv_name= --log-file /tmp/build-debug.log  -i /tmp/8de0dc18446b2cc -p compress_node_modules=tar-gz | tee /tmp/oryx-build.log ; exit $PIPESTATUS &quot;" >
                <step title="Error occurred" date="2025-10-17T21:10:05.787" type="error" text="Deployment has been stopped due to SCM container restart. The restart can happen due to a management operation on site. Do not perform a management operation and a deployment operation in quick succession. Adding a small delay can help avoid any conflicts." /><!-- duration: 63ms -->
                <step title="Killing external process" date="2025-10-17T21:10:05.898" >
                  <step title="Abort Process &apos;oryx(852)&apos;." date="2025-10-17T21:10:06.551" /><!-- duration: 41ms -->
                  <step title="Abort Process &apos;tee(853)&apos;." date="2025-10-17T21:10:06.633" /><!-- duration: 28ms -->
                  <step title="Abort Process &apos;bash(851)&apos;." date="2025-10-17T21:10:06.722" /><!-- duration: 29ms -->
                  <step title="Process dump" date="2025-10-17T21:10:06.822" exitCode="137" type="processOutput" /><!-- duration: 72ms -->
                </step><!-- duration: 1016ms -->
