<step title="Incoming Request" date="2025-10-17T21:09:42.777" instance="8c12c4" url="/api/zipdeploy?isAsync=true" method="POST" type="request" pid="821,1,5" Accept="*/*" Host="customer-portal-linux.scm.azurewebsites.net" User-Agent="AZURECLI/2.74.0 (MSI)" Accept-Encoding="gzip, deflate" Authorization="Bas..." Cache-Control="no-cache" Content-Type="application/octet-stream" Cookie="ARRAffinity=8c12c43fccdb2cb932c90b6840a98918a3cfd1b69ec867b256c9a978816d35f5; ARRAffinitySameSite=8c12c43fccdb2cb932c90b6840a98918a3cfd1b69ec867b256c9a978816d35f5" Content-Length="699667" x-ms-client-request-id="903a9bb8-ab9d-11f0-95c9-00051b860c5a" x-ms-artifact-checksum="1311a9a05ea564f1f991e4a9cc604080149ab9b685d83ccca17258b9c250417a" X-ARR-LOG-ID="903a9bb8-ab9d-11f0-95c9-00051b860c5a" CLIENT-IP="24.32.74.177:61830" X-SITE-DEPLOYMENT-ID="customer-portal-linux" WAS-DEFAULT-HOSTNAME="customer-portal-linux.scm.azurewebsites.net" X-Forwarded-Proto="https" X-AppService-Proto="https" X-Forwarded-TlsVersion="1.3" X-WAWS-Unencoded-URL="/api/zipdeploy?isAsync=true" X-Client-IP="24.32.74.177" X-Client-Port="61830" >
  <step title="Cleanup Xml Logs" date="2025-10-17T21:09:42.796" /><!-- duration: 42ms -->
  <step title="ZipPushDeploy" date="2025-10-17T21:09:43.101" >
    <step title="ZipDeploy. Extract zip. Remote build." date="2025-10-17T21:09:43.159" /><!-- duration: 10ms -->
    <step title="None repository commit" date="2025-10-17T21:09:43.190" >
      <step title="Commit id: 3f32d478-5fce-4e62-85ad-97c2c3933802" date="2025-10-17T21:09:43.201" Message="N/A" AuthorName="N/A" AuthorEmail="N/A" /><!-- duration: 18ms -->
    </step><!-- duration: 33ms -->
    <step title="Starting PushDeployAsync" date="2025-10-17T21:09:43.232" /><!-- duration: 80ms -->
    <step title="Writing artifact to /tmp/zipdeploy/5808f709-0664-4a59-872c-039a8d5bc680.zip" date="2025-10-17T21:09:43.411" >
      <step title="Writing multipart request body to /tmp/zipdeploy/5808f709-0664-4a59-872c-039a8d5bc680.zip" date="2025-10-17T21:09:43.481" /><!-- duration: 40ms -->
    </step><!-- duration: 432ms -->
    <step title="Start deployment in the background" date="2025-10-17T21:09:43.892" >
      <step title="Acquiring Deployment Lock" date="2025-10-17T21:09:44.075" /><!-- duration: 12ms -->
      <step title="Acquired Deployment Lock" date="2025-10-17T21:09:44.293" /><!-- duration: 13ms -->
    </step><!-- duration: 684ms -->
  </step><!-- duration: 1515ms -->
  <step title="Outgoing response" date="2025-10-17T21:09:44.646" type="response" statusCode="202" statusText="Accepted" /><!-- duration: 20ms -->
</step><!-- duration: 1900ms -->
