﻿<?xml version="1.0" encoding="utf-8"?>
<deployment>
  <id>3ab9df0e-96b3-4365-af55-c186dc498984</id>
  <author>ms-azuretools-vscode</author>
  <deployer>ms-azuretools-vscode</deployer>
  <authorEmail>N/A</authorEmail>
  <message>Created via a push deployment</message>
  <progress></progress>
  <status>Success</status>
  <statusText></statusText>
  <lastSuccessEndTime>2025-10-21T16:29:51.7296049Z</lastSuccessEndTime>
  <receivedTime>2025-10-21T16:28:06.563333Z</receivedTime>
  <startTime>2025-10-21T16:28:08.2274639Z</startTime>
  <endTime>2025-10-21T16:29:51.7296049Z</endTime>
  <complete>True</complete>
  <is_temp>False</is_temp>
  <is_readonly>True</is_readonly>
  <buildSummary />
</deployment>