﻿<?xml version="1.0" encoding="utf-8"?>
<deployment>
  <id>87325efd-c0b8-460d-9c1a-438dcd9f2145</id>
  <author>N/A</author>
  <deployer>OneDeploy</deployer>
  <authorEmail>N/A</authorEmail>
  <message>OneDeploy</message>
  <progress></progress>
  <status>Success</status>
  <statusText></statusText>
  <lastSuccessEndTime>2025-10-20T18:33:44.7969912Z</lastSuccessEndTime>
  <receivedTime>2025-10-20T18:33:37.6938926Z</receivedTime>
  <startTime>2025-10-20T18:33:39.4097909Z</startTime>
  <endTime>2025-10-20T18:33:44.7969912Z</endTime>
  <complete>True</complete>
  <is_temp>False</is_temp>
  <is_readonly>True</is_readonly>
  <buildSummary />
</deployment>