<step title="BackgroundTrace" date="2025-10-17T18:24:54.005" instance="5766c0" url="/api/zipdeploy" method="POST" >
  <step title="Updating shutdown sentinel last write time" date="2025-10-17T18:24:54.036" SemaphoreCount="7" /><!-- duration: 0ms -->
  <step title="LockFile &apos;C:\home\site\locks\deployments.lock&apos; acquired" date="2025-10-17T18:24:54.036" /><!-- duration: 0ms -->
  <step title="Creating temporary deployment" date="2025-10-17T18:24:54.052" /><!-- duration: 16ms -->
  <step title="Performing fetch based deployment" date="2025-10-17T18:24:54.083" >
    <step title="Fetching changes." date="2025-10-17T18:24:54.114" /><!-- duration: 16ms -->
    <step title="Starting LocalZipHandler" date="2025-10-17T18:24:54.130" /><!-- duration: 0ms -->
    <step title="Cleaning up temp folders from previous zip deployments and extracting pushed zip file C:\local\Temp\zipdeploy\umx5icb2.zip (0.01 MB) to C:\local\Temp\zipdeploy\extracted" date="2025-10-17T18:24:54.145" /><!-- duration: 0ms -->
    <step title="Cleaning up temp folders from previous zip deployments and extracting pushed zip file C:\local\Temp\zipdeploy\umx5icb2.zip (0.01 MB) to C:\local\Temp\zipdeploy\extracted" date="2025-10-17T18:24:54.145" >
      <step title="Extracting 7 entries to C:\local\Temp\zipdeploy\extracted directory" date="2025-10-17T18:24:54.161" >
        <step title="Extracting to C:\local\Temp\zipdeploy\extracted\public\index.html ..." date="2025-10-17T18:24:54.161" /><!-- duration: 16ms -->
        <step title="Extracting to C:\local\Temp\zipdeploy\extracted\public\public\index.html ..." date="2025-10-17T18:24:54.177" /><!-- duration: 0ms -->
        <step title="Extracting to C:\local\Temp\zipdeploy\extracted\.env ..." date="2025-10-17T18:24:54.192" /><!-- duration: 0ms -->
        <step title="Extracting to C:\local\Temp\zipdeploy\extracted\DEPLOYMENT-INSTRUCTIONS.txt ..." date="2025-10-17T18:24:54.208" /><!-- duration: 0ms -->
        <step title="Extracting to C:\local\Temp\zipdeploy\extracted\package.json ..." date="2025-10-17T18:24:54.208" /><!-- duration: 0ms -->
        <step title="Extracting to C:\local\Temp\zipdeploy\extracted\server.js ..." date="2025-10-17T18:24:54.208" /><!-- duration: 0ms -->
        <step title="Extracting to C:\local\Temp\zipdeploy\extracted\setup-database-user.sql ..." date="2025-10-17T18:24:54.208" /><!-- duration: 0ms -->
      </step><!-- duration: 47ms -->
    </step><!-- duration: 78ms -->
    <step title="Before sending BuildRequestReceived status to /api/updatedeploystatus" date="2025-10-17T18:24:54.223" /><!-- duration: 0ms -->
    <step title="DeploymentManager.Deploy(id:3a2a0460cf8c4419a18e9908a8e5a855)" date="2025-10-17T18:24:54.223" >
      <step title="Collecting changeset information" date="2025-10-17T18:24:54.223" /><!-- duration: 31ms -->
      <step title="Updating submodules" date="2025-10-17T18:24:54.270" >
        <step title="Updating submodules." date="2025-10-17T18:24:54.286" /><!-- duration: 0ms -->
      </step><!-- duration: 16ms -->
      <step title="Preparing deployment for commit id &apos;3a2a0460cf&apos;." date="2025-10-17T18:24:54.317" /><!-- duration: 0ms -->
      <step title="Determining deployment builder" date="2025-10-17T18:24:54.333" >
        <step title="Builder is BasicBuilder" date="2025-10-17T18:24:54.333" /><!-- duration: 16ms -->
      </step><!-- duration: 16ms -->
      <step title="Copying SSH keys" date="2025-10-17T18:24:54.348" /><!-- duration: 0ms -->
      <step title="Building" date="2025-10-17T18:24:54.348" >
        <step title="Generating deployment script." date="2025-10-17T18:24:54.380" /><!-- duration: 0ms -->
        <step title="Generating deployment script" date="2025-10-17T18:24:54.380" >
          <step title="Using the following command to generate deployment script: &apos;azure site deploymentscript -y --no-dot-deployment -r &quot;C:\local\Temp\zipdeploy\extracted&quot; -o &quot;C:\home\site\deployments\tools&quot; --basic --sitePath &quot;C:\local\Temp\zipdeploy\extracted&quot;&apos;." date="2025-10-17T18:24:54.411" /><!-- duration: 0ms -->
          <step title="Executing external process" date="2025-10-17T18:24:54.427" type="process" path="starter.cmd" arguments="&quot;C:\Program Files (x86)\SiteExtensions\Kudu\2025.09.1.1\bin\node_modules\.bin\kuduscript.cmd&quot; -y --no-dot-deployment -r &quot;C:\local\Temp\zipdeploy\extracted&quot; -o &quot;C:\home\site\deployments\tools&quot; --basic --sitePath &quot;C:\local\Temp\zipdeploy\extracted&quot;" >
            <step title="AppInsightsAgent: Successfully loaded ETW" date="2025-10-17T18:24:57.083" /><!-- duration: 0ms -->
            <step title="AppInsightsAgent ETWLogger Application Insights was started succesfully." date="2025-10-17T18:24:59.568" /><!-- duration: 16ms -->
            <step title="Generating deployment script for Web Site" date="2025-10-17T18:24:59.584" /><!-- duration: 0ms -->
            <step title="Generated deployment script files" date="2025-10-17T18:24:59.678" /><!-- duration: 0ms -->
          </step><!-- duration: 5282ms -->
          <step title="Saved cached version of the deployment script for command -y --no-dot-deployment -r &quot;C:\local\Temp\zipdeploy\extracted&quot; -o &quot;C:\home\site\deployments\tools&quot; --basic --sitePath &quot;C:\local\Temp\zipdeploy\extracted&quot;" date="2025-10-17T18:24:59.709" /><!-- duration: 0ms -->
        </step><!-- duration: 5329ms -->
        <step title="Running deployment command..." date="2025-10-17T18:24:59.740" /><!-- duration: 0ms -->
        <step title="Command: &quot;C:\home\site\deployments\tools\deploy.cmd&quot;" date="2025-10-17T18:24:59.740" /><!-- duration: 16ms -->
        <step title="Executing external process" date="2025-10-17T18:24:59.771" type="process" path="starter.cmd" arguments="&quot;C:\home\site\deployments\tools\deploy.cmd&quot;" >
          <step title="Handling Basic Web Site deployment." date="2025-10-17T18:24:59.896" /><!-- duration: 0ms -->
          <step title="Creating app_offline.htm" date="2025-10-17T18:25:00.053" /><!-- duration: 16ms -->
          <step title="KuduSync.NET from: &apos;C:\local\Temp\zipdeploy\extracted&apos; to: &apos;C:\home\site\wwwroot&apos;" date="2025-10-17T18:25:00.068" /><!-- duration: 0ms -->
          <step title="Deleting file: &apos;hostingstart.html&apos;" date="2025-10-17T18:25:00.068" /><!-- duration: 0ms -->
          <step title="Copying file: &apos;.env&apos;" date="2025-10-17T18:25:00.084" /><!-- duration: 0ms -->
          <step title="Copying file: &apos;DEPLOYMENT-INSTRUCTIONS.txt&apos;" date="2025-10-17T18:25:00.084" /><!-- duration: 0ms -->
          <step title="Copying file: &apos;package.json&apos;" date="2025-10-17T18:25:00.084" /><!-- duration: 0ms -->
          <step title="Copying file: &apos;server.js&apos;" date="2025-10-17T18:25:00.100" /><!-- duration: 0ms -->
          <step title="Copying file: &apos;setup-database-user.sql&apos;" date="2025-10-17T18:25:00.100" /><!-- duration: 0ms -->
          <step title="Copying file: &apos;public\index.html&apos;" date="2025-10-17T18:25:00.100" /><!-- duration: 16ms -->
          <step title="Copying file: &apos;public\public\index.html&apos;" date="2025-10-17T18:25:00.115" /><!-- duration: 0ms -->
          <step title="Deleting app_offline.htm" date="2025-10-17T18:25:00.115" /><!-- duration: 0ms -->
          <step title="Finished successfully." date="2025-10-17T18:25:00.115" /><!-- duration: 16ms -->
        </step><!-- duration: 359ms -->
        <step title="Running post deployment command(s)..." date="2025-10-17T18:25:00.147" /><!-- duration: 16ms -->
        <step title="Triggering recycle (preview mode disabled)." date="2025-10-17T18:25:00.209" /><!-- duration: 0ms -->
        <step title="Ignoring FS watcher based recycle request as this is a classic Windows app." date="2025-10-17T18:25:00.209" /><!-- duration: 0ms -->
        <step title="Deployment successful. DEPLOYMENTINFO: deploymentPath = ZipDeploy. Extract zip. , deployer = ZipDeploy, os = windows, sku = PremiumV4, siteName = customer-portal, siteHostName = customer-portal-adbudbhae3gjcrhm.centralus-01.azurewebsites.net, deploymentStatus = Success" date="2025-10-17T18:25:00.225" /><!-- duration: 0ms -->
      </step><!-- duration: 5923ms -->
    </step><!-- duration: 6048ms -->
    <step title="Cleaning up temp files" date="2025-10-17T18:25:00.272" /><!-- duration: 0ms -->
    <step title="Skip function trigger and logicapp sync because function is not enabled." date="2025-10-17T18:25:00.287" /><!-- duration: 0ms -->
  </step><!-- duration: 6204ms -->
  <step title="LockFile &apos;C:\home\site\locks\deployments.lock&apos; released" date="2025-10-17T18:25:00.287" /><!-- duration: 0ms -->
  <step title="Deleting shutdown sentinel file" date="2025-10-17T18:25:00.303" SemaphoreCount="8" /><!-- duration: 0ms -->
</step><!-- duration: 6298ms -->
