<step title="Incoming Request" date="2025-10-17T20:12:36.269" instance="5766c0" url="/api/zipdeploy?isAsync=true" method="POST" type="request" pid="6664,2,9" Cache-Control="no-cache" Content-Length="16126021" Content-Type="application/octet-stream" Accept="*/*" Accept-Encoding="gzip, deflate" Authorization="Bea..." Host="customer-portal-adbudbhae3gjcrhm.scm.centralus-01.azurewebsites.net" User-Agent="AZURECLI/2.74.0 (MSI)" x-ms-client-request-id="9d70b184-ab95-11f0-860c-00051b860c5a" X-ARR-LOG-ID="9d70b184-ab95-11f0-860c-00051b860c5a" CLIENT-IP="24.32.74.177:55132" X-SITE-DEPLOYMENT-ID="customer-portal" WAS-DEFAULT-HOSTNAME="customer-portal-adbudbhae3gjcrhm.scm.centralus-01.azurewebsites.net" X-Forwarded-Proto="https" X-AppService-Proto="https" X-Forwarded-TlsVersion="1.3" X-WAWS-Unencoded-URL="/api/zipdeploy?isAsync=true" >
  <step title="Cleanup Xml Logs" date="2025-10-17T20:12:36.269" /><!-- duration: 0ms -->
  <step title="ZipPushDeploy" date="2025-10-17T20:12:36.300" >
    <step title="ZipDeploy. Extract zip. " date="2025-10-17T20:12:36.316" /><!-- duration: 0ms -->
    <step title="Starting PushDeployAsync" date="2025-10-17T20:12:36.316" /><!-- duration: 16ms -->
    <step title="Updating shutdown sentinel last write time" date="2025-10-17T20:12:36.363" SemaphoreCount="7" /><!-- duration: 0ms -->
    <step title="LockFile &apos;C:\home\site\locks\deployments.lock&apos; acquired" date="2025-10-17T20:12:36.363" /><!-- duration: 0ms -->
    <step title="Saving request content to C:\local\Temp\zipdeploy\zngvgyh3.zip" date="2025-10-17T20:12:36.378" >
      <step title="Total 16,126,021 bytes written to C:\local\Temp\zipdeploy\zngvgyh3.zip" date="2025-10-17T20:12:40.833" /><!-- duration: 0ms -->
    </step><!-- duration: 4502ms -->
    <step title="LockFile &apos;C:\home\site\locks\deployments.lock&apos; released" date="2025-10-17T20:12:40.880" /><!-- duration: 16ms -->
    <step title="Deleting shutdown sentinel file" date="2025-10-17T20:12:40.896" SemaphoreCount="8" /><!-- duration: 0ms -->
    <step title="Starting FetchDeploy" date="2025-10-17T20:12:40.927" /><!-- duration: 0ms -->
    <step title="Start deployment in the background" date="2025-10-17T20:12:40.927" >
      <step title="Starting LocalZipFetch" date="2025-10-17T20:12:41.037" /><!-- duration: 0ms -->
    </step><!-- duration: 858ms -->
  </step><!-- duration: 5484ms -->
  <step title="Outgoing response" date="2025-10-17T20:12:42.363" type="response" statusCode="202" statusText="Accepted" Server="Microsoft-IIS/10.0" x-ms-request-id="9d70b184-ab95-11f0-860c-00051b860c5a" Retry-After="30" Cache-Control="private" X-AspNet-Version="4.0.30319" Location="https://customer-portal-adbudbhae3gjcrhm.scm.centralus-01.azurewebsites.net/api/deployments/latest?deployer=ZipDeploy&amp;time=2025-10-17_20-12-41Z" /><!-- duration: 0ms -->
</step><!-- duration: 6094ms -->
