<step title="BackgroundTrace" date="2025-10-17T20:05:48.270" instance="5766c0" url="/api/zipdeploy" method="POST" >
  <step title="Updating shutdown sentinel last write time" date="2025-10-17T20:05:48.285" SemaphoreCount="7" /><!-- duration: 0ms -->
  <step title="LockFile &apos;C:\home\site\locks\deployments.lock&apos; acquired" date="2025-10-17T20:05:48.285" /><!-- duration: 0ms -->
  <step title="Creating temporary deployment" date="2025-10-17T20:05:48.285" /><!-- duration: 31ms -->
  <step title="Performing fetch based deployment" date="2025-10-17T20:05:48.317" >
    <step title="Fetching changes." date="2025-10-17T20:05:48.348" /><!-- duration: 16ms -->
    <step title="Starting LocalZipHandler" date="2025-10-17T20:05:48.363" /><!-- duration: 0ms -->
    <step title="Cleaning up temp folders from previous zip deployments and extracting pushed zip file C:\local\Temp\zipdeploy\ion2jwwi.zip (15.38 MB) to C:\local\Temp\zipdeploy\extracted" date="2025-10-17T20:05:48.379" /><!-- duration: 0ms -->
    <step title="Cleaning up temp folders from previous zip deployments and extracting pushed zip file C:\local\Temp\zipdeploy\ion2jwwi.zip (15.38 MB) to C:\local\Temp\zipdeploy\extracted" date="2025-10-17T20:05:48.379" >
      <step title="Extracting 10308 entries to C:\local\Temp\zipdeploy\extracted directory" date="2025-10-17T20:05:49.027" >
        <step title="Extracting to C:\local\Temp\zipdeploy\extracted\public\index.html ..." date="2025-10-17T20:05:49.027" /><!-- duration: 16ms -->
        <step title="Extracting to C:\local\Temp\zipdeploy\extracted\node_modules\.package-lock.json ..." date="2025-10-17T20:05:49.043" /><!-- duration: 0ms -->
        <step title="Extracting to C:\local\Temp\zipdeploy\extracted\node_modules\.bin\is-docker ..." date="2025-10-17T20:05:49.043" /><!-- duration: 16ms -->
        <step title="Extracting to C:\local\Temp\zipdeploy\extracted\node_modules\.bin\is-docker.cmd ..." date="2025-10-17T20:05:49.059" /><!-- duration: 0ms -->
        <step title="Extracting to C:\local\Temp\zipdeploy\extracted\node_modules\.bin\is-docker.ps1 ..." date="2025-10-17T20:05:49.059" /><!-- duration: 0ms -->
        <step title="Omitting extracting file traces ..." date="2025-10-17T20:05:49.059" /><!-- duration: 0ms -->
      </step><!-- duration: 9153ms -->
    </step><!-- duration: 9801ms -->
    <step title="Before sending BuildRequestReceived status to /api/updatedeploystatus" date="2025-10-17T20:05:58.180" /><!-- duration: 0ms -->
    <step title="DeploymentManager.Deploy(id:e28c5b4e11f34a8ba69eba31e1eec732)" date="2025-10-17T20:05:58.180" >
      <step title="Collecting changeset information" date="2025-10-17T20:05:58.196" /><!-- duration: 16ms -->
      <step title="Updating submodules" date="2025-10-17T20:05:58.227" >
        <step title="Updating submodules." date="2025-10-17T20:05:58.259" /><!-- duration: 0ms -->
      </step><!-- duration: 31ms -->
      <step title="Preparing deployment for commit id &apos;e28c5b4e11&apos;." date="2025-10-17T20:05:58.274" /><!-- duration: 0ms -->
      <step title="Determining deployment builder" date="2025-10-17T20:05:58.305" >
        <step title="Builder is BasicBuilder" date="2025-10-17T20:05:58.305" /><!-- duration: 16ms -->
      </step><!-- duration: 16ms -->
      <step title="Copying SSH keys" date="2025-10-17T20:05:58.337" /><!-- duration: 0ms -->
      <step title="Building" date="2025-10-17T20:05:58.337" >
        <step title="Generating deployment script." date="2025-10-17T20:05:58.383" /><!-- duration: 0ms -->
        <step title="Generating deployment script" date="2025-10-17T20:05:58.383" >
          <step title="Using cached version of the deployment script for command: -y --no-dot-deployment -r &quot;C:\local\Temp\zipdeploy\extracted&quot; -o &quot;C:\home\site\deployments\tools&quot; --basic --sitePath &quot;C:\local\Temp\zipdeploy\extracted&quot;" date="2025-10-17T20:05:58.430" /><!-- duration: 0ms -->
          <step title="Using cached version of deployment script (command: &apos;azure -y --no-dot-deployment -r &quot;C:\local\Temp\zipdeploy\extracted&quot; -o &quot;C:\home\site\deployments\tools&quot; --basic --sitePath &quot;C:\local\Temp\zipdeploy\extracted&quot;&apos;)." date="2025-10-17T20:05:58.430" /><!-- duration: 0ms -->
        </step><!-- duration: 47ms -->
        <step title="Running deployment command..." date="2025-10-17T20:05:58.462" /><!-- duration: 0ms -->
        <step title="Command: &quot;C:\home\site\deployments\tools\deploy.cmd&quot;" date="2025-10-17T20:05:58.493" /><!-- duration: 0ms -->
        <step title="Executing external process" date="2025-10-17T20:05:58.493" type="process" path="starter.cmd" arguments="&quot;C:\home\site\deployments\tools\deploy.cmd&quot;" >
          <step title="Handling Basic Web Site deployment." date="2025-10-17T20:05:58.602" /><!-- duration: 0ms -->
          <step title="Creating app_offline.htm" date="2025-10-17T20:05:58.790" /><!-- duration: 0ms -->
          <step title="KuduSync.NET from: &apos;C:\local\Temp\zipdeploy\extracted&apos; to: &apos;C:\home\site\wwwroot&apos;" date="2025-10-17T20:05:58.790" /><!-- duration: 16ms -->
          <step title="Copying file: &apos;package-lock.json&apos;" date="2025-10-17T20:05:58.805" /><!-- duration: 0ms -->
          <step title="Copying file: &apos;package.json&apos;" date="2025-10-17T20:05:58.805" /><!-- duration: 0ms -->
          <step title="Copying file: &apos;server.js&apos;" date="2025-10-17T20:05:58.821" /><!-- duration: 0ms -->
          <step title="Copying file: &apos;node_modules\.package-lock.json&apos;" date="2025-10-17T20:05:58.821" /><!-- duration: 0ms -->
          <step title="Copying file: &apos;node_modules\.bin\is-docker&apos;" date="2025-10-17T20:05:58.821" /><!-- duration: 0ms -->
          <step title="Copying file: &apos;node_modules\.bin\is-docker.cmd&apos;" date="2025-10-17T20:05:58.837" /><!-- duration: 0ms -->
          <step title="Copying file: &apos;node_modules\.bin\is-docker.ps1&apos;" date="2025-10-17T20:05:58.837" /><!-- duration: 0ms -->
          <step title="Copying file: &apos;node_modules\.bin\is-inside-container&apos;" date="2025-10-17T20:05:58.837" /><!-- duration: 0ms -->
          <step title="Copying file: &apos;node_modules\.bin\is-inside-container.cmd&apos;" date="2025-10-17T20:05:58.852" /><!-- duration: 0ms -->
          <step title="Copying file: &apos;node_modules\.bin\is-inside-container.ps1&apos;" date="2025-10-17T20:05:58.852" /><!-- duration: 16ms -->
          <step title="Copying file: &apos;node_modules\.bin\mssql&apos;" date="2025-10-17T20:05:58.868" /><!-- duration: 16ms -->
          <step title="Copying file: &apos;node_modules\.bin\mssql.cmd&apos;" date="2025-10-17T20:05:58.884" /><!-- duration: 0ms -->
          <step title="Copying file: &apos;node_modules\.bin\mssql.ps1&apos;" date="2025-10-17T20:05:58.884" /><!-- duration: 0ms -->
          <step title="Copying file: &apos;node_modules\.bin\uuid&apos;" date="2025-10-17T20:05:58.884" /><!-- duration: 0ms -->
          <step title="Copying file: &apos;node_modules\.bin\uuid.cmd&apos;" date="2025-10-17T20:05:58.899" /><!-- duration: 0ms -->
          <step title="Copying file: &apos;node_modules\.bin\uuid.ps1&apos;" date="2025-10-17T20:05:58.899" /><!-- duration: 0ms -->
          <step title="Copying file: &apos;node_modules\@azure\abort-controller\LICENSE&apos;" date="2025-10-17T20:05:58.899" /><!-- duration: 0ms -->
          <step title="Copying file: &apos;node_modules\@azure\abort-controller\package.json&apos;" date="2025-10-17T20:05:58.915" /><!-- duration: 0ms -->
          <step title="Copying file: &apos;node_modules\@azure\abort-controller\README.md&apos;" date="2025-10-17T20:05:58.915" /><!-- duration: 0ms -->
          <step title="Copying file: &apos;node_modules\@azure\abort-controller\dist\abort-controller.d.ts&apos;" date="2025-10-17T20:05:58.915" /><!-- duration: 0ms -->
          <step title="Copying file: &apos;node_modules\@azure\abort-controller\dist\browser\AbortError.d.ts&apos;" date="2025-10-17T20:05:58.930" /><!-- duration: 0ms -->
          <step title="Copying file: &apos;node_modules\@azure\abort-controller\dist\browser\AbortError.d.ts.map&apos;" date="2025-10-17T20:05:58.930" /><!-- duration: 0ms -->
          <step title="Copying file: &apos;node_modules\@azure\abort-controller\dist\browser\AbortError.js&apos;" date="2025-10-17T20:05:58.930" /><!-- duration: 0ms -->
          <step title="Copying file: &apos;node_modules\@azure\abort-controller\dist\browser\AbortError.js.map&apos;" date="2025-10-17T20:05:58.946" /><!-- duration: 0ms -->
          <step title="Copying file: &apos;node_modules\@azure\abort-controller\dist\browser\AbortSignalLike.d.ts&apos;" date="2025-10-17T20:05:58.946" /><!-- duration: 0ms -->
          <step title="Copying file: &apos;node_modules\@azure\abort-controller\dist\browser\AbortSignalLike.d.ts.map&apos;" date="2025-10-17T20:05:58.946" /><!-- duration: 0ms -->
          <step title="Copying file: &apos;node_modules\@azure\abort-controller\dist\browser\AbortSignalLike.js&apos;" date="2025-10-17T20:05:58.962" /><!-- duration: 0ms -->
          <step title="Copying file: &apos;node_modules\@azure\abort-controller\dist\browser\AbortSignalLike.js.map&apos;" date="2025-10-17T20:05:58.962" /><!-- duration: 0ms -->
          <step title="Copying file: &apos;node_modules\@azure\abort-controller\dist\browser\index.d.ts&apos;" date="2025-10-17T20:05:58.962" /><!-- duration: 0ms -->
          <step title="Copying file: &apos;node_modules\@azure\abort-controller\dist\browser\index.d.ts.map&apos;" date="2025-10-17T20:05:58.977" /><!-- duration: 0ms -->
          <step title="Copying file: &apos;node_modules\@azure\abort-controller\dist\browser\index.js&apos;" date="2025-10-17T20:05:58.977" /><!-- duration: 0ms -->
          <step title="Copying file: &apos;node_modules\@azure\abort-controller\dist\browser\index.js.map&apos;" date="2025-10-17T20:05:58.993" /><!-- duration: 0ms -->
          <step title="Copying file: &apos;node_modules\@azure\abort-controller\dist\browser\package.json&apos;" date="2025-10-17T20:05:58.993" /><!-- duration: 16ms -->
          <step title="Copying file: &apos;node_modules\@azure\abort-controller\dist\commonjs\AbortError.d.ts&apos;" date="2025-10-17T20:05:59.009" /><!-- duration: 0ms -->
          <step title="Copying file: &apos;node_modules\@azure\abort-controller\dist\commonjs\AbortError.d.ts.map&apos;" date="2025-10-17T20:05:59.009" /><!-- duration: 0ms -->
          <step title="Copying file: &apos;node_modules\@azure\abort-controller\dist\commonjs\AbortError.js&apos;" date="2025-10-17T20:05:59.024" /><!-- duration: 0ms -->
          <step title="Copying file: &apos;node_modules\@azure\abort-controller\dist\commonjs\AbortError.js.map&apos;" date="2025-10-17T20:05:59.024" /><!-- duration: 0ms -->
          <step title="Copying file: &apos;node_modules\@azure\abort-controller\dist\commonjs\AbortSignalLike.d.ts&apos;" date="2025-10-17T20:05:59.024" /><!-- duration: 0ms -->
          <step title="Copying file: &apos;node_modules\@azure\abort-controller\dist\commonjs\AbortSignalLike.d.ts.map&apos;" date="2025-10-17T20:05:59.040" /><!-- duration: 0ms -->
          <step title="Copying file: &apos;node_modules\@azure\abort-controller\dist\commonjs\AbortSignalLike.js&apos;" date="2025-10-17T20:05:59.040" /><!-- duration: 0ms -->
          <step title="Copying file: &apos;node_modules\@azure\abort-controller\dist\commonjs\AbortSignalLike.js.map&apos;" date="2025-10-17T20:05:59.055" /><!-- duration: 0ms -->
          <step title="Copying file: &apos;node_modules\@azure\abort-controller\dist\commonjs\index.d.ts&apos;" date="2025-10-17T20:05:59.055" /><!-- duration: 0ms -->
          <step title="Copying file: &apos;node_modules\@azure\abort-controller\dist\commonjs\index.d.ts.map&apos;" date="2025-10-17T20:05:59.055" /><!-- duration: 0ms -->
          <step title="Copying file: &apos;node_modules\@azure\abort-controller\dist\commonjs\index.js&apos;" date="2025-10-17T20:05:59.071" /><!-- duration: 0ms -->
          <step title="Copying file: &apos;node_modules\@azure\abort-controller\dist\commonjs\index.js.map&apos;" date="2025-10-17T20:05:59.071" /><!-- duration: 0ms -->
          <step title="Copying file: &apos;node_modules\@azure\abort-controller\dist\commonjs\package.json&apos;" date="2025-10-17T20:05:59.087" /><!-- duration: 0ms -->
          <step title="Copying file: &apos;node_modules\@azure\abort-controller\dist\commonjs\tsdoc-metadata.json&apos;" date="2025-10-17T20:05:59.149" /><!-- duration: 0ms -->
          <step title="Copying file: &apos;node_modules\@azure\abort-controller\dist\esm\AbortError.d.ts&apos;" date="2025-10-17T20:05:59.149" /><!-- duration: 0ms -->
          <step title="Omitting next output lines..." date="2025-10-17T20:05:59.149" /><!-- duration: 16ms -->
          <step title="Processed 2891 files..." date="2025-10-17T20:06:18.934" /><!-- duration: 0ms -->
          <step title="Processed 4459 files..." date="2025-10-17T20:06:38.941" /><!-- duration: 0ms -->
          <step title="Processed 6570 files..." date="2025-10-17T20:06:58.945" /><!-- duration: 0ms -->
          <step title="Finished successfully." date="2025-10-17T20:07:18.028" /><!-- duration: 0ms -->
        </step><!-- duration: 79536ms -->
        <step title="Running post deployment command(s)..." date="2025-10-17T20:07:18.044" /><!-- duration: 16ms -->
        <step title="Triggering recycle (preview mode disabled)." date="2025-10-17T20:07:18.091" /><!-- duration: 0ms -->
        <step title="Ignoring FS watcher based recycle request as this is a classic Windows app." date="2025-10-17T20:07:18.091" /><!-- duration: 0ms -->
        <step title="Deployment successful. DEPLOYMENTINFO: deploymentPath = ZipDeploy. Extract zip. , deployer = ZipDeploy, os = windows, sku = PremiumV4, siteName = customer-portal, siteHostName = customer-portal-adbudbhae3gjcrhm.centralus-01.azurewebsites.net, deploymentStatus = Success" date="2025-10-17T20:07:18.107" /><!-- duration: 0ms -->
      </step><!-- duration: 79817ms -->
    </step><!-- duration: 79973ms -->
    <step title="Cleaning up temp files" date="2025-10-17T20:07:18.153" /><!-- duration: 0ms -->
    <step title="Skip function trigger and logicapp sync because function is not enabled." date="2025-10-17T20:07:18.169" /><!-- duration: 0ms -->
  </step><!-- duration: 89853ms -->
  <step title="LockFile &apos;C:\home\site\locks\deployments.lock&apos; released" date="2025-10-17T20:07:18.169" /><!-- duration: 0ms -->
  <step title="Deleting shutdown sentinel file" date="2025-10-17T20:07:18.185" SemaphoreCount="8" /><!-- duration: 0ms -->
</step><!-- duration: 89915ms -->
