﻿<?xml version="1.0" encoding="utf-8"?>
<deployment>
  <id>42203edb-2193-41e8-a65e-f3e50fa150f9</id>
  <author>N/A</author>
  <deployer>Push-Deployer</deployer>
  <authorEmail>N/A</authorEmail>
  <message>Created via a push deployment</message>
  <progress></progress>
  <status>Failed</status>
  <statusText></statusText>
  <lastSuccessEndTime />
  <receivedTime>2025-10-20T19:06:06.5695765Z</receivedTime>
  <startTime>2025-10-20T19:06:08.9902368Z</startTime>
  <endTime>2025-10-20T19:14:30.147531Z</endTime>
  <complete>True</complete>
  <is_temp>False</is_temp>
  <is_readonly>True</is_readonly>
  <buildSummary />
</deployment>