﻿<?xml version="1.0" encoding="utf-8"?>
<deployment>
  <id>cd1f3953-74ec-4f1a-bd76-42a18e4cdc27</id>
  <author>ms-azuretools-vscode</author>
  <deployer>ms-azuretools-vscode</deployer>
  <authorEmail>N/A</authorEmail>
  <message>Created via a push deployment</message>
  <progress></progress>
  <status>Success</status>
  <statusText></statusText>
  <lastSuccessEndTime>2025-10-22T20:17:27.0796022Z</lastSuccessEndTime>
  <receivedTime>2025-10-22T20:14:06.2535138Z</receivedTime>
  <startTime>2025-10-22T20:14:07.9228895Z</startTime>
  <endTime>2025-10-22T20:17:27.0796022Z</endTime>
  <complete>True</complete>
  <is_temp>False</is_temp>
  <is_readonly>True</is_readonly>
  <buildSummary />
</deployment>