﻿<?xml version="1.0" encoding="utf-8"?>
<deployment>
  <id>a387472e-8428-4561-bae9-9e0c80eb753c</id>
  <author>N/A</author>
  <deployer>OneDeploy</deployer>
  <authorEmail>N/A</authorEmail>
  <message>OneDeploy</message>
  <progress></progress>
  <status>Success</status>
  <statusText></statusText>
  <lastSuccessEndTime>2025-10-21T18:10:50.5440241Z</lastSuccessEndTime>
  <receivedTime>2025-10-21T18:10:42.8368041Z</receivedTime>
  <startTime>2025-10-21T18:10:44.4878472Z</startTime>
  <endTime>2025-10-21T18:10:50.5440241Z</endTime>
  <complete>True</complete>
  <is_temp>False</is_temp>
  <is_readonly>True</is_readonly>
  <buildSummary />
</deployment>