﻿<?xml version="1.0" encoding="utf-8"?>
<deployment>
  <id>b190392b-399e-49ab-a9e0-605faeef0b64</id>
  <author>N/A</author>
  <deployer>Push-Deployer</deployer>
  <authorEmail>N/A</authorEmail>
  <message>Created via a push deployment</message>
  <progress></progress>
  <status>Success</status>
  <statusText></statusText>
  <lastSuccessEndTime>2025-10-20T13:10:14.9795106Z</lastSuccessEndTime>
  <receivedTime>2025-10-20T13:08:41.318616Z</receivedTime>
  <startTime>2025-10-20T13:08:42.8871825Z</startTime>
  <endTime>2025-10-20T13:10:14.9795106Z</endTime>
  <complete>True</complete>
  <is_temp>False</is_temp>
  <is_readonly>True</is_readonly>
  <buildSummary />
</deployment>