<step title="BackgroundTrace" date="2025-10-18T04:37:57.378" instance="b47714" url="/api/zipdeploy" method="POST" >
  <step title="Creating temporary deployment - FetchDeploymentManager" date="2025-10-18T04:37:57.435" /><!-- duration: 3ms -->
  <step title="Creating temporary deployment" date="2025-10-18T04:37:57.442" /><!-- duration: 68ms -->
  <step title="Performing fetch based deployment" date="2025-10-18T04:37:57.561" >
    <step title="Cleaning up temp folders from previous zip deployments and extracting pushed zip file /tmp/zipdeploy/2261b45f-b891-49e9-8d1c-457118e1e39d.zip (0.70 MB) to /tmp/zipdeploy/extracted" date="2025-10-18T04:37:58.797" >
      <step title="ChmodRecursive Process exited with total time taken in ms: 60" date="2025-10-18T04:37:58.923" /><!-- duration: 9ms -->
    </step><!-- duration: 143ms -->
    <step title="Deployment timer started" date="2025-10-18T04:38:00.964" >
      <step title="DeploymentManager.Deploy(id:008eca82-7e74-48e2-8ebf-17977d5a6dd5)" date="2025-10-18T04:38:00.976" >
        <step title="Collecting changeset information" date="2025-10-18T04:38:00.994" /><!-- duration: 88ms -->
        <step title="Updating submodules" date="2025-10-18T04:38:01.097" /><!-- duration: 1147ms -->
        <step title="Determining deployment builder" date="2025-10-18T04:38:02.482" >
          <step title="Builder is OryxBuilder" date="2025-10-18T04:38:02.491" /><!-- duration: 3ms -->
        </step><!-- duration: 16ms -->
        <step title="PreDeployment: context.CleanOutputPath False" date="2025-10-18T04:38:02.530" >
          <step title="PreDeployment: context.OutputPath /home/site/wwwroot" date="2025-10-18T04:38:02.638" >
            <step title="Building" date="2025-10-18T04:38:02.793" >
              <step title="Executing external process" date="2025-10-18T04:38:03.118" type="process" path="bash" arguments="-c &quot;oryx build /tmp/zipdeploy/extracted -o /home/site/wwwroot --platform nodejs --platform-version 20 -p virtualenv_name= --log-file /tmp/build-debug.log  -i /tmp/8de0e001f885953 -p compress_node_modules=tar-gz | tee /tmp/oryx-build.log ; exit $PIPESTATUS &quot;" /><!-- duration: 37532ms -->
              <step title="Using GenericDeploymentLogParser" date="2025-10-18T04:38:41.286" /><!-- duration: 6ms -->
              <step title="Triggering recycle (preview mode disabled)." date="2025-10-18T04:38:42.425" /><!-- duration: 7ms -->
              <step title="Modified file to trigger a restart of the app container." date="2025-10-18T04:38:42.468" /><!-- duration: 4ms -->
              <step title="Skip function trigger and logicapp sync because function is not enabled." date="2025-10-18T04:38:42.570" /><!-- duration: 5ms -->
            </step><!-- duration: 40412ms -->
          </step><!-- duration: 40571ms -->
          <step title="Cleaning up temp files" date="2025-10-18T04:38:43.212" /><!-- duration: 364ms -->
          <step title="Cleaning up temp files" date="2025-10-18T04:38:43.584" /><!-- duration: 505ms -->
          <step title="Reloading status file with latest updates" date="2025-10-18T04:38:44.122" >
            <step title="WebHooksManager.PublishEventAsync: PostDeployment" date="2025-10-18T04:38:44.128" /><!-- duration: 61ms -->
          </step><!-- duration: 71ms -->
          <step title="Cleaning up temporary deployment - fetch deployment was successful" date="2025-10-18T04:38:44.199" /><!-- duration: 4ms -->
        </step><!-- duration: 41735ms -->
      </step><!-- duration: 43311ms -->
