<step title="BackgroundTrace" date="2025-10-18T22:59:41.306" instance="5b3f8a" url="/api/zipdeploy" method="POST" >
  <step title="Cleanup Xml Logs" date="2025-10-18T22:59:41.381" >
    <step title="Cleanup Infos" date="2025-10-18T22:59:41.531" totalFiles="347" totalCleanup="187" /><!-- duration: 28ms -->
  </step><!-- duration: 186ms -->
  <step title="Creating temporary deployment - FetchDeploymentManager" date="2025-10-18T22:59:41.714" /><!-- duration: 11ms -->
  <step title="Creating temporary deployment" date="2025-10-18T22:59:41.733" /><!-- duration: 72ms -->
  <step title="Performing fetch based deployment" date="2025-10-18T22:59:41.872" >
    <step title="Cleaning up temp folders from previous zip deployments and extracting pushed zip file /tmp/zipdeploy/b8426cdd-1a15-4088-b816-0391131acf39.zip (171.19 MB) to /tmp/zipdeploy/extracted" date="2025-10-18T22:59:43.162" >
      <step title="ChmodRecursive Process exited with total time taken in ms: 201" date="2025-10-18T22:59:48.674" /><!-- duration: 8ms -->
    </step><!-- duration: 5533ms -->
    <step title="Deployment timer started" date="2025-10-18T22:59:50.731" >
      <step title="DeploymentManager.Deploy(id:8260ed07-3cdb-4cab-9dd1-f08a708311d3)" date="2025-10-18T22:59:50.751" >
        <step title="Collecting changeset information" date="2025-10-18T22:59:50.796" /><!-- duration: 172ms -->
        <step title="Updating submodules" date="2025-10-18T22:59:50.976" /><!-- duration: 1141ms -->
        <step title="Determining deployment builder" date="2025-10-18T22:59:52.362" >
          <step title="Builder is OryxBuilder" date="2025-10-18T22:59:52.388" /><!-- duration: 4ms -->
        </step><!-- duration: 34ms -->
        <step title="PreDeployment: context.CleanOutputPath False" date="2025-10-18T22:59:52.460" >
          <step title="PreDeployment: context.OutputPath /home/site/wwwroot" date="2025-10-18T22:59:52.582" >
            <step title="Building" date="2025-10-18T22:59:52.766" >
              <step title="Executing external process" date="2025-10-18T22:59:53.815" type="process" path="bash" arguments="-c &quot;oryx build /tmp/zipdeploy/extracted -o /home/site/wwwroot --platform nodejs --platform-version 20 -p virtualenv_name= --log-file /tmp/build-debug.log  -i /tmp/8de0e9a0c1b8adf -p compress_node_modules=tar-gz | tee /tmp/oryx-build.log ; exit $PIPESTATUS &quot;" >
                <step title="Cpu: npm install(5360,39.160s)+build.sh(5273,0.070s)+oryx(5253,6.670s)+tee(5254,0.000s)+bash(5252,0.020s)=total(45.800s)" date="2025-10-18T23:02:06.310" /><!-- duration: 107ms -->
                <step title="bash: no io activity for 61s, prev-cpu=-1.000s, current-cpu=45.800s" date="2025-10-18T23:02:06.679" /><!-- duration: 99ms -->
                <step title="Cpu: npm install(5360,58.220s)+build.sh(5273,0.070s)+oryx(5253,6.790s)+tee(5254,0.000s)+bash(5252,0.020s)=total(65.100s)" date="2025-10-18T23:03:08.941" /><!-- duration: 71ms -->
                <step title="bash: no io activity for 132s, prev-cpu=45.800s, current-cpu=65.100s" date="2025-10-18T23:03:09.257" /><!-- duration: 47ms -->
                <step title="Cpu: node(5496,28.150s)+sh(5495,0.000s)+npm run build(5484,0.760s)+build.sh(5273,0.080s)+oryx(5253,7.370s)+tee(5254,0.000s)+bash(5252,0.020s)=total(36.030s)" date="2025-10-18T23:05:00.951" /><!-- duration: 38ms -->
                <step title="bash: no io activity for 61s, prev-cpu=-1.000s, current-cpu=36.030s" date="2025-10-18T23:05:01.498" /><!-- duration: 47ms -->
                <step title="Cpu: node(5496,45.040s)+sh(5495,0.000s)+npm run build(5484,0.760s)+build.sh(5273,0.080s)+oryx(5253,7.430s)+tee(5254,0.000s)+bash(5252,0.020s)=total(53.320s)" date="2025-10-18T23:06:03.700" /><!-- duration: 107ms -->
                <step title="bash: no io activity for 127s, prev-cpu=36.030s, current-cpu=53.320s" date="2025-10-18T23:06:04.043" /><!-- duration: 125ms -->
                <step title="Cpu: gzip(5578,16.300s)+sh(5577,0.000s)+tar(5576,4.500s)+build.sh(5273,0.080s)+oryx(5253,7.760s)+tee(5254,0.000s)+bash(5252,0.020s)=total(28.660s)" date="2025-10-18T23:08:03.778" /><!-- duration: 27ms -->
                <step title="bash: no io activity for 60s, prev-cpu=-1.000s, current-cpu=28.660s" date="2025-10-18T23:08:03.825" /><!-- duration: 89ms -->
              </step><!-- duration: 513517ms -->
              <step title="Using GenericDeploymentLogParser" date="2025-10-18T23:08:27.875" /><!-- duration: 7ms -->
              <step title="Triggering recycle (preview mode disabled)." date="2025-10-18T23:08:29.390" /><!-- duration: 14ms -->
              <step title="Modified file to trigger a restart of the app container." date="2025-10-18T23:08:29.563" /><!-- duration: 6ms -->
              <step title="Skip function trigger and logicapp sync because function is not enabled." date="2025-10-18T23:08:29.616" /><!-- duration: 26ms -->
              <step title="Purge deployment items" date="2025-10-18T23:08:31.499" >
                <step title="Remove c711c161-, Success, received at 10/18/2025 19:47:23" date="2025-10-18T23:08:31.565" /><!-- duration: 4ms -->
              </step><!-- duration: 75ms -->
            </step><!-- duration: 518879ms -->
          </step><!-- duration: 519067ms -->
          <step title="Cleaning up temp files" date="2025-10-18T23:08:31.653" /><!-- duration: 6135ms -->
          <step title="Cleaning up temp files" date="2025-10-18T23:08:37.795" /><!-- duration: 518ms -->
          <step title="Reloading status file with latest updates" date="2025-10-18T23:08:38.348" >
            <step title="WebHooksManager.PublishEventAsync: PostDeployment" date="2025-10-18T23:08:38.353" /><!-- duration: 78ms -->
          </step><!-- duration: 89ms -->
          <step title="Cleaning up temporary deployment - fetch deployment was successful" date="2025-10-18T23:08:38.448" /><!-- duration: 3ms -->
        </step><!-- duration: 526036ms -->
      </step><!-- duration: 527764ms -->
