<step title="Incoming Request" date="2025-10-18T13:53:13.995" instance="b47714" url="/api/zipdeploy?isAsync=true" method="POST" type="request" pid="821,1,36" Accept="*/*" Host="field-service-api.scm.azurewebsites.net" User-Agent="AZURECLI/2.74.0 (MSI)" Accept-Encoding="gzip, deflate" Authorization="Bas..." Cache-Control="no-cache" Content-Type="application/octet-stream" Cookie="ARRAffinity=b47714df06fcf6a96ddfba3a284a2c5a08964eca8515ab3ca08cef25436c95a0; ARRAffinitySameSite=b47714df06fcf6a96ddfba3a284a2c5a08964eca8515ab3ca08cef25436c95a0" Content-Length="743100" x-ms-client-request-id="c1efa59c-ac29-11f0-ad9c-00051b860c5a" x-ms-artifact-checksum="8c666f67d3ddbbbbdac79bb26d0e73fe6159a48814e5a00efc5180f899cbdf5b" X-ARR-LOG-ID="c1efa59c-ac29-11f0-ad9c-00051b860c5a" CLIENT-IP="24.32.74.177:52260" X-SITE-DEPLOYMENT-ID="field-service-api" WAS-DEFAULT-HOSTNAME="field-service-api.scm.azurewebsites.net" X-Forwarded-Proto="https" X-AppService-Proto="https" X-Forwarded-TlsVersion="1.3" X-WAWS-Unencoded-URL="/api/zipdeploy?isAsync=true" X-Client-IP="24.32.74.177" X-Client-Port="52260" >
  <step title="ZipPushDeploy" date="2025-10-18T13:53:14.009" >
    <step title="ZipDeploy. Extract zip. Remote build." date="2025-10-18T13:53:14.021" /><!-- duration: 5ms -->
    <step title="Starting PushDeployAsync" date="2025-10-18T13:53:14.045" /><!-- duration: 6ms -->
    <step title="Removing node_modules symlink" date="2025-10-18T13:53:14.062" >
      <step title="Writing artifact to /tmp/zipdeploy/f1bad348-febc-4554-a03d-adb059b95768.zip" date="2025-10-18T13:53:14.109" >
        <step title="Writing multipart request body to /tmp/zipdeploy/f1bad348-febc-4554-a03d-adb059b95768.zip" date="2025-10-18T13:53:14.137" /><!-- duration: 8ms -->
      </step><!-- duration: 92ms -->
      <step title="Removing previous build artifact&apos;s manifest file" date="2025-10-18T13:53:14.220" >
        <step title="Start deployment in the background" date="2025-10-18T13:53:14.244" >
          <step title="Acquiring Deployment Lock" date="2025-10-18T13:53:14.271" /><!-- duration: 5ms -->
          <step title="Acquired Deployment Lock" date="2025-10-18T13:53:14.334" /><!-- duration: 7ms -->
        </step><!-- duration: 209ms -->
      </step><!-- duration: 241ms -->
      <step title="Outgoing response" date="2025-10-18T13:53:14.467" type="response" statusCode="202" statusText="Accepted" /><!-- duration: 5ms -->
    </step><!-- duration: 416ms -->
