<step title="Incoming Request" date="2025-10-18T06:57:36.885" instance="b47714" url="/api/zipdeploy?isAsync=true" method="POST" type="request" pid="821,1,79" Accept="*/*" Host="field-service-api.scm.azurewebsites.net" User-Agent="AZURECLI/2.74.0 (MSI)" Accept-Encoding="gzip, deflate" Authorization="Bas..." Cache-Control="no-cache" Content-Type="application/octet-stream" Cookie="ARRAffinity=b47714df06fcf6a96ddfba3a284a2c5a08964eca8515ab3ca08cef25436c95a0; ARRAffinitySameSite=b47714df06fcf6a96ddfba3a284a2c5a08964eca8515ab3ca08cef25436c95a0" Content-Length="739211" x-ms-client-request-id="b0c5ac0b-abef-11f0-839d-00051b860c5a" x-ms-artifact-checksum="e170b7d2f84f236e35d8ed96c1b33d98b10075f4b7fdd355a7685fceb5f66864" X-ARR-LOG-ID="b0c5ac0b-abef-11f0-839d-00051b860c5a" CLIENT-IP="24.32.74.177:56314" X-SITE-DEPLOYMENT-ID="field-service-api" WAS-DEFAULT-HOSTNAME="field-service-api.scm.azurewebsites.net" X-Forwarded-Proto="https" X-AppService-Proto="https" X-Forwarded-TlsVersion="1.3" X-WAWS-Unencoded-URL="/api/zipdeploy?isAsync=true" X-Client-IP="24.32.74.177" X-Client-Port="56314" >
  <step title="ZipPushDeploy" date="2025-10-18T06:57:36.951" >
    <step title="ZipDeploy. Extract zip. Remote build." date="2025-10-18T06:57:36.969" /><!-- duration: 7ms -->
    <step title="Starting PushDeployAsync" date="2025-10-18T06:57:36.986" /><!-- duration: 5ms -->
    <step title="Removing node_modules symlink" date="2025-10-18T06:57:37.000" >
      <step title="Writing artifact to /tmp/zipdeploy/9d32e101-da15-4373-b0d8-511d2315a999.zip" date="2025-10-18T06:57:37.133" >
        <step title="Writing multipart request body to /tmp/zipdeploy/9d32e101-da15-4373-b0d8-511d2315a999.zip" date="2025-10-18T06:57:37.145" /><!-- duration: 30ms -->
      </step><!-- duration: 249ms -->
      <step title="Removing previous build artifact&apos;s manifest file" date="2025-10-18T06:57:37.397" >
        <step title="Start deployment in the background" date="2025-10-18T06:57:37.419" >
          <step title="Acquiring Deployment Lock" date="2025-10-18T06:57:37.461" /><!-- duration: 7ms -->
          <step title="Acquired Deployment Lock" date="2025-10-18T06:57:37.529" /><!-- duration: 7ms -->
        </step><!-- duration: 248ms -->
      </step><!-- duration: 282ms -->
      <step title="Outgoing response" date="2025-10-18T06:57:37.686" type="response" statusCode="202" statusText="Accepted" /><!-- duration: 18ms -->
    </step><!-- duration: 729ms -->
