<step title="Incoming Request" date="2025-10-18T22:37:55.856" instance="5b3f8a" url="/api/deployments/latest" method="GET" type="request" pid="823,1,47" Accept="*/*" Host="field-service-api.scm.azurewebsites.net" User-Agent="AZURECLI/2.74.0 (MSI)" Accept-Encoding="gzip, deflate" Authorization="Bas..." x-ms-client-request-id="dd423d4e-ac72-11f0-b098-00051b860c5a" X-ARR-LOG-ID="dd423d4e-ac72-11f0-b098-00051b860c5a" CLIENT-IP="24.32.74.177:55544" X-SITE-DEPLOYMENT-ID="field-service-api" WAS-DEFAULT-HOSTNAME="field-service-api.scm.azurewebsites.net" X-Forwarded-Proto="https" X-AppService-Proto="https" X-Forwarded-TlsVersion="1.3" X-WAWS-Unencoded-URL="/api/deployments/latest" X-Client-IP="24.32.74.177" X-Client-Port="55544" >
  <step title="Cleanup Xml Logs" date="2025-10-18T22:37:55.906" >
    <step title="Cleanup Infos" date="2025-10-18T22:37:56.001" totalFiles="321" totalCleanup="161" /><!-- duration: 43ms -->
  </step><!-- duration: 187ms -->
  <step title="DeploymentService.GetResult" date="2025-10-18T22:37:56.130" >
    <step title="DeploymentService.GetLatestDeployment" date="2025-10-18T22:37:56.168" >
      <step title="DeploymentManager.GetResults" date="2025-10-18T22:37:56.189" /><!-- duration: 2188ms -->
    </step><!-- duration: 2230ms -->
  </step><!-- duration: 2278ms -->
  <step title="Outgoing response" date="2025-10-18T22:37:58.419" type="response" statusCode="202" statusText="Accepted" /><!-- duration: 9ms -->
</step><!-- duration: 2581ms -->
