<step title="Incoming Request" date="2025-10-18T22:58:52.582" instance="5b3f8a" url="/api/zipdeploy?isAsync=true" method="POST" type="request" pid="823,1,20" Accept="*/*" Host="field-service-api.scm.azurewebsites.net" User-Agent="AZURECLI/2.74.0 (MSI)" Accept-Encoding="gzip, deflate" Authorization="Bas..." Cache-Control="no-cache" Content-Type="application/octet-stream" Cookie="ARRAffinity=5b3f8a12403b9dc2b986729a83bf573dfabff49059ab229ec52134ff3910c818; ARRAffinitySameSite=5b3f8a12403b9dc2b986729a83bf573dfabff49059ab229ec52134ff3910c818" Content-Length="179505466" x-ms-client-request-id="f7aab55b-ac75-11f0-8498-00051b860c5a" x-ms-artifact-checksum="23dc38a65410e3fbb0774e74a171ab309f0c92cbde59333c0324200e5a523088" X-ARR-LOG-ID="f7aab55b-ac75-11f0-8498-00051b860c5a" CLIENT-IP="24.32.74.177:59314" X-SITE-DEPLOYMENT-ID="field-service-api" WAS-DEFAULT-HOSTNAME="field-service-api.scm.azurewebsites.net" X-Forwarded-Proto="https" X-AppService-Proto="https" X-Forwarded-TlsVersion="1.3" X-WAWS-Unencoded-URL="/api/zipdeploy?isAsync=true" X-Client-IP="24.32.74.177" X-Client-Port="59314" >
  <step title="ZipPushDeploy" date="2025-10-18T22:58:52.661" >
    <step title="ZipDeploy. Extract zip. Remote build." date="2025-10-18T22:58:52.733" /><!-- duration: 19ms -->
    <step title="Starting PushDeployAsync" date="2025-10-18T22:58:52.781" /><!-- duration: 31ms -->
    <step title="Removing node_modules symlink" date="2025-10-18T22:58:52.879" >
      <step title="Removing _del_node_modules symlink" date="2025-10-18T22:58:53.037" >
        <step title="Writing artifact to /tmp/zipdeploy/b8426cdd-1a15-4088-b816-0391131acf39.zip" date="2025-10-18T22:58:53.158" >
          <step title="Writing multipart request body to /tmp/zipdeploy/b8426cdd-1a15-4088-b816-0391131acf39.zip" date="2025-10-18T22:58:53.164" /><!-- duration: 19ms -->
        </step><!-- duration: 47922ms -->
        <step title="Removing previous build artifact&apos;s manifest file" date="2025-10-18T22:59:41.180" >
          <step title="Start deployment in the background" date="2025-10-18T22:59:41.267" >
            <step title="Acquiring Deployment Lock" date="2025-10-18T22:59:41.587" /><!-- duration: 19ms -->
            <step title="Acquired Deployment Lock" date="2025-10-18T22:59:41.705" /><!-- duration: 4ms -->
          </step><!-- duration: 544ms -->
        </step><!-- duration: 648ms -->
        <step title="Outgoing response" date="2025-10-18T22:59:41.835" type="response" statusCode="202" statusText="Accepted" /><!-- duration: 20ms -->
      </step><!-- duration: 48823ms -->
