<step title="BackgroundTrace" date="2025-10-18T18:38:17.056" instance="5b3f8a" url="/api/zipdeploy" method="POST" >
  <step title="Cleanup Xml Logs" date="2025-10-18T18:38:17.064" >
    <step title="Cleanup Infos" date="2025-10-18T18:38:17.079" totalFiles="213" totalCleanup="53" /><!-- duration: 4ms -->
  </step><!-- duration: 22ms -->
  <step title="Creating temporary deployment - FetchDeploymentManager" date="2025-10-18T18:38:17.190" /><!-- duration: 3ms -->
  <step title="Creating temporary deployment" date="2025-10-18T18:38:17.196" /><!-- duration: 58ms -->
  <step title="Performing fetch based deployment" date="2025-10-18T18:38:17.298" >
    <step title="Cleaning up temp folders from previous zip deployments and extracting pushed zip file /tmp/zipdeploy/ab99da81-250a-4b52-8043-dca48734cb3f.zip (15.90 MB) to /tmp/zipdeploy/extracted" date="2025-10-18T18:38:18.491" >
      <step title="ChmodRecursive Process exited with total time taken in ms: 106" date="2025-10-18T18:38:19.088" /><!-- duration: 27ms -->
    </step><!-- duration: 644ms -->
    <step title="Deployment timer started" date="2025-10-18T18:38:21.186" >
      <step title="DeploymentManager.Deploy(id:689d5b1f-f0d8-402a-85bc-eb319eecae6e)" date="2025-10-18T18:38:21.191" >
        <step title="Collecting changeset information" date="2025-10-18T18:38:21.227" /><!-- duration: 92ms -->
        <step title="Updating submodules" date="2025-10-18T18:38:21.324" /><!-- duration: 1146ms -->
        <step title="Determining deployment builder" date="2025-10-18T18:38:22.993" >
          <step title="Builder is OryxBuilder" date="2025-10-18T18:38:23.013" /><!-- duration: 21ms -->
        </step><!-- duration: 56ms -->
        <step title="PreDeployment: context.CleanOutputPath False" date="2025-10-18T18:38:23.161" >
          <step title="PreDeployment: context.OutputPath /home/site/wwwroot" date="2025-10-18T18:38:23.325" >
            <step title="Building" date="2025-10-18T18:38:23.531" >
              <step title="Executing external process" date="2025-10-18T18:38:24.218" type="process" path="bash" arguments="-c &quot;oryx build /tmp/zipdeploy/extracted -o /home/site/wwwroot --platform nodejs --platform-version 20 -p virtualenv_name= --log-file /tmp/build-debug.log  -i /tmp/8de0e75848a4faa -p compress_node_modules=tar-gz | tee /tmp/oryx-build.log ; exit $PIPESTATUS &quot;" /><!-- duration: 124987ms -->
              <step title="Using GenericDeploymentLogParser" date="2025-10-18T18:40:29.656" /><!-- duration: 4ms -->
              <step title="Triggering recycle (preview mode disabled)." date="2025-10-18T18:40:30.852" /><!-- duration: 4ms -->
              <step title="Modified file to trigger a restart of the app container." date="2025-10-18T18:40:30.895" /><!-- duration: 10ms -->
              <step title="Skip function trigger and logicapp sync because function is not enabled." date="2025-10-18T18:40:30.944" /><!-- duration: 3ms -->
              <step title="Purge deployment items" date="2025-10-18T18:40:32.332" >
                <step title="Remove 35ff64f3-, Failed, received at 10/18/2025 17:33:17" date="2025-10-18T18:40:32.397" /><!-- duration: 3ms -->
                <step title="Remove 60bae238-, Success, received at 10/18/2025 13:06:10" date="2025-10-18T18:40:32.520" /><!-- duration: 3ms -->
              </step><!-- duration: 195ms -->
            </step><!-- duration: 129058ms -->
          </step><!-- duration: 129270ms -->
          <step title="Cleaning up temp files" date="2025-10-18T18:40:32.597" /><!-- duration: 2199ms -->
          <step title="Cleaning up temp files" date="2025-10-18T18:40:34.803" /><!-- duration: 512ms -->
          <step title="Reloading status file with latest updates" date="2025-10-18T18:40:35.342" >
            <step title="WebHooksManager.PublishEventAsync: PostDeployment" date="2025-10-18T18:40:35.355" /><!-- duration: 108ms -->
          </step><!-- duration: 124ms -->
          <step title="Cleaning up temporary deployment - fetch deployment was successful" date="2025-10-18T18:40:35.481" /><!-- duration: 9ms -->
        </step><!-- duration: 132388ms -->
      </step><!-- duration: 134388ms -->
