<step title="Incoming Request" date="2025-10-18T22:17:31.846" instance="5b3f8a" url="/api/deployments/latest" method="GET" type="request" pid="823,1,23" Accept="*/*" Host="field-service-api.scm.azurewebsites.net" User-Agent="AZURECLI/2.74.0 (MSI)" Accept-Encoding="gzip, deflate" Authorization="Bas..." x-ms-client-request-id="2805e09c-ac70-11f0-85a9-00051b860c5a" X-ARR-LOG-ID="2805e09c-ac70-11f0-85a9-00051b860c5a" CLIENT-IP="24.32.74.177:65522" X-SITE-DEPLOYMENT-ID="field-service-api" WAS-DEFAULT-HOSTNAME="field-service-api.scm.azurewebsites.net" X-Forwarded-Proto="https" X-AppService-Proto="https" X-Forwarded-TlsVersion="1.3" X-WAWS-Unencoded-URL="/api/deployments/latest" X-Client-IP="24.32.74.177" X-Client-Port="65522" >
  <step title="Cleanup Xml Logs" date="2025-10-18T22:17:31.856" >
    <step title="Cleanup Infos" date="2025-10-18T22:17:32.020" totalFiles="311" totalCleanup="151" /><!-- duration: 30ms -->
  </step><!-- duration: 213ms -->
  <step title="DeploymentService.GetResult" date="2025-10-18T22:17:32.158" >
    <step title="DeploymentService.GetLatestDeployment" date="2025-10-18T22:17:32.186" >
      <step title="DeploymentManager.GetResults" date="2025-10-18T22:17:32.330" /><!-- duration: 3842ms -->
    </step><!-- duration: 4063ms -->
  </step><!-- duration: 4112ms -->
  <step title="Outgoing response" date="2025-10-18T22:17:36.297" type="response" statusCode="202" statusText="Accepted" /><!-- duration: 40ms -->
</step><!-- duration: 4519ms -->
