<step title="Incoming Request" date="2025-10-18T21:52:45.857" instance="5b3f8a" url="/api/zipdeploy?isAsync=true" method="POST" type="request" pid="823,1,45" Accept="*/*" Host="field-service-api.scm.azurewebsites.net" User-Agent="AZURECLI/2.74.0 (MSI)" Accept-Encoding="gzip, deflate" Authorization="Bas..." Cache-Control="no-cache" Content-Type="application/octet-stream" Cookie="ARRAffinity=5b3f8a12403b9dc2b986729a83bf573dfabff49059ab229ec52134ff3910c818; ARRAffinitySameSite=5b3f8a12403b9dc2b986729a83bf573dfabff49059ab229ec52134ff3910c818" Content-Length="16672163" x-ms-client-request-id="bde550b8-ac6c-11f0-94d6-00051b860c5a" x-ms-artifact-checksum="e867a851c618ac9b180d35f8c2f61ad9912eb493029c787e27ac1f6e98a6f31d" X-ARR-LOG-ID="bde550b8-ac6c-11f0-94d6-00051b860c5a" CLIENT-IP="24.32.74.177:54840" X-SITE-DEPLOYMENT-ID="field-service-api" WAS-DEFAULT-HOSTNAME="field-service-api.scm.azurewebsites.net" X-Forwarded-Proto="https" X-AppService-Proto="https" X-Forwarded-TlsVersion="1.3" X-WAWS-Unencoded-URL="/api/zipdeploy?isAsync=true" X-Client-IP="24.32.74.177" X-Client-Port="54840" >
  <step title="Cleanup Xml Logs" date="2025-10-18T21:52:45.876" >
    <step title="Cleanup Infos" date="2025-10-18T21:52:45.972" totalFiles="299" totalCleanup="139" /><!-- duration: 49ms -->
  </step><!-- duration: 167ms -->
  <step title="ZipPushDeploy" date="2025-10-18T21:52:46.209" >
    <step title="ZipDeploy. Extract zip. Remote build." date="2025-10-18T21:52:46.256" /><!-- duration: 9ms -->
    <step title="Starting PushDeployAsync" date="2025-10-18T21:52:46.285" /><!-- duration: 18ms -->
    <step title="Removing node_modules symlink" date="2025-10-18T21:52:46.376" >
      <step title="Writing artifact to /tmp/zipdeploy/e6e008e9-57a6-47bb-bdd2-2cb1b0746278.zip" date="2025-10-18T21:52:46.794" >
        <step title="Writing multipart request body to /tmp/zipdeploy/e6e008e9-57a6-47bb-bdd2-2cb1b0746278.zip" date="2025-10-18T21:52:46.806" /><!-- duration: 38ms -->
      </step><!-- duration: 3477ms -->
      <step title="Removing previous build artifact&apos;s manifest file" date="2025-10-18T21:52:50.285" >
        <step title="Start deployment in the background" date="2025-10-18T21:52:50.324" >
          <step title="Acquiring Deployment Lock" date="2025-10-18T21:52:50.375" /><!-- duration: 8ms -->
          <step title="Acquired Deployment Lock" date="2025-10-18T21:52:50.426" /><!-- duration: 3ms -->
        </step><!-- duration: 194ms -->
      </step><!-- duration: 249ms -->
      <step title="Outgoing response" date="2025-10-18T21:52:50.541" type="response" statusCode="202" statusText="Accepted" /><!-- duration: 4ms -->
    </step><!-- duration: 4173ms -->
