<step title="BackgroundTrace" date="2025-10-18T23:42:22.098" instance="5b3f8a" url="/api/zipdeploy" method="POST" >
  <step title="Cleanup Xml Logs" date="2025-10-18T23:42:22.107" >
    <step title="Cleanup Infos" date="2025-10-18T23:42:22.178" totalFiles="417" totalCleanup="257" /><!-- duration: 21ms -->
  </step><!-- duration: 110ms -->
  <step title="Creating temporary deployment - FetchDeploymentManager" date="2025-10-18T23:42:22.422" /><!-- duration: 18ms -->
  <step title="Creating temporary deployment" date="2025-10-18T23:42:22.453" /><!-- duration: 220ms -->
  <step title="Performing fetch based deployment" date="2025-10-18T23:42:22.965" >
    <step title="Cleaning up temp folders from previous zip deployments and extracting pushed zip file /tmp/zipdeploy/360d8573-d6c4-4c86-ab84-6719aa9d20ee.zip (171.20 MB) to /tmp/zipdeploy/extracted" date="2025-10-18T23:42:24.520" >
      <step title="ChmodRecursive Process exited with total time taken in ms: 390" date="2025-10-18T23:42:43.546" /><!-- duration: 41ms -->
    </step><!-- duration: 19357ms -->
    <step title="Deployment timer started" date="2025-10-18T23:42:46.232" >
      <step title="DeploymentManager.Deploy(id:aca1a533-53c1-4c9f-b713-523d86307abb)" date="2025-10-18T23:42:46.281" >
        <step title="Collecting changeset information" date="2025-10-18T23:42:46.342" /><!-- duration: 348ms -->
        <step title="Updating submodules" date="2025-10-18T23:42:46.731" /><!-- duration: 1372ms -->
        <step title="Determining deployment builder" date="2025-10-18T23:42:50.235" >
          <step title="Builder is OryxBuilder" date="2025-10-18T23:42:50.324" /><!-- duration: 57ms -->
        </step><!-- duration: 167ms -->
        <step title="PreDeployment: context.CleanOutputPath False" date="2025-10-18T23:42:50.607" >
          <step title="PreDeployment: context.OutputPath /home/site/wwwroot" date="2025-10-18T23:42:50.834" >
            <step title="Building" date="2025-10-18T23:42:51.443" >
              <step title="Executing external process" date="2025-10-18T23:42:53.716" type="process" path="bash" arguments="-c &quot;oryx build /tmp/zipdeploy/extracted -o /home/site/wwwroot --platform nodejs --platform-version 20 -p virtualenv_name= --log-file /tmp/build-debug.log  -i /tmp/8de0ea00cbad2dc -p compress_node_modules=tar-gz | tee /tmp/oryx-build.log ; exit $PIPESTATUS &quot;" >
                <step title="Cpu: npm install(6430,58.540s)+build.sh(6347,0.060s)+oryx(6325,8.210s)+tee(6326,0.000s)+bash(6324,0.000s)=total(66.770s)" date="2025-10-18T23:44:55.428" /><!-- duration: 20ms -->
                <step title="bash: no io activity for 60s, prev-cpu=-1.000s, current-cpu=66.770s" date="2025-10-18T23:44:55.543" /><!-- duration: 18ms -->
                <step title="Cpu: node(6533,41.160s)+sh(6532,0.000s)+npm run build(6521,0.650s)+build.sh(6347,0.070s)+oryx(6325,8.490s)+tee(6326,0.000s)+bash(6324,0.000s)=total(49.430s)" date="2025-10-18T23:46:13.691" /><!-- duration: 21ms -->
                <step title="bash: no io activity for 60s, prev-cpu=-1.000s, current-cpu=49.430s" date="2025-10-18T23:46:13.811" /><!-- duration: 20ms -->
                <step title="Cpu: esbuild(6579,0.740s)+node(6568,15.790s)+sh(6532,0.000s)+npm run build(6521,0.650s)+build.sh(6347,0.070s)+oryx(6325,8.600s)+tee(6326,0.000s)+bash(6324,0.000s)=total(25.840s)" date="2025-10-18T23:47:34.520" /><!-- duration: 59ms -->
                <step title="bash: no io activity for 61s, prev-cpu=-1.000s, current-cpu=25.840s" date="2025-10-18T23:47:34.631" /><!-- duration: 75ms -->
                <step title="Cpu: gzip(6618,20.900s)+sh(6617,0.000s)+tar(6616,4.920s)+build.sh(6347,0.070s)+oryx(6325,8.780s)+tee(6326,0.000s)+bash(6324,0.000s)=total(34.660s)" date="2025-10-18T23:48:52.318" /><!-- duration: 38ms -->
                <step title="bash: no io activity for 60s, prev-cpu=-1.000s, current-cpu=34.660s" date="2025-10-18T23:48:52.376" /><!-- duration: 21ms -->
              </step><!-- duration: 373749ms -->
              <step title="Using GenericDeploymentLogParser" date="2025-10-18T23:49:08.420" /><!-- duration: 20ms -->
              <step title="Triggering recycle (preview mode disabled)." date="2025-10-18T23:49:10.110" /><!-- duration: 13ms -->
              <step title="Modified file to trigger a restart of the app container." date="2025-10-18T23:49:10.175" /><!-- duration: 4ms -->
              <step title="Skip function trigger and logicapp sync because function is not enabled." date="2025-10-18T23:49:10.190" /><!-- duration: 13ms -->
              <step title="Purge deployment items" date="2025-10-18T23:49:11.537" >
                <step title="Remove 0c1a162d-, Success, received at 10/18/2025 20:06:09" date="2025-10-18T23:49:11.608" /><!-- duration: 3ms -->
              </step><!-- duration: 77ms -->
            </step><!-- duration: 380243ms -->
          </step><!-- duration: 380857ms -->
          <step title="Cleaning up temp files" date="2025-10-18T23:49:11.694" /><!-- duration: 6383ms -->
          <step title="Cleaning up temp files" date="2025-10-18T23:49:18.085" /><!-- duration: 524ms -->
          <step title="Reloading status file with latest updates" date="2025-10-18T23:49:18.659" >
            <step title="WebHooksManager.PublishEventAsync: PostDeployment" date="2025-10-18T23:49:18.676" /><!-- duration: 76ms -->
          </step><!-- duration: 96ms -->
          <step title="Cleaning up temporary deployment - fetch deployment was successful" date="2025-10-18T23:49:18.768" /><!-- duration: 3ms -->
        </step><!-- duration: 388211ms -->
      </step><!-- duration: 392635ms -->
