<step title="Incoming Request" date="2025-10-18T13:06:02.043" instance="b47714" url="/api/zipdeploy?isAsync=true" method="POST" type="request" pid="821,1,46" Accept="*/*" Host="field-service-api.scm.azurewebsites.net" User-Agent="AZURECLI/2.74.0 (MSI)" Accept-Encoding="gzip, deflate" Authorization="Bas..." Cache-Control="no-cache" Content-Type="application/octet-stream" Cookie="ARRAffinity=b47714df06fcf6a96ddfba3a284a2c5a08964eca8515ab3ca08cef25436c95a0; ARRAffinitySameSite=b47714df06fcf6a96ddfba3a284a2c5a08964eca8515ab3ca08cef25436c95a0" Content-Length="740042" x-ms-client-request-id="27d80b73-ac23-11f0-922c-00051b860c5a" x-ms-artifact-checksum="1b0c32425d5bd71702b8af5d00ca67c0b79fce41b23ecaf07dc2ba606d57fdf9" X-ARR-LOG-ID="27d80b73-ac23-11f0-922c-00051b860c5a" CLIENT-IP="24.32.74.177:63031" X-SITE-DEPLOYMENT-ID="field-service-api" WAS-DEFAULT-HOSTNAME="field-service-api.scm.azurewebsites.net" X-Forwarded-Proto="https" X-AppService-Proto="https" X-Forwarded-TlsVersion="1.3" X-WAWS-Unencoded-URL="/api/zipdeploy?isAsync=true" X-Client-IP="24.32.74.177" X-Client-Port="63031" >
  <step title="ZipPushDeploy" date="2025-10-18T13:06:02.155" >
    <step title="ZipDeploy. Extract zip. Remote build." date="2025-10-18T13:06:02.178" /><!-- duration: 5ms -->
    <step title="Starting PushDeployAsync" date="2025-10-18T13:06:02.193" /><!-- duration: 6ms -->
    <step title="Removing node_modules symlink" date="2025-10-18T13:06:02.280" >
      <step title="Writing artifact to /tmp/zipdeploy/c5428c61-2c9c-4f6e-a2df-55526f37afc4.zip" date="2025-10-18T13:06:02.410" >
        <step title="Writing multipart request body to /tmp/zipdeploy/c5428c61-2c9c-4f6e-a2df-55526f37afc4.zip" date="2025-10-18T13:06:02.422" /><!-- duration: 16ms -->
      </step><!-- duration: 439ms -->
      <step title="Removing previous build artifact&apos;s manifest file" date="2025-10-18T13:06:02.862" >
        <step title="Start deployment in the background" date="2025-10-18T13:06:02.891" >
          <step title="Acquiring Deployment Lock" date="2025-10-18T13:06:02.962" /><!-- duration: 24ms -->
          <step title="Acquired Deployment Lock" date="2025-10-18T13:06:03.045" /><!-- duration: 5ms -->
        </step><!-- duration: 291ms -->
      </step><!-- duration: 345ms -->
      <step title="Outgoing response" date="2025-10-18T13:06:03.214" type="response" statusCode="202" statusText="Accepted" /><!-- duration: 12ms -->
    </step><!-- duration: 951ms -->
