<step title="Incoming Request" date="2025-10-18T23:41:33.852" instance="5b3f8a" url="/api/zipdeploy?isAsync=true" method="POST" type="request" pid="823,1,16" Accept="*/*" Host="field-service-api.scm.azurewebsites.net" User-Agent="AZURECLI/2.74.0 (MSI)" Accept-Encoding="gzip, deflate" Authorization="Bas..." Cache-Control="no-cache" Content-Type="application/octet-stream" Cookie="ARRAffinity=5b3f8a12403b9dc2b986729a83bf573dfabff49059ab229ec52134ff3910c818; ARRAffinitySameSite=5b3f8a12403b9dc2b986729a83bf573dfabff49059ab229ec52134ff3910c818" Content-Length="179517354" x-ms-client-request-id="eabc6463-ac7b-11f0-ba92-00051b860c5a" x-ms-artifact-checksum="9014c13377c0997cf2a5fd8e430f1d7f8164baf306153755f397b450de406798" X-ARR-LOG-ID="eabc6463-ac7b-11f0-ba92-00051b860c5a" CLIENT-IP="24.32.74.177:64410" X-SITE-DEPLOYMENT-ID="field-service-api" WAS-DEFAULT-HOSTNAME="field-service-api.scm.azurewebsites.net" X-Forwarded-Proto="https" X-AppService-Proto="https" X-Forwarded-TlsVersion="1.3" X-WAWS-Unencoded-URL="/api/zipdeploy?isAsync=true" X-Client-IP="24.32.74.177" X-Client-Port="64410" >
  <step title="Cleanup Xml Logs" date="2025-10-18T23:41:33.929" >
    <step title="Cleanup Infos" date="2025-10-18T23:41:34.010" totalFiles="416" totalCleanup="256" /><!-- duration: 18ms -->
  </step><!-- duration: 108ms -->
  <step title="ZipPushDeploy" date="2025-10-18T23:41:34.197" >
    <step title="ZipDeploy. Extract zip. Remote build." date="2025-10-18T23:41:34.322" /><!-- duration: 18ms -->
    <step title="Starting PushDeployAsync" date="2025-10-18T23:41:34.394" /><!-- duration: 12ms -->
    <step title="Removing node_modules symlink" date="2025-10-18T23:41:34.510" >
      <step title="Removing _del_node_modules symlink" date="2025-10-18T23:41:35.525" >
        <step title="Writing artifact to /tmp/zipdeploy/360d8573-d6c4-4c86-ab84-6719aa9d20ee.zip" date="2025-10-18T23:41:35.971" >
          <step title="Writing multipart request body to /tmp/zipdeploy/360d8573-d6c4-4c86-ab84-6719aa9d20ee.zip" date="2025-10-18T23:41:36.028" /><!-- duration: 59ms -->
        </step><!-- duration: 46058ms -->
        <step title="Removing previous build artifact&apos;s manifest file" date="2025-10-18T23:42:22.047" >
          <step title="Start deployment in the background" date="2025-10-18T23:42:22.069" >
            <step title="Acquiring Deployment Lock" date="2025-10-18T23:42:22.284" /><!-- duration: 10ms -->
            <step title="Acquired Deployment Lock" date="2025-10-18T23:42:22.383" /><!-- duration: 29ms -->
          </step><!-- duration: 627ms -->
        </step><!-- duration: 805ms -->
        <step title="Outgoing response" date="2025-10-18T23:42:22.887" type="response" statusCode="202" statusText="Accepted" /><!-- duration: 12ms -->
      </step><!-- duration: 47383ms -->
