<step title="BackgroundTrace" date="2025-10-18T13:28:17.917" instance="b47714" url="/api/zipdeploy" method="POST" >
  <step title="Creating temporary deployment - FetchDeploymentManager" date="2025-10-18T13:28:18.059" /><!-- duration: 6ms -->
  <step title="Creating temporary deployment" date="2025-10-18T13:28:18.073" /><!-- duration: 824ms -->
  <step title="Performing fetch based deployment" date="2025-10-18T13:28:19.007" >
    <step title="Cleaning up temp folders from previous zip deployments and extracting pushed zip file /tmp/zipdeploy/d30999ff-6cdd-486e-afd8-5f0b96203492.zip (0.71 MB) to /tmp/zipdeploy/extracted" date="2025-10-18T13:28:20.262" >
      <step title="ChmodRecursive Process exited with total time taken in ms: 33" date="2025-10-18T13:28:21.307" /><!-- duration: 7ms -->
    </step><!-- duration: 1067ms -->
    <step title="Deployment timer started" date="2025-10-18T13:28:23.356" >
      <step title="DeploymentManager.Deploy(id:3eb25362-90e3-4864-ba1d-43bafdc77f9b)" date="2025-10-18T13:28:23.372" >
        <step title="Collecting changeset information" date="2025-10-18T13:28:23.388" /><!-- duration: 123ms -->
        <step title="Updating submodules" date="2025-10-18T13:28:23.523" /><!-- duration: 1496ms -->
        <step title="Determining deployment builder" date="2025-10-18T13:28:26.250" >
          <step title="Builder is OryxBuilder" date="2025-10-18T13:28:26.277" /><!-- duration: 4ms -->
        </step><!-- duration: 40ms -->
        <step title="PreDeployment: context.CleanOutputPath False" date="2025-10-18T13:28:26.372" >
          <step title="PreDeployment: context.OutputPath /home/site/wwwroot" date="2025-10-18T13:28:26.535" >
            <step title="Building" date="2025-10-18T13:28:26.720" >
              <step title="Executing external process" date="2025-10-18T13:28:27.160" type="process" path="bash" arguments="-c &quot;oryx build /tmp/zipdeploy/extracted -o /home/site/wwwroot --platform nodejs --platform-version 20 -p virtualenv_name= --log-file /tmp/build-debug.log  -i /tmp/8de0e4a37fe6c84 -p compress_node_modules=tar-gz | tee /tmp/oryx-build.log ; exit $PIPESTATUS &quot;" /><!-- duration: 85379ms -->
              <step title="Using GenericDeploymentLogParser" date="2025-10-18T13:29:53.263" /><!-- duration: 7ms -->
              <step title="Triggering recycle (preview mode disabled)." date="2025-10-18T13:29:55.421" /><!-- duration: 8ms -->
              <step title="Modified file to trigger a restart of the app container." date="2025-10-18T13:29:55.487" /><!-- duration: 7ms -->
              <step title="Skip function trigger and logicapp sync because function is not enabled." date="2025-10-18T13:29:55.502" /><!-- duration: 10ms -->
              <step title="Purge deployment items" date="2025-10-18T13:29:56.592" >
                <step title="Remove 29663607-, Success, received at 10/18/2025 06:24:59" date="2025-10-18T13:29:56.666" /><!-- duration: 5ms -->
              </step><!-- duration: 84ms -->
            </step><!-- duration: 90034ms -->
          </step><!-- duration: 90224ms -->
          <step title="Cleaning up temp files" date="2025-10-18T13:29:56.762" /><!-- duration: 487ms -->
          <step title="Cleaning up temp files" date="2025-10-18T13:29:57.253" /><!-- duration: 506ms -->
          <step title="Reloading status file with latest updates" date="2025-10-18T13:29:57.801" >
            <step title="WebHooksManager.PublishEventAsync: PostDeployment" date="2025-10-18T13:29:57.811" /><!-- duration: 59ms -->
          </step><!-- duration: 74ms -->
          <step title="Cleaning up temporary deployment - fetch deployment was successful" date="2025-10-18T13:29:57.889" /><!-- duration: 4ms -->
        </step><!-- duration: 91571ms -->
      </step><!-- duration: 94687ms -->
