<step title="Incoming Request" date="2025-10-18T23:55:18.038" instance="5b3f8a" url="/api/zipdeploy?isAsync=true" method="POST" type="request" pid="823,1,40" Accept="*/*" Host="field-service-api.scm.azurewebsites.net" User-Agent="AZURECLI/2.74.0 (MSI)" Accept-Encoding="gzip, deflate" Authorization="Bas..." Cache-Control="no-cache" Content-Type="application/octet-stream" Cookie="ARRAffinity=5b3f8a12403b9dc2b986729a83bf573dfabff49059ab229ec52134ff3910c818; ARRAffinitySameSite=5b3f8a12403b9dc2b986729a83bf573dfabff49059ab229ec52134ff3910c818" Content-Length="16684957" x-ms-client-request-id="dc1e10d5-ac7d-11f0-a2f1-00051b860c5a" x-ms-artifact-checksum="cb99cdf36ad3bd902a7da4367419d28174c49f8c15dead5fca9f5c8f8d13e096" X-ARR-LOG-ID="dc1e10d5-ac7d-11f0-a2f1-00051b860c5a" CLIENT-IP="24.32.74.177:62637" X-SITE-DEPLOYMENT-ID="field-service-api" WAS-DEFAULT-HOSTNAME="field-service-api.scm.azurewebsites.net" X-Forwarded-Proto="https" X-AppService-Proto="https" X-Forwarded-TlsVersion="1.3" X-WAWS-Unencoded-URL="/api/zipdeploy?isAsync=true" X-Client-IP="24.32.74.177" X-Client-Port="62637" >
  <step title="ZipPushDeploy" date="2025-10-18T23:55:18.060" >
    <step title="ZipDeploy. Extract zip. Remote build." date="2025-10-18T23:55:18.072" /><!-- duration: 3ms -->
    <step title="Starting PushDeployAsync" date="2025-10-18T23:55:18.082" /><!-- duration: 3ms -->
    <step title="Removing node_modules symlink" date="2025-10-18T23:55:18.128" >
      <step title="Removing _del_node_modules symlink" date="2025-10-18T23:55:18.429" >
        <step title="Writing artifact to /tmp/zipdeploy/f07f1e19-0b20-42f0-8cf2-928cefbc14ff.zip" date="2025-10-18T23:55:18.557" >
          <step title="Writing multipart request body to /tmp/zipdeploy/f07f1e19-0b20-42f0-8cf2-928cefbc14ff.zip" date="2025-10-18T23:55:18.577" /><!-- duration: 8ms -->
        </step><!-- duration: 4464ms -->
        <step title="Removing previous build artifact&apos;s manifest file" date="2025-10-18T23:55:23.089" >
          <step title="Start deployment in the background" date="2025-10-18T23:55:23.130" >
            <step title="Acquiring Deployment Lock" date="2025-10-18T23:55:23.251" /><!-- duration: 7ms -->
            <step title="Acquired Deployment Lock" date="2025-10-18T23:55:23.344" /><!-- duration: 3ms -->
          </step><!-- duration: 319ms -->
        </step><!-- duration: 375ms -->
        <step title="Outgoing response" date="2025-10-18T23:55:23.475" type="response" statusCode="202" statusText="Accepted" /><!-- duration: 4ms -->
      </step><!-- duration: 5053ms -->
