<step title="BackgroundTrace" date="2025-10-18T07:11:44.165" instance="b47714" url="/api/zipdeploy" method="POST" >
  <step title="Creating temporary deployment - FetchDeploymentManager" date="2025-10-18T07:11:44.224" /><!-- duration: 4ms -->
  <step title="Creating temporary deployment" date="2025-10-18T07:11:44.232" /><!-- duration: 72ms -->
  <step title="Performing fetch based deployment" date="2025-10-18T07:11:44.477" >
    <step title="Cleaning up temp folders from previous zip deployments and extracting pushed zip file /tmp/zipdeploy/6c41b513-8d9d-470d-98d0-37c82c3bcb1e.zip (0.71 MB) to /tmp/zipdeploy/extracted" date="2025-10-18T07:11:45.760" >
      <step title="ChmodRecursive Process exited with total time taken in ms: 14" date="2025-10-18T07:11:45.895" /><!-- duration: 6ms -->
    </step><!-- duration: 146ms -->
    <step title="Deployment timer started" date="2025-10-18T07:11:47.921" >
      <step title="DeploymentManager.Deploy(id:359692e1-46e6-41d4-b48d-0e7e90517f35)" date="2025-10-18T07:11:47.929" >
        <step title="Collecting changeset information" date="2025-10-18T07:11:47.948" /><!-- duration: 103ms -->
        <step title="Updating submodules" date="2025-10-18T07:11:48.061" /><!-- duration: 1136ms -->
        <step title="Determining deployment builder" date="2025-10-18T07:11:49.428" >
          <step title="Builder is OryxBuilder" date="2025-10-18T07:11:49.441" /><!-- duration: 5ms -->
        </step><!-- duration: 21ms -->
        <step title="PreDeployment: context.CleanOutputPath False" date="2025-10-18T07:11:49.504" >
          <step title="PreDeployment: context.OutputPath /home/site/wwwroot" date="2025-10-18T07:11:49.622" >
            <step title="Building" date="2025-10-18T07:11:49.752" >
              <step title="Executing external process" date="2025-10-18T07:11:50.035" type="process" path="bash" arguments="-c &quot;oryx build /tmp/zipdeploy/extracted -o /home/site/wwwroot --platform nodejs --platform-version 20 -p virtualenv_name= --log-file /tmp/build-debug.log  -i /tmp/8de0e159b39e8c6 -p compress_node_modules=tar-gz | tee /tmp/oryx-build.log ; exit $PIPESTATUS &quot;" /><!-- duration: 76343ms -->
              <step title="Using GenericDeploymentLogParser" date="2025-10-18T07:13:06.992" /><!-- duration: 5ms -->
              <step title="Triggering recycle (preview mode disabled)." date="2025-10-18T07:13:08.562" /><!-- duration: 8ms -->
              <step title="Modified file to trigger a restart of the app container." date="2025-10-18T07:13:08.612" /><!-- duration: 4ms -->
              <step title="Skip function trigger and logicapp sync because function is not enabled." date="2025-10-18T07:13:08.628" /><!-- duration: 8ms -->
            </step><!-- duration: 80220ms -->
          </step><!-- duration: 80403ms -->
          <step title="Cleaning up temp files" date="2025-10-18T07:13:10.032" /><!-- duration: 1388ms -->
          <step title="Cleaning up temp files" date="2025-10-18T07:13:11.426" /><!-- duration: 517ms -->
          <step title="Reloading status file with latest updates" date="2025-10-18T07:13:11.991" >
            <step title="WebHooksManager.PublishEventAsync: PostDeployment" date="2025-10-18T07:13:12.000" /><!-- duration: 87ms -->
          </step><!-- duration: 100ms -->
          <step title="Cleaning up temporary deployment - fetch deployment was successful" date="2025-10-18T07:13:12.111" /><!-- duration: 9ms -->
        </step><!-- duration: 82670ms -->
      </step><!-- duration: 84296ms -->
