<step title="Incoming Request" date="2025-10-18T18:38:10.847" instance="5b3f8a" url="/api/zipdeploy?isAsync=true" method="POST" type="request" pid="823,1,5" Accept="*/*" Host="field-service-api.scm.azurewebsites.net" User-Agent="AZURECLI/2.74.0 (MSI)" Accept-Encoding="gzip, deflate" Authorization="Bas..." Cache-Control="no-cache" Content-Type="application/octet-stream" Cookie="ARRAffinity=5b3f8a12403b9dc2b986729a83bf573dfabff49059ab229ec52134ff3910c818; ARRAffinitySameSite=5b3f8a12403b9dc2b986729a83bf573dfabff49059ab229ec52134ff3910c818" Content-Length="16669453" x-ms-client-request-id="8e901dcf-ac51-11f0-9bcf-00051b860c5a" x-ms-artifact-checksum="e338e14e4492f3d14f567ca4b9e160dd77d744b43c070b01d5e25d39af303afc" X-ARR-LOG-ID="8e901dcf-ac51-11f0-9bcf-00051b860c5a" CLIENT-IP="24.32.74.177:61461" X-SITE-DEPLOYMENT-ID="field-service-api" WAS-DEFAULT-HOSTNAME="field-service-api.scm.azurewebsites.net" X-Forwarded-Proto="https" X-AppService-Proto="https" X-Forwarded-TlsVersion="1.3" X-WAWS-Unencoded-URL="/api/zipdeploy?isAsync=true" X-Client-IP="24.32.74.177" X-Client-Port="61461" >
  <step title="ZipPushDeploy" date="2025-10-18T18:38:10.959" >
    <step title="ZipDeploy. Extract zip. Remote build." date="2025-10-18T18:38:10.972" /><!-- duration: 4ms -->
    <step title="None repository commit" date="2025-10-18T18:38:10.989" >
      <step title="Commit id: 689d5b1f-f0d8-402a-85bc-eb319eecae6e" date="2025-10-18T18:38:10.999" Message="N/A" AuthorName="N/A" AuthorEmail="N/A" /><!-- duration: 3ms -->
    </step><!-- duration: 20ms -->
    <step title="Starting PushDeployAsync" date="2025-10-18T18:38:11.013" /><!-- duration: 4ms -->
    <step title="Writing artifact to /tmp/zipdeploy/ab99da81-250a-4b52-8043-dca48734cb3f.zip" date="2025-10-18T18:38:11.049" >
      <step title="Writing multipart request body to /tmp/zipdeploy/ab99da81-250a-4b52-8043-dca48734cb3f.zip" date="2025-10-18T18:38:11.059" /><!-- duration: 11ms -->
    </step><!-- duration: 5940ms -->
    <step title="Start deployment in the background" date="2025-10-18T18:38:17.029" >
      <step title="Acquiring Deployment Lock" date="2025-10-18T18:38:17.136" /><!-- duration: 3ms -->
      <step title="Acquired Deployment Lock" date="2025-10-18T18:38:17.183" /><!-- duration: 4ms -->
    </step><!-- duration: 229ms -->
  </step><!-- duration: 6305ms -->
  <step title="Outgoing response" date="2025-10-18T18:38:17.279" type="response" statusCode="202" statusText="Accepted" /><!-- duration: 3ms -->
</step><!-- duration: 6439ms -->
