<step title="Incoming Request" date="2025-10-18T19:52:42.262" instance="5b3f8a" url="/api/deployments/latest" method="GET" type="request" pid="823,1,16" Accept="*/*" Host="field-service-api.scm.azurewebsites.net" User-Agent="AZURECLI/2.74.0 (MSI)" Accept-Encoding="gzip, deflate" Authorization="Bas..." x-ms-client-request-id="df38c84d-ac5b-11f0-8246-00051b860c5a" X-ARR-LOG-ID="df38c84d-ac5b-11f0-8246-00051b860c5a" CLIENT-IP="24.32.74.177:64828" X-SITE-DEPLOYMENT-ID="field-service-api" WAS-DEFAULT-HOSTNAME="field-service-api.scm.azurewebsites.net" X-Forwarded-Proto="https" X-AppService-Proto="https" X-Forwarded-TlsVersion="1.3" X-WAWS-Unencoded-URL="/api/deployments/latest" X-Client-IP="24.32.74.177" X-Client-Port="64828" >
  <step title="Cleanup Xml Logs" date="2025-10-18T19:52:42.265" >
    <step title="Cleanup Infos" date="2025-10-18T19:52:42.298" totalFiles="241" totalCleanup="81" /><!-- duration: 5ms -->
  </step><!-- duration: 42ms -->
  <step title="DeploymentService.GetResult" date="2025-10-18T19:52:42.338" >
    <step title="DeploymentService.GetLatestDeployment" date="2025-10-18T19:52:42.345" >
      <step title="DeploymentManager.GetResults" date="2025-10-18T19:52:42.349" /><!-- duration: 3369ms -->
    </step><!-- duration: 3420ms -->
  </step><!-- duration: 3486ms -->
  <step title="Outgoing response" date="2025-10-18T19:52:45.883" type="response" statusCode="202" statusText="Accepted" /><!-- duration: 26ms -->
</step><!-- duration: 3688ms -->
