<step title="Incoming Request" date="2025-10-18T13:55:22.552" instance="b47714" url="/api/zipdeploy?isAsync=true" method="POST" type="request" pid="821,1,39" Accept="*/*" Host="field-service-api.scm.azurewebsites.net" User-Agent="AZURECLI/2.74.0 (MSI)" Accept-Encoding="gzip, deflate" Authorization="Bas..." Cache-Control="no-cache" Content-Type="application/octet-stream" Cookie="ARRAffinity=b47714df06fcf6a96ddfba3a284a2c5a08964eca8515ab3ca08cef25436c95a0; ARRAffinitySameSite=b47714df06fcf6a96ddfba3a284a2c5a08964eca8515ab3ca08cef25436c95a0" Content-Length="743101" x-ms-client-request-id="0edfe734-ac2a-11f0-a6b4-00051b860c5a" x-ms-artifact-checksum="9ed558439734c8388a983649559d80cea784efe2c4e17f768b8f1c15c810b07a" X-ARR-LOG-ID="0edfe734-ac2a-11f0-a6b4-00051b860c5a" CLIENT-IP="24.32.74.177:51291" X-SITE-DEPLOYMENT-ID="field-service-api" WAS-DEFAULT-HOSTNAME="field-service-api.scm.azurewebsites.net" X-Forwarded-Proto="https" X-AppService-Proto="https" X-Forwarded-TlsVersion="1.3" X-WAWS-Unencoded-URL="/api/zipdeploy?isAsync=true" X-Client-IP="24.32.74.177" X-Client-Port="51291" >
  <step title="ZipPushDeploy" date="2025-10-18T13:55:22.563" >
    <step title="ZipDeploy. Extract zip. Remote build." date="2025-10-18T13:55:22.573" /><!-- duration: 4ms -->
    <step title="Starting PushDeployAsync" date="2025-10-18T13:55:22.586" /><!-- duration: 4ms -->
    <step title="Removing node_modules symlink" date="2025-10-18T13:55:22.614" >
      <step title="Writing artifact to /tmp/zipdeploy/1f2f8b81-a259-4b00-9cd5-abebaf54be08.zip" date="2025-10-18T13:55:22.651" >
        <step title="Writing multipart request body to /tmp/zipdeploy/1f2f8b81-a259-4b00-9cd5-abebaf54be08.zip" date="2025-10-18T13:55:22.658" /><!-- duration: 4ms -->
      </step><!-- duration: 162ms -->
      <step title="Removing previous build artifact&apos;s manifest file" date="2025-10-18T13:55:22.821" >
        <step title="Start deployment in the background" date="2025-10-18T13:55:22.835" >
          <step title="Acquiring Deployment Lock" date="2025-10-18T13:55:22.857" /><!-- duration: 6ms -->
          <step title="Acquired Deployment Lock" date="2025-10-18T13:55:22.921" /><!-- duration: 4ms -->
        </step><!-- duration: 177ms -->
      </step><!-- duration: 212ms -->
      <step title="Outgoing response" date="2025-10-18T13:55:23.037" type="response" statusCode="202" statusText="Accepted" /><!-- duration: 4ms -->
    </step><!-- duration: 430ms -->
