<step title="Incoming Request" date="2025-10-18T06:04:29.206" instance="b47714" url="/api/zipdeploy?isAsync=true" method="POST" type="request" pid="821,1,65" Accept="*/*" Host="field-service-api.scm.azurewebsites.net" User-Agent="AZURECLI/2.74.0 (MSI)" Accept-Encoding="gzip, deflate" Authorization="Bas..." Cache-Control="no-cache" Content-Type="application/octet-stream" Cookie="ARRAffinity=b47714df06fcf6a96ddfba3a284a2c5a08964eca8515ab3ca08cef25436c95a0; ARRAffinitySameSite=b47714df06fcf6a96ddfba3a284a2c5a08964eca8515ab3ca08cef25436c95a0" Content-Length="737070" x-ms-client-request-id="446e5d44-abe8-11f0-8062-00051b860c5a" x-ms-artifact-checksum="421b5b30312a7e19d7c97dfefcbb81354d0836d531db068ee33a480a40483367" X-ARR-LOG-ID="446e5d44-abe8-11f0-8062-00051b860c5a" CLIENT-IP="24.32.74.177:63231" X-SITE-DEPLOYMENT-ID="field-service-api" WAS-DEFAULT-HOSTNAME="field-service-api.scm.azurewebsites.net" X-Forwarded-Proto="https" X-AppService-Proto="https" X-Forwarded-TlsVersion="1.3" X-WAWS-Unencoded-URL="/api/zipdeploy?isAsync=true" X-Client-IP="24.32.74.177" X-Client-Port="63231" >
  <step title="ZipPushDeploy" date="2025-10-18T06:04:29.266" >
    <step title="ZipDeploy. Extract zip. Remote build." date="2025-10-18T06:04:29.310" /><!-- duration: 5ms -->
    <step title="None repository commit" date="2025-10-18T06:04:29.346" >
      <step title="Commit id: 926ba20c-e39f-493e-b9e3-d4e73ef2432a" date="2025-10-18T06:04:29.352" Message="N/A" AuthorName="N/A" AuthorEmail="N/A" /><!-- duration: 5ms -->
    </step><!-- duration: 16ms -->
    <step title="Starting PushDeployAsync" date="2025-10-18T06:04:29.366" /><!-- duration: 5ms -->
    <step title="Removing node_modules symlink" date="2025-10-18T06:04:29.470" >
      <step title="Removing _del_node_modules symlink" date="2025-10-18T06:04:29.682" >
        <step title="Writing artifact to /tmp/zipdeploy/42e3301a-ee0e-4fdf-897b-b572bdc83ac4.zip" date="2025-10-18T06:04:29.757" >
          <step title="Writing multipart request body to /tmp/zipdeploy/42e3301a-ee0e-4fdf-897b-b572bdc83ac4.zip" date="2025-10-18T06:04:29.763" /><!-- duration: 5ms -->
        </step><!-- duration: 109ms -->
        <step title="Removing previous build artifact&apos;s manifest file" date="2025-10-18T06:04:29.870" >
          <step title="Start deployment in the background" date="2025-10-18T06:04:29.883" >
            <step title="Acquiring Deployment Lock" date="2025-10-18T06:04:29.919" /><!-- duration: 4ms -->
            <step title="Acquired Deployment Lock" date="2025-10-18T06:04:29.957" /><!-- duration: 8ms -->
          </step><!-- duration: 198ms -->
        </step><!-- duration: 227ms -->
        <step title="Outgoing response" date="2025-10-18T06:04:30.108" type="response" statusCode="202" statusText="Accepted" /><!-- duration: 6ms -->
      </step><!-- duration: 437ms -->
