<step title="Incoming Request" date="2025-10-18T07:11:43.731" instance="b47714" url="/api/zipdeploy?isAsync=true" method="POST" type="request" pid="821,1,81" Accept="*/*" Host="field-service-api.scm.azurewebsites.net" User-Agent="AZURECLI/2.74.0 (MSI)" Accept-Encoding="gzip, deflate" Authorization="Bas..." Cache-Control="no-cache" Content-Type="application/octet-stream" Cookie="ARRAffinity=b47714df06fcf6a96ddfba3a284a2c5a08964eca8515ab3ca08cef25436c95a0; ARRAffinitySameSite=b47714df06fcf6a96ddfba3a284a2c5a08964eca8515ab3ca08cef25436c95a0" Content-Length="739831" x-ms-client-request-id="aa97bb12-abf1-11f0-8015-00051b860c5a" x-ms-artifact-checksum="d20773f94cfff0865a20304de7fd9a26026b437d79cc6d2dec742fa994f29264" X-ARR-LOG-ID="aa97bb12-abf1-11f0-8015-00051b860c5a" CLIENT-IP="24.32.74.177:58019" X-SITE-DEPLOYMENT-ID="field-service-api" WAS-DEFAULT-HOSTNAME="field-service-api.scm.azurewebsites.net" X-Forwarded-Proto="https" X-AppService-Proto="https" X-Forwarded-TlsVersion="1.3" X-WAWS-Unencoded-URL="/api/zipdeploy?isAsync=true" X-Client-IP="24.32.74.177" X-Client-Port="58019" >
  <step title="ZipPushDeploy" date="2025-10-18T07:11:43.746" >
    <step title="ZipDeploy. Extract zip. Remote build." date="2025-10-18T07:11:43.758" /><!-- duration: 7ms -->
    <step title="Starting PushDeployAsync" date="2025-10-18T07:11:43.772" /><!-- duration: 7ms -->
    <step title="Removing node_modules symlink" date="2025-10-18T07:11:43.793" >
      <step title="Writing artifact to /tmp/zipdeploy/6c41b513-8d9d-470d-98d0-37c82c3bcb1e.zip" date="2025-10-18T07:11:43.833" >
        <step title="Writing multipart request body to /tmp/zipdeploy/6c41b513-8d9d-470d-98d0-37c82c3bcb1e.zip" date="2025-10-18T07:11:43.839" /><!-- duration: 10ms -->
      </step><!-- duration: 293ms -->
      <step title="Removing previous build artifact&apos;s manifest file" date="2025-10-18T07:11:44.143" >
        <step title="Start deployment in the background" date="2025-10-18T07:11:44.157" >
          <step title="Acquiring Deployment Lock" date="2025-10-18T07:11:44.173" /><!-- duration: 5ms -->
          <step title="Acquired Deployment Lock" date="2025-10-18T07:11:44.207" /><!-- duration: 10ms -->
        </step><!-- duration: 153ms -->
      </step><!-- duration: 298ms -->
      <step title="Outgoing response" date="2025-10-18T07:11:44.447" type="response" statusCode="202" statusText="Accepted" /><!-- duration: 4ms -->
    </step><!-- duration: 665ms -->
