<step title="Incoming Request" date="2025-10-18T22:59:46.298" instance="5b3f8a" url="/api/deployments/latest" method="GET" type="request" pid="823,1,29" Accept="*/*" Host="field-service-api.scm.azurewebsites.net" User-Agent="AZURECLI/2.74.0 (MSI)" Accept-Encoding="gzip, deflate" Authorization="Bas..." x-ms-client-request-id="f7aab55b-ac75-11f0-8498-00051b860c5a" X-ARR-LOG-ID="f7aab55b-ac75-11f0-8498-00051b860c5a" CLIENT-IP="24.32.74.177:54886" X-SITE-DEPLOYMENT-ID="field-service-api" WAS-DEFAULT-HOSTNAME="field-service-api.scm.azurewebsites.net" X-Forwarded-Proto="https" X-AppService-Proto="https" X-Forwarded-TlsVersion="1.3" X-WAWS-Unencoded-URL="/api/deployments/latest" X-Client-IP="24.32.74.177" X-Client-Port="54886" >
  <step title="Cleanup Xml Logs" date="2025-10-18T22:59:46.308" >
    <step title="Cleanup Infos" date="2025-10-18T22:59:46.372" totalFiles="348" totalCleanup="188" /><!-- duration: 10ms -->
  </step><!-- duration: 84ms -->
  <step title="DeploymentService.GetResult" date="2025-10-18T22:59:46.478" >
    <step title="DeploymentService.GetLatestDeployment" date="2025-10-18T22:59:46.495" >
      <step title="DeploymentManager.GetResults" date="2025-10-18T22:59:46.515" /><!-- duration: 1192ms -->
    </step><!-- duration: 1253ms -->
  </step><!-- duration: 1306ms -->
  <step title="Outgoing response" date="2025-10-18T22:59:47.804" type="response" statusCode="202" statusText="Accepted" /><!-- duration: 10ms -->
</step><!-- duration: 1545ms -->
