<step title="Incoming Request" date="2025-10-18T06:31:42.095" instance="b47714" url="/api/zipdeploy?isAsync=true" method="POST" type="request" pid="821,1,77" Accept="*/*" Host="field-service-api.scm.azurewebsites.net" User-Agent="AZURECLI/2.74.0 (MSI)" Accept-Encoding="gzip, deflate" Authorization="Bas..." Cache-Control="no-cache" Content-Type="application/octet-stream" Cookie="ARRAffinity=b47714df06fcf6a96ddfba3a284a2c5a08964eca8515ab3ca08cef25436c95a0; ARRAffinitySameSite=b47714df06fcf6a96ddfba3a284a2c5a08964eca8515ab3ca08cef25436c95a0" Content-Length="738825" x-ms-client-request-id="143c4d79-abec-11f0-bd43-00051b860c5a" x-ms-artifact-checksum="b9260e780852a3bb6a17eb2dacf713fb7b5164a626b70df1936ef170c1438d1d" X-ARR-LOG-ID="143c4d79-abec-11f0-bd43-00051b860c5a" CLIENT-IP="24.32.74.177:62533" X-SITE-DEPLOYMENT-ID="field-service-api" WAS-DEFAULT-HOSTNAME="field-service-api.scm.azurewebsites.net" X-Forwarded-Proto="https" X-AppService-Proto="https" X-Forwarded-TlsVersion="1.3" X-WAWS-Unencoded-URL="/api/zipdeploy?isAsync=true" X-Client-IP="24.32.74.177" X-Client-Port="62533" >
  <step title="ZipPushDeploy" date="2025-10-18T06:31:42.209" >
    <step title="ZipDeploy. Extract zip. Remote build." date="2025-10-18T06:31:42.223" /><!-- duration: 9ms -->
    <step title="Starting PushDeployAsync" date="2025-10-18T06:31:42.243" /><!-- duration: 14ms -->
    <step title="Removing node_modules symlink" date="2025-10-18T06:31:42.265" >
      <step title="Writing artifact to /tmp/zipdeploy/06a80808-8480-4ea6-b15a-18b256d61512.zip" date="2025-10-18T06:31:42.314" >
        <step title="Writing multipart request body to /tmp/zipdeploy/06a80808-8480-4ea6-b15a-18b256d61512.zip" date="2025-10-18T06:31:42.318" /><!-- duration: 4ms -->
      </step><!-- duration: 658ms -->
      <step title="Removing previous build artifact&apos;s manifest file" date="2025-10-18T06:31:42.984" >
        <step title="Start deployment in the background" date="2025-10-18T06:31:43.005" >
          <step title="Acquiring Deployment Lock" date="2025-10-18T06:31:43.022" /><!-- duration: 6ms -->
          <step title="Acquired Deployment Lock" date="2025-10-18T06:31:43.071" /><!-- duration: 5ms -->
        </step><!-- duration: 193ms -->
      </step><!-- duration: 223ms -->
      <step title="Outgoing response" date="2025-10-18T06:31:43.212" type="response" statusCode="202" statusText="Accepted" /><!-- duration: 6ms -->
    </step><!-- duration: 957ms -->
