<step title="Incoming Request" date="2025-10-18T21:33:02.280" instance="5b3f8a" url="/api/deployments/latest" method="GET" type="request" pid="823,1,40" Accept="*/*" Host="field-service-api.scm.azurewebsites.net" User-Agent="AZURECLI/2.74.0 (MSI)" Accept-Encoding="gzip, deflate" Authorization="Bas..." x-ms-client-request-id="f1a0c654-ac69-11f0-9fd6-00051b860c5a" X-ARR-LOG-ID="f1a0c654-ac69-11f0-9fd6-00051b860c5a" CLIENT-IP="24.32.74.177:49566" X-SITE-DEPLOYMENT-ID="field-service-api" WAS-DEFAULT-HOSTNAME="field-service-api.scm.azurewebsites.net" X-Forwarded-Proto="https" X-AppService-Proto="https" X-Forwarded-TlsVersion="1.3" X-WAWS-Unencoded-URL="/api/deployments/latest" X-Client-IP="24.32.74.177" X-Client-Port="49566" >
  <step title="Cleanup Xml Logs" date="2025-10-18T21:33:02.301" >
    <step title="Cleanup Infos" date="2025-10-18T21:33:02.516" totalFiles="280" totalCleanup="120" /><!-- duration: 64ms -->
  </step><!-- duration: 319ms -->
  <step title="DeploymentService.GetResult" date="2025-10-18T21:33:02.670" >
    <step title="DeploymentService.GetLatestDeployment" date="2025-10-18T21:33:02.680" >
      <step title="DeploymentManager.GetResults" date="2025-10-18T21:33:02.692" /><!-- duration: 1862ms -->
    </step><!-- duration: 1894ms -->
  </step><!-- duration: 1920ms -->
  <step title="Outgoing response" date="2025-10-18T21:33:04.637" type="response" statusCode="202" statusText="Accepted" /><!-- duration: 29ms -->
</step><!-- duration: 2408ms -->
