<step title="Incoming Request" date="2025-10-18T20:06:09.874" instance="5b3f8a" url="/api/deployments/latest" method="GET" type="request" pid="823,1,43" Accept="*/*" Host="field-service-api.scm.azurewebsites.net" User-Agent="AZURECLI/2.74.0 (MSI)" Accept-Encoding="gzip, deflate" Authorization="Bas..." x-ms-client-request-id="d234798c-ac5d-11f0-bf1c-00051b860c5a" X-ARR-LOG-ID="d234798c-ac5d-11f0-bf1c-00051b860c5a" CLIENT-IP="24.32.74.177:55442" X-SITE-DEPLOYMENT-ID="field-service-api" WAS-DEFAULT-HOSTNAME="field-service-api.scm.azurewebsites.net" X-Forwarded-Proto="https" X-AppService-Proto="https" X-Forwarded-TlsVersion="1.3" X-WAWS-Unencoded-URL="/api/deployments/latest" X-Client-IP="24.32.74.177" X-Client-Port="55442" >
  <step title="Cleanup Xml Logs" date="2025-10-18T20:06:09.879" >
    <step title="Cleanup Infos" date="2025-10-18T20:06:09.896" totalFiles="251" totalCleanup="91" /><!-- duration: 6ms -->
  </step><!-- duration: 27ms -->
  <step title="DeploymentService.GetResult" date="2025-10-18T20:06:09.932" >
    <step title="DeploymentService.GetLatestDeployment" date="2025-10-18T20:06:09.935" >
      <step title="DeploymentManager.GetResults" date="2025-10-18T20:06:09.941" /><!-- duration: 774ms -->
    </step><!-- duration: 787ms -->
  </step><!-- duration: 798ms -->
  <step title="Outgoing response" date="2025-10-18T20:06:10.737" type="response" statusCode="202" statusText="Accepted" /><!-- duration: 5ms -->
</step><!-- duration: 871ms -->
