﻿<?xml version="1.0" encoding="utf-8"?>
<deployment>
  <id>90c0c8ba-09f4-4b2e-9ae9-d723208bbc22</id>
  <author>N/A</author>
  <deployer>Push-Deployer</deployer>
  <authorEmail>N/A</authorEmail>
  <message>Created via a push deployment</message>
  <progress></progress>
  <status>Success</status>
  <statusText></statusText>
  <lastSuccessEndTime>2025-10-18T01:34:57.8263903Z</lastSuccessEndTime>
  <receivedTime>2025-10-18T01:33:09.9853793Z</receivedTime>
  <startTime>2025-10-18T01:33:14.8586233Z</startTime>
  <endTime>2025-10-18T01:34:57.8263903Z</endTime>
  <complete>True</complete>
  <is_temp>False</is_temp>
  <is_readonly>True</is_readonly>
  <buildSummary />
</deployment>