﻿<?xml version="1.0" encoding="utf-8"?>
<deployment>
  <id>eaefe315-adef-4639-a165-239984dc4e43</id>
  <author>N/A</author>
  <deployer>Push-Deployer</deployer>
  <authorEmail>N/A</authorEmail>
  <message>Created via a push deployment</message>
  <progress></progress>
  <status>Success</status>
  <statusText></statusText>
  <lastSuccessEndTime>2025-10-17T23:17:58.2157496Z</lastSuccessEndTime>
  <receivedTime>2025-10-17T23:16:20.7447086Z</receivedTime>
  <startTime>2025-10-17T23:16:22.2426304Z</startTime>
  <endTime>2025-10-17T23:17:58.2157496Z</endTime>
  <complete>True</complete>
  <is_temp>False</is_temp>
  <is_readonly>True</is_readonly>
  <buildSummary />
</deployment>