﻿<?xml version="1.0" encoding="utf-8"?>
<deployment>
  <id>922e5f71-60be-4449-a6b6-10893fb59cb7</id>
  <author>N/A</author>
  <deployer>OneDeploy</deployer>
  <authorEmail>N/A</authorEmail>
  <message>OneDeploy</message>
  <progress></progress>
  <status>Success</status>
  <statusText></statusText>
  <lastSuccessEndTime>2025-10-21T18:21:25.4541302Z</lastSuccessEndTime>
  <receivedTime>2025-10-21T18:21:19.8494575Z</receivedTime>
  <startTime>2025-10-21T18:21:21.2729884Z</startTime>
  <endTime>2025-10-21T18:21:25.4541302Z</endTime>
  <complete>True</complete>
  <is_temp>False</is_temp>
  <is_readonly>True</is_readonly>
  <buildSummary />
</deployment>