﻿<?xml version="1.0" encoding="utf-8"?>
<deployment>
  <id>d4f8456c-c459-40ff-9272-328aa7f5360f</id>
  <author>ms-azuretools-vscode</author>
  <deployer>ms-azuretools-vscode</deployer>
  <authorEmail>N/A</authorEmail>
  <message>Created via a push deployment</message>
  <progress></progress>
  <status>Success</status>
  <statusText></statusText>
  <lastSuccessEndTime>2025-10-21T15:51:13.0761573Z</lastSuccessEndTime>
  <receivedTime>2025-10-21T15:48:34.1714025Z</receivedTime>
  <startTime>2025-10-21T15:48:35.7573798Z</startTime>
  <endTime>2025-10-21T15:51:13.0761573Z</endTime>
  <complete>True</complete>
  <is_temp>False</is_temp>
  <is_readonly>True</is_readonly>
  <buildSummary />
</deployment>