﻿<?xml version="1.0" encoding="utf-8"?>
<deployment>
  <id>b1771385-2709-4e5f-b237-ec46437bdc8f</id>
  <author>N/A</author>
  <deployer>Push-Deployer</deployer>
  <authorEmail>N/A</authorEmail>
  <message>Created via a push deployment</message>
  <progress></progress>
  <status>Success</status>
  <statusText></statusText>
  <lastSuccessEndTime>2025-10-20T14:51:35.2837637Z</lastSuccessEndTime>
  <receivedTime>2025-10-20T14:50:11.2972985Z</receivedTime>
  <startTime>2025-10-20T14:50:13.4886177Z</startTime>
  <endTime>2025-10-20T14:51:35.2837637Z</endTime>
  <complete>True</complete>
  <is_temp>False</is_temp>
  <is_readonly>True</is_readonly>
  <buildSummary />
</deployment>