﻿<?xml version="1.0" encoding="utf-8"?>
<deployment>
  <id>f50388fe-2e85-4e44-b689-7fbdfa853635</id>
  <author>ms-azuretools-vscode</author>
  <deployer>ms-azuretools-vscode</deployer>
  <authorEmail>N/A</authorEmail>
  <message>Created via a push deployment</message>
  <progress></progress>
  <status>Success</status>
  <statusText></statusText>
  <lastSuccessEndTime>2025-10-21T16:50:13.3279786Z</lastSuccessEndTime>
  <receivedTime>2025-10-21T16:48:20.9350927Z</receivedTime>
  <startTime>2025-10-21T16:48:22.5838151Z</startTime>
  <endTime>2025-10-21T16:50:13.3279786Z</endTime>
  <complete>True</complete>
  <is_temp>False</is_temp>
  <is_readonly>True</is_readonly>
  <buildSummary />
</deployment>