﻿<?xml version="1.0" encoding="utf-8"?>
<deployment>
  <id>02e4a1cf-6783-42e1-b28a-35677442ede4</id>
  <author>N/A</author>
  <deployer>Push-Deployer</deployer>
  <authorEmail>N/A</authorEmail>
  <message>Created via a push deployment</message>
  <progress>Running oryx build...</progress>
  <status>Building</status>
  <statusText>Building and Deploying '02e4a1cf-6783-42e1-b28a-35677442ede4'.</statusText>
  <lastSuccessEndTime />
  <receivedTime>2025-10-18T01:17:58.2035926Z</receivedTime>
  <startTime>2025-10-18T01:17:59.5415234Z</startTime>
  <endTime />
  <complete>False</complete>
  <is_temp>False</is_temp>
  <is_readonly>True</is_readonly>
  <buildSummary />
</deployment>