﻿<?xml version="1.0" encoding="utf-8"?>
<deployment>
  <id>5937b68c-b2b6-4442-82fe-21f63a9b427f</id>
  <author>N/A</author>
  <deployer>Push-Deployer</deployer>
  <authorEmail>N/A</authorEmail>
  <message>Created via a push deployment</message>
  <progress></progress>
  <status>Success</status>
  <statusText></statusText>
  <lastSuccessEndTime>2025-10-20T12:59:13.700121Z</lastSuccessEndTime>
  <receivedTime>2025-10-20T12:54:55.5660277Z</receivedTime>
  <startTime>2025-10-20T12:54:57.223516Z</startTime>
  <endTime>2025-10-20T12:59:13.700121Z</endTime>
  <complete>True</complete>
  <is_temp>False</is_temp>
  <is_readonly>True</is_readonly>
  <buildSummary />
</deployment>