﻿<?xml version="1.0" encoding="utf-8"?>
<deployment>
  <id>593a9ce2-6888-451c-9470-044db2da228c</id>
  <author>ms-azuretools-vscode</author>
  <deployer>ms-azuretools-vscode</deployer>
  <authorEmail>N/A</authorEmail>
  <message>Created via a push deployment</message>
  <progress></progress>
  <status>Success</status>
  <statusText></statusText>
  <lastSuccessEndTime>2025-10-21T16:11:47.6970494Z</lastSuccessEndTime>
  <receivedTime>2025-10-21T16:10:11.9319833Z</receivedTime>
  <startTime>2025-10-21T16:10:13.3553098Z</startTime>
  <endTime>2025-10-21T16:11:47.6970494Z</endTime>
  <complete>True</complete>
  <is_temp>False</is_temp>
  <is_readonly>True</is_readonly>
  <buildSummary />
</deployment>