<step title="BackgroundTrace" date="2025-10-18T23:55:23.161" instance="5b3f8a" url="/api/zipdeploy" method="POST" >
  <step title="Cleanup Xml Logs" date="2025-10-18T23:55:23.165" >
    <step title="Cleanup Infos" date="2025-10-18T23:55:23.183" totalFiles="447" totalCleanup="287" /><!-- duration: 17ms -->
  </step><!-- duration: 56ms -->
  <step title="Creating temporary deployment - FetchDeploymentManager" date="2025-10-18T23:55:23.353" /><!-- duration: 4ms -->
  <step title="Creating temporary deployment" date="2025-10-18T23:55:23.362" /><!-- duration: 79ms -->
  <step title="Performing fetch based deployment" date="2025-10-18T23:55:23.496" >
    <step title="Cleaning up temp folders from previous zip deployments and extracting pushed zip file /tmp/zipdeploy/f07f1e19-0b20-42f0-8cf2-928cefbc14ff.zip (15.91 MB) to /tmp/zipdeploy/extracted" date="2025-10-18T23:55:24.687" >
      <step title="ChmodRecursive Process exited with total time taken in ms: 49" date="2025-10-18T23:55:25.683" /><!-- duration: 8ms -->
    </step><!-- duration: 1008ms -->
    <step title="Deployment timer started" date="2025-10-18T23:55:27.729" >
      <step title="DeploymentManager.Deploy(id:1adbe197-9d9c-43a2-acbd-ed21222d5b61)" date="2025-10-18T23:55:27.735" >
        <step title="Collecting changeset information" date="2025-10-18T23:55:27.765" /><!-- duration: 154ms -->
        <step title="Updating submodules" date="2025-10-18T23:55:27.935" /><!-- duration: 1112ms -->
        <step title="Determining deployment builder" date="2025-10-18T23:55:29.281" >
          <step title="Builder is OryxBuilder" date="2025-10-18T23:55:29.318" /><!-- duration: 4ms -->
        </step><!-- duration: 55ms -->
        <step title="PreDeployment: context.CleanOutputPath False" date="2025-10-18T23:55:29.401" >
          <step title="PreDeployment: context.OutputPath /home/site/wwwroot" date="2025-10-18T23:55:29.552" >
            <step title="Building" date="2025-10-18T23:55:29.744" >
              <step title="Executing external process" date="2025-10-18T23:55:30.111" type="process" path="bash" arguments="-c &quot;oryx build /tmp/zipdeploy/extracted -o /home/site/wwwroot --platform nodejs --platform-version 20 -p virtualenv_name= --log-file /tmp/build-debug.log  -i /tmp/8de0ea1d1141059 -p compress_node_modules=tar-gz | tee /tmp/oryx-build.log ; exit $PIPESTATUS &quot;" >
                <step title="Cpu: npm install(6847,28.460s)+build.sh(6764,0.070s)+oryx(6744,5.630s)+tee(6745,0.000s)+bash(6743,0.000s)=total(34.140s)" date="2025-10-18T23:56:39.863" /><!-- duration: 50ms -->
                <step title="bash: no io activity for 61s, prev-cpu=-1.000s, current-cpu=34.140s" date="2025-10-18T23:56:39.950" /><!-- duration: 40ms -->
              </step><!-- duration: 86607ms -->
              <step title="Using GenericDeploymentLogParser" date="2025-10-18T23:56:57.373" /><!-- duration: 17ms -->
              <step title="Triggering recycle (preview mode disabled)." date="2025-10-18T23:56:59.092" /><!-- duration: 37ms -->
              <step title="Modified file to trigger a restart of the app container." date="2025-10-18T23:56:59.231" /><!-- duration: 7ms -->
              <step title="Skip function trigger and logicapp sync because function is not enabled." date="2025-10-18T23:56:59.243" /><!-- duration: 6ms -->
              <step title="Purge deployment items" date="2025-10-18T23:57:00.490" >
                <step title="Remove d72c03a0-, Success, received at 10/18/2025 20:57:37" date="2025-10-18T23:57:00.542" /><!-- duration: 3ms -->
              </step><!-- duration: 59ms -->
            </step><!-- duration: 90885ms -->
          </step><!-- duration: 91081ms -->
          <step title="Cleaning up temp files" date="2025-10-18T23:57:00.636" /><!-- duration: 2361ms -->
          <step title="Cleaning up temp files" date="2025-10-18T23:57:03.016" /><!-- duration: 569ms -->
          <step title="Reloading status file with latest updates" date="2025-10-18T23:57:03.772" >
            <step title="WebHooksManager.PublishEventAsync: PostDeployment" date="2025-10-18T23:57:03.809" /><!-- duration: 221ms -->
          </step><!-- duration: 264ms -->
          <step title="Cleaning up temporary deployment - fetch deployment was successful" date="2025-10-18T23:57:04.044" /><!-- duration: 5ms -->
        </step><!-- duration: 94698ms -->
      </step><!-- duration: 96387ms -->
