<step title="Incoming Request" date="2025-10-18T16:35:24.653" instance="5b3f8a" url="/api/zipdeploy?isAsync=true" method="POST" type="request" pid="825,1,7" Accept="*/*" Host="field-service-api.scm.azurewebsites.net" User-Agent="AZURECLI/2.74.0 (MSI)" Accept-Encoding="gzip, deflate" Authorization="Bas..." Cache-Control="no-cache" Content-Type="application/octet-stream" Content-Length="179558538" x-ms-client-request-id="4d84797e-ac3f-11f0-8a2f-00051b860c5a" x-ms-artifact-checksum="3e331876deaedb754d3ce9b5b9f18e6c19ac928b9fa5c8f4bbd8c1812db99fd9" X-ARR-LOG-ID="4d84797e-ac3f-11f0-8a2f-00051b860c5a" CLIENT-IP="24.32.74.177:58600" X-SITE-DEPLOYMENT-ID="field-service-api" WAS-DEFAULT-HOSTNAME="field-service-api.scm.azurewebsites.net" X-Forwarded-Proto="https" X-AppService-Proto="https" X-Forwarded-TlsVersion="1.3" X-WAWS-Unencoded-URL="/api/zipdeploy?isAsync=true" X-Client-IP="24.32.74.177" X-Client-Port="58600" >
  <step title="ZipPushDeploy" date="2025-10-18T16:35:26.040" >
    <step title="ZipDeploy. Extract zip. Remote build." date="2025-10-18T16:35:26.176" /><!-- duration: 30ms -->
    <step title="None repository commit" date="2025-10-18T16:35:26.302" >
      <step title="Commit id: e22f6a88-3cf1-4ad0-9d6c-0ae1e6cdb77c" date="2025-10-18T16:35:26.331" Message="N/A" AuthorName="N/A" AuthorEmail="N/A" /><!-- duration: 48ms -->
    </step><!-- duration: 99ms -->
    <step title="Starting PushDeployAsync" date="2025-10-18T16:35:26.539" /><!-- duration: 30ms -->
    <step title="Writing artifact to /tmp/zipdeploy/b29109bd-b83b-4e13-94da-5bff2ce8a049.zip" date="2025-10-18T16:35:26.702" >
      <step title="Writing multipart request body to /tmp/zipdeploy/b29109bd-b83b-4e13-94da-5bff2ce8a049.zip" date="2025-10-18T16:35:26.729" /><!-- duration: 29ms -->
    </step><!-- duration: 49560ms -->
    <step title="Start deployment in the background" date="2025-10-18T16:36:16.320" >
      <step title="Acquiring Deployment Lock" date="2025-10-18T16:36:16.410" /><!-- duration: 19ms -->
      <step title="Acquired Deployment Lock" date="2025-10-18T16:36:16.538" /><!-- duration: 8ms -->
    </step><!-- duration: 441ms -->
  </step><!-- duration: 50751ms -->
  <step title="Outgoing response" date="2025-10-18T16:36:16.820" type="response" statusCode="202" statusText="Accepted" /><!-- duration: 37ms -->
</step><!-- duration: 52272ms -->
