<step title="Incoming Request" date="2025-10-18T19:47:09.895" instance="5b3f8a" url="/api/zipdeploy?isAsync=true" method="POST" type="request" pid="823,1,15" Accept="*/*" Host="field-service-api.scm.azurewebsites.net" User-Agent="AZURECLI/2.74.0 (MSI)" Accept-Encoding="gzip, deflate" Authorization="Bas..." Cache-Control="no-cache" Content-Type="application/octet-stream" Cookie="ARRAffinity=5b3f8a12403b9dc2b986729a83bf573dfabff49059ab229ec52134ff3910c818; ARRAffinitySameSite=5b3f8a12403b9dc2b986729a83bf573dfabff49059ab229ec52134ff3910c818" Content-Length="16669478" x-ms-client-request-id="1e3c1242-ac5b-11f0-a268-00051b860c5a" x-ms-artifact-checksum="6e5ae74f6ee816b28676752fa58aee104586925596fab15735ded26020ccbc1f" X-ARR-LOG-ID="1e3c1242-ac5b-11f0-a268-00051b860c5a" CLIENT-IP="24.32.74.177:63739" X-SITE-DEPLOYMENT-ID="field-service-api" WAS-DEFAULT-HOSTNAME="field-service-api.scm.azurewebsites.net" X-Forwarded-Proto="https" X-AppService-Proto="https" X-Forwarded-TlsVersion="1.3" X-WAWS-Unencoded-URL="/api/zipdeploy?isAsync=true" X-Client-IP="24.32.74.177" X-Client-Port="63739" >
  <step title="ZipPushDeploy" date="2025-10-18T19:47:09.966" >
    <step title="ZipDeploy. Extract zip. Remote build." date="2025-10-18T19:47:09.996" /><!-- duration: 15ms -->
    <step title="None repository commit" date="2025-10-18T19:47:10.022" >
      <step title="Commit id: c711c161-01d3-4588-974e-8293bdbf028f" date="2025-10-18T19:47:10.026" Message="N/A" AuthorName="N/A" AuthorEmail="N/A" /><!-- duration: 6ms -->
    </step><!-- duration: 14ms -->
    <step title="Starting PushDeployAsync" date="2025-10-18T19:47:10.220" /><!-- duration: 10ms -->
    <step title="Removing node_modules symlink" date="2025-10-18T19:47:10.399" >
      <step title="Removing _del_node_modules symlink" date="2025-10-18T19:47:10.770" >
        <step title="Writing artifact to /tmp/zipdeploy/3ae59a87-3192-481c-9d17-860895aa661f.zip" date="2025-10-18T19:47:10.877" >
          <step title="Writing multipart request body to /tmp/zipdeploy/3ae59a87-3192-481c-9d17-860895aa661f.zip" date="2025-10-18T19:47:10.967" /><!-- duration: 40ms -->
        </step><!-- duration: 6894ms -->
        <step title="Removing previous build artifact&apos;s manifest file" date="2025-10-18T19:47:17.802" >
          <step title="Start deployment in the background" date="2025-10-18T19:47:17.896" >
            <step title="Acquiring Deployment Lock" date="2025-10-18T19:47:18.053" /><!-- duration: 19ms -->
            <step title="Acquired Deployment Lock" date="2025-10-18T19:47:18.200" /><!-- duration: 11ms -->
          </step><!-- duration: 559ms -->
        </step><!-- duration: 682ms -->
        <step title="Outgoing response" date="2025-10-18T19:47:18.591" type="response" statusCode="202" statusText="Accepted" /><!-- duration: 19ms -->
      </step><!-- duration: 7877ms -->
