<step title="BackgroundTrace" date="2025-10-19T00:06:15.033" instance="5b3f8a" url="/api/zipdeploy" method="POST" >
  <step title="Cleanup Xml Logs" date="2025-10-19T00:06:15.037" >
    <step title="Cleanup Infos" date="2025-10-19T00:06:15.066" totalFiles="458" totalCleanup="298" /><!-- duration: 11ms -->
  </step><!-- duration: 44ms -->
  <step title="Creating temporary deployment - FetchDeploymentManager" date="2025-10-19T00:06:15.177" /><!-- duration: 3ms -->
  <step title="Creating temporary deployment" date="2025-10-19T00:06:15.196" /><!-- duration: 69ms -->
  <step title="Performing fetch based deployment" date="2025-10-19T00:06:15.343" >
    <step title="Cleaning up temp folders from previous zip deployments and extracting pushed zip file /tmp/zipdeploy/abf7eea5-3ca0-4112-ac76-1cf40ae58240.zip (15.91 MB) to /tmp/zipdeploy/extracted" date="2025-10-19T00:06:16.592" >
      <step title="ChmodRecursive Process exited with total time taken in ms: 64" date="2025-10-19T00:06:17.269" /><!-- duration: 10ms -->
    </step><!-- duration: 695ms -->
    <step title="Deployment timer started" date="2025-10-19T00:06:19.340" >
      <step title="DeploymentManager.Deploy(id:07192c2c-f56f-4226-8793-ee4729e5e843)" date="2025-10-19T00:06:19.355" >
        <step title="Collecting changeset information" date="2025-10-19T00:06:19.388" /><!-- duration: 103ms -->
        <step title="Updating submodules" date="2025-10-19T00:06:19.499" /><!-- duration: 1191ms -->
        <step title="Determining deployment builder" date="2025-10-19T00:06:21.279" >
          <step title="Builder is OryxBuilder" date="2025-10-19T00:06:21.311" /><!-- duration: 4ms -->
        </step><!-- duration: 45ms -->
        <step title="PreDeployment: context.CleanOutputPath False" date="2025-10-19T00:06:21.400" >
          <step title="PreDeployment: context.OutputPath /home/site/wwwroot" date="2025-10-19T00:06:21.563" >
            <step title="Building" date="2025-10-19T00:06:21.737" >
              <step title="Executing external process" date="2025-10-19T00:06:22.109" type="process" path="bash" arguments="-c &quot;oryx build /tmp/zipdeploy/extracted -o /home/site/wwwroot --platform nodejs --platform-version 20 -p virtualenv_name= --log-file /tmp/build-debug.log  -i /tmp/8de0ea355b2a8bb -p compress_node_modules=tar-gz | tee /tmp/oryx-build.log ; exit $PIPESTATUS &quot;" >
                <step title="Cpu: npm install(7144,26.030s)+build.sh(7061,0.030s)+oryx(7042,5.260s)+tee(7043,0.010s)+bash(7041,0.000s)=total(31.300s)" date="2025-10-19T00:07:33.009" /><!-- duration: 31ms -->
                <step title="bash: no io activity for 60s, prev-cpu=-1.000s, current-cpu=31.300s" date="2025-10-19T00:07:33.132" /><!-- duration: 59ms -->
              </step><!-- duration: 108105ms -->
              <step title="Using GenericDeploymentLogParser" date="2025-10-19T00:08:10.636" /><!-- duration: 13ms -->
              <step title="Triggering recycle (preview mode disabled)." date="2025-10-19T00:08:11.973" /><!-- duration: 10ms -->
              <step title="Modified file to trigger a restart of the app container." date="2025-10-19T00:08:12.036" /><!-- duration: 4ms -->
              <step title="Skip function trigger and logicapp sync because function is not enabled." date="2025-10-19T00:08:12.049" /><!-- duration: 14ms -->
              <step title="Purge deployment items" date="2025-10-19T00:08:13.206" >
                <step title="Remove 483997d8-, Success, received at 10/18/2025 21:24:45" date="2025-10-19T00:08:13.280" /><!-- duration: 4ms -->
              </step><!-- duration: 84ms -->
            </step><!-- duration: 111657ms -->
          </step><!-- duration: 111835ms -->
          <step title="Cleaning up temp files" date="2025-10-19T00:08:13.401" /><!-- duration: 3489ms -->
          <step title="Cleaning up temp files" date="2025-10-19T00:08:16.907" /><!-- duration: 572ms -->
          <step title="Reloading status file with latest updates" date="2025-10-19T00:08:17.716" >
            <step title="WebHooksManager.PublishEventAsync: PostDeployment" date="2025-10-19T00:08:17.932" /><!-- duration: 199ms -->
          </step><!-- duration: 432ms -->
          <step title="Cleaning up temporary deployment - fetch deployment was successful" date="2025-10-19T00:08:18.176" /><!-- duration: 11ms -->
        </step><!-- duration: 117012ms -->
      </step><!-- duration: 119113ms -->
