<step title="BackgroundTrace" date="2025-10-18T15:33:33.060" instance="1971c5" url="/api/zipdeploy" method="POST" >
  <step title="Cleanup Xml Logs" date="2025-10-18T15:33:33.074" /><!-- duration: 10ms -->
  <step title="Creating temporary deployment - FetchDeploymentManager" date="2025-10-18T15:33:33.205" /><!-- duration: 6ms -->
  <step title="Creating temporary deployment" date="2025-10-18T15:33:33.217" /><!-- duration: 60ms -->
  <step title="Performing fetch based deployment" date="2025-10-18T15:33:33.360" >
    <step title="Cleaning up temp folders from previous zip deployments and extracting pushed zip file /tmp/zipdeploy/6e0ae7be-d5dc-4243-9842-f419207eceac.zip (155.99 MB) to /tmp/zipdeploy/extracted" date="2025-10-18T15:33:34.580" >
      <step title="ChmodRecursive Process exited with total time taken in ms: 113" date="2025-10-18T15:33:39.471" /><!-- duration: 7ms -->
    </step><!-- duration: 4902ms -->
    <step title="Deployment timer started" date="2025-10-18T15:33:41.522" >
      <step title="DeploymentManager.Deploy(id:78cb8b95-c2d8-4590-a2cb-e12372b371a2)" date="2025-10-18T15:33:41.530" >
        <step title="Collecting changeset information" date="2025-10-18T15:33:41.546" /><!-- duration: 87ms -->
        <step title="Updating submodules" date="2025-10-18T15:33:41.638" /><!-- duration: 1158ms -->
        <step title="Determining deployment builder" date="2025-10-18T15:33:43.021" >
          <step title="Builder is OryxBuilder" date="2025-10-18T15:33:43.033" /><!-- duration: 4ms -->
        </step><!-- duration: 20ms -->
        <step title="PreDeployment: context.CleanOutputPath False" date="2025-10-18T15:33:43.108" >
          <step title="PreDeployment: context.OutputPath /home/site/wwwroot" date="2025-10-18T15:33:43.208" >
            <step title="Building" date="2025-10-18T15:33:43.377" >
              <step title="Executing external process" date="2025-10-18T15:33:43.695" type="process" path="bash" arguments="-c &quot;oryx build /tmp/zipdeploy/extracted -o /home/site/wwwroot --platform nodejs --platform-version 20 -p virtualenv_name= --log-file /tmp/build-debug.log  -i /tmp/8de0e5bb853e2e5 -p compress_node_modules=tar-gz | tee /tmp/oryx-build.log ; exit $PIPESTATUS &quot;" /><!-- duration: 101943ms -->
              <step title="Using GenericDeploymentLogParser" date="2025-10-18T15:35:26.207" /><!-- duration: 9ms -->
              <step title="Triggering recycle (preview mode disabled)." date="2025-10-18T15:35:27.689" /><!-- duration: 5ms -->
              <step title="Modified file to trigger a restart of the app container." date="2025-10-18T15:35:27.745" /><!-- duration: 6ms -->
              <step title="Skip function trigger and logicapp sync because function is not enabled." date="2025-10-18T15:35:27.762" /><!-- duration: 4ms -->
              <step title="Purge deployment items" date="2025-10-18T15:35:29.075" >
                <step title="Remove 359692e1-, Success, received at 10/18/2025 07:11:47" date="2025-10-18T15:35:29.152" /><!-- duration: 3ms -->
              </step><!-- duration: 84ms -->
            </step><!-- duration: 105865ms -->
          </step><!-- duration: 106043ms -->
          <step title="Cleaning up temp files" date="2025-10-18T15:35:29.254" /><!-- duration: 4085ms -->
          <step title="Cleaning up temp files" date="2025-10-18T15:35:33.386" /><!-- duration: 599ms -->
          <step title="Reloading status file with latest updates" date="2025-10-18T15:35:34.016" >
            <step title="WebHooksManager.PublishEventAsync: PostDeployment" date="2025-10-18T15:35:34.020" /><!-- duration: 122ms -->
          </step><!-- duration: 129ms -->
          <step title="Cleaning up temporary deployment - fetch deployment was successful" date="2025-10-18T15:35:34.165" /><!-- duration: 4ms -->
        </step><!-- duration: 111110ms -->
      </step><!-- duration: 112707ms -->
