<step title="BackgroundTrace" date="2025-10-18T06:57:37.426" instance="b47714" url="/api/zipdeploy" method="POST" >
  <step title="Creating temporary deployment - FetchDeploymentManager" date="2025-10-18T06:57:37.541" /><!-- duration: 9ms -->
  <step title="Creating temporary deployment" date="2025-10-18T06:57:37.558" /><!-- duration: 103ms -->
  <step title="Performing fetch based deployment" date="2025-10-18T06:57:37.751" >
    <step title="Cleaning up temp folders from previous zip deployments and extracting pushed zip file /tmp/zipdeploy/9d32e101-da15-4373-b0d8-511d2315a999.zip (0.70 MB) to /tmp/zipdeploy/extracted" date="2025-10-18T06:57:39.032" >
      <step title="ChmodRecursive Process exited with total time taken in ms: 38" date="2025-10-18T06:57:39.234" /><!-- duration: 5ms -->
    </step><!-- duration: 213ms -->
    <step title="Deployment timer started" date="2025-10-18T06:57:41.283" >
      <step title="DeploymentManager.Deploy(id:1f8052ea-a5e2-474a-8577-688fe5dd8fb7)" date="2025-10-18T06:57:41.301" >
        <step title="Collecting changeset information" date="2025-10-18T06:57:41.403" /><!-- duration: 164ms -->
        <step title="Updating submodules" date="2025-10-18T06:57:41.588" /><!-- duration: 1197ms -->
        <step title="Determining deployment builder" date="2025-10-18T06:57:43.062" >
          <step title="Builder is OryxBuilder" date="2025-10-18T06:57:43.090" /><!-- duration: 5ms -->
        </step><!-- duration: 38ms -->
        <step title="PreDeployment: context.CleanOutputPath False" date="2025-10-18T06:57:43.734" >
          <step title="PreDeployment: context.OutputPath /home/site/wwwroot" date="2025-10-18T06:57:43.872" >
            <step title="Building" date="2025-10-18T06:57:44.048" >
              <step title="Executing external process" date="2025-10-18T06:57:44.491" type="process" path="bash" arguments="-c &quot;oryx build /tmp/zipdeploy/extracted -o /home/site/wwwroot --platform nodejs --platform-version 20 -p virtualenv_name= --log-file /tmp/build-debug.log  -i /tmp/8de0e13a2c61ef1 -p compress_node_modules=tar-gz | tee /tmp/oryx-build.log ; exit $PIPESTATUS &quot;" /><!-- duration: 26987ms -->
              <step title="Using GenericDeploymentLogParser" date="2025-10-18T06:58:11.874" /><!-- duration: 5ms -->
              <step title="Triggering recycle (preview mode disabled)." date="2025-10-18T06:58:13.258" /><!-- duration: 8ms -->
              <step title="Modified file to trigger a restart of the app container." date="2025-10-18T06:58:13.301" /><!-- duration: 7ms -->
              <step title="Skip function trigger and logicapp sync because function is not enabled." date="2025-10-18T06:58:13.315" /><!-- duration: 8ms -->
            </step><!-- duration: 30281ms -->
          </step><!-- duration: 30465ms -->
          <step title="Cleaning up temp files" date="2025-10-18T06:58:14.347" /><!-- duration: 926ms -->
          <step title="Cleaning up temp files" date="2025-10-18T06:58:15.280" /><!-- duration: 511ms -->
          <step title="Reloading status file with latest updates" date="2025-10-18T06:58:15.861" >
            <step title="WebHooksManager.PublishEventAsync: PostDeployment" date="2025-10-18T06:58:15.870" /><!-- duration: 47ms -->
          </step><!-- duration: 59ms -->
          <step title="Cleaning up temporary deployment - fetch deployment was successful" date="2025-10-18T06:58:15.926" /><!-- duration: 3ms -->
        </step><!-- duration: 32252ms -->
      </step><!-- duration: 34709ms -->
