<step title="Incoming Request" date="2025-10-18T22:36:51.933" instance="5b3f8a" url="/api/zipdeploy?isAsync=true" method="POST" type="request" pid="823,1,35" Accept="*/*" Host="field-service-api.scm.azurewebsites.net" User-Agent="AZURECLI/2.74.0 (MSI)" Accept-Encoding="gzip, deflate" Authorization="Bas..." Cache-Control="no-cache" Content-Type="application/octet-stream" Cookie="ARRAffinity=5b3f8a12403b9dc2b986729a83bf573dfabff49059ab229ec52134ff3910c818; ARRAffinitySameSite=5b3f8a12403b9dc2b986729a83bf573dfabff49059ab229ec52134ff3910c818" Content-Length="179505422" x-ms-client-request-id="dd423d4e-ac72-11f0-b098-00051b860c5a" x-ms-artifact-checksum="c4be8d42d2aa72daa1d9ef30dc1de9cecb18014fc5face044bb51e175e4c2bbd" X-ARR-LOG-ID="dd423d4e-ac72-11f0-b098-00051b860c5a" CLIENT-IP="24.32.74.177:54349" X-SITE-DEPLOYMENT-ID="field-service-api" WAS-DEFAULT-HOSTNAME="field-service-api.scm.azurewebsites.net" X-Forwarded-Proto="https" X-AppService-Proto="https" X-Forwarded-TlsVersion="1.3" X-WAWS-Unencoded-URL="/api/zipdeploy?isAsync=true" X-Client-IP="24.32.74.177" X-Client-Port="54349" >
  <step title="ZipPushDeploy" date="2025-10-18T22:36:51.970" >
    <step title="ZipDeploy. Extract zip. Remote build." date="2025-10-18T22:36:51.989" /><!-- duration: 4ms -->
    <step title="Starting PushDeployAsync" date="2025-10-18T22:36:52.007" /><!-- duration: 29ms -->
    <step title="Removing node_modules symlink" date="2025-10-18T22:36:52.076" >
      <step title="Writing artifact to /tmp/zipdeploy/5c2ba21f-56d5-4d60-8566-c5e3f552e6bb.zip" date="2025-10-18T22:36:52.236" >
        <step title="Writing multipart request body to /tmp/zipdeploy/5c2ba21f-56d5-4d60-8566-c5e3f552e6bb.zip" date="2025-10-18T22:36:52.242" /><!-- duration: 5ms -->
      </step><!-- duration: 48473ms -->
      <step title="Removing previous build artifact&apos;s manifest file" date="2025-10-18T22:37:40.749" >
        <step title="Start deployment in the background" date="2025-10-18T22:37:40.853" >
          <step title="Acquiring Deployment Lock" date="2025-10-18T22:37:41.222" /><!-- duration: 48ms -->
          <step title="Acquired Deployment Lock" date="2025-10-18T22:37:41.448" /><!-- duration: 20ms -->
        </step><!-- duration: 1158ms -->
      </step><!-- duration: 1400ms -->
      <step title="Outgoing response" date="2025-10-18T22:37:42.189" type="response" statusCode="202" statusText="Accepted" /><!-- duration: 10ms -->
    </step><!-- duration: 50149ms -->
