<step title="Incoming Request" date="2025-10-18T23:55:27.629" instance="5b3f8a" url="/api/deployments/latest" method="GET" type="request" pid="823,1,16" Accept="*/*" Host="field-service-api.scm.azurewebsites.net" User-Agent="AZURECLI/2.74.0 (MSI)" Accept-Encoding="gzip, deflate" Authorization="Bas..." x-ms-client-request-id="dc1e10d5-ac7d-11f0-a2f1-00051b860c5a" X-ARR-LOG-ID="dc1e10d5-ac7d-11f0-a2f1-00051b860c5a" CLIENT-IP="24.32.74.177:57628" X-SITE-DEPLOYMENT-ID="field-service-api" WAS-DEFAULT-HOSTNAME="field-service-api.scm.azurewebsites.net" X-Forwarded-Proto="https" X-AppService-Proto="https" X-Forwarded-TlsVersion="1.3" X-WAWS-Unencoded-URL="/api/deployments/latest" X-Client-IP="24.32.74.177" X-Client-Port="57628" >
  <step title="Cleanup Xml Logs" date="2025-10-18T23:55:27.632" >
    <step title="Cleanup Infos" date="2025-10-18T23:55:27.647" totalFiles="448" totalCleanup="288" /><!-- duration: 5ms -->
  </step><!-- duration: 24ms -->
  <step title="DeploymentService.GetResult" date="2025-10-18T23:55:27.667" >
    <step title="DeploymentService.GetLatestDeployment" date="2025-10-18T23:55:27.670" >
      <step title="DeploymentManager.GetResults" date="2025-10-18T23:55:27.674" /><!-- duration: 761ms -->
    </step><!-- duration: 777ms -->
  </step><!-- duration: 786ms -->
  <step title="Outgoing response" date="2025-10-18T23:55:28.458" type="response" statusCode="202" statusText="Accepted" /><!-- duration: 11ms -->
</step><!-- duration: 852ms -->
