<step title="Incoming Request" date="2025-10-18T23:42:27.749" instance="5b3f8a" url="/api/deployments/latest" method="GET" type="request" pid="823,1,26" Accept="*/*" Host="field-service-api.scm.azurewebsites.net" User-Agent="AZURECLI/2.74.0 (MSI)" Accept-Encoding="gzip, deflate" Authorization="Bas..." x-ms-client-request-id="eabc6463-ac7b-11f0-ba92-00051b860c5a" X-ARR-LOG-ID="eabc6463-ac7b-11f0-ba92-00051b860c5a" CLIENT-IP="24.32.74.177:49772" X-SITE-DEPLOYMENT-ID="field-service-api" WAS-DEFAULT-HOSTNAME="field-service-api.scm.azurewebsites.net" X-Forwarded-Proto="https" X-AppService-Proto="https" X-Forwarded-TlsVersion="1.3" X-WAWS-Unencoded-URL="/api/deployments/latest" X-Client-IP="24.32.74.177" X-Client-Port="49772" >
  <step title="Cleanup Xml Logs" date="2025-10-18T23:42:27.777" >
    <step title="Cleanup Infos" date="2025-10-18T23:42:27.977" totalFiles="418" totalCleanup="258" /><!-- duration: 71ms -->
  </step><!-- duration: 435ms -->
  <step title="DeploymentService.GetResult" date="2025-10-18T23:42:28.657" >
    <step title="DeploymentService.GetLatestDeployment" date="2025-10-18T23:42:28.800" >
      <step title="DeploymentManager.GetResults" date="2025-10-18T23:42:28.920" /><!-- duration: 2241ms -->
    </step><!-- duration: 2430ms -->
  </step><!-- duration: 3156ms -->
  <step title="Outgoing response" date="2025-10-18T23:42:31.843" type="response" statusCode="202" statusText="Accepted" /><!-- duration: 12ms -->
</step><!-- duration: 4161ms -->
