<step title="Incoming Request" date="2025-10-18T23:20:41.260" instance="5b3f8a" url="/api/deployments/latest" method="GET" type="request" pid="823,1,3" Accept="*/*" Host="field-service-api.scm.azurewebsites.net" User-Agent="AZURECLI/2.74.0 (MSI)" Accept-Encoding="gzip, deflate" Authorization="Bas..." x-ms-client-request-id="e4814d8e-ac78-11f0-bcfa-00051b860c5a" X-ARR-LOG-ID="e4814d8e-ac78-11f0-bcfa-00051b860c5a" CLIENT-IP="24.32.74.177:51218" X-SITE-DEPLOYMENT-ID="field-service-api" WAS-DEFAULT-HOSTNAME="field-service-api.scm.azurewebsites.net" X-Forwarded-Proto="https" X-AppService-Proto="https" X-Forwarded-TlsVersion="1.3" X-WAWS-Unencoded-URL="/api/deployments/latest" X-Client-IP="24.32.74.177" X-Client-Port="51218" >
  <step title="Cleanup Xml Logs" date="2025-10-18T23:20:41.262" >
    <step title="Cleanup Infos" date="2025-10-18T23:20:41.279" totalFiles="389" totalCleanup="229" /><!-- duration: 5ms -->
  </step><!-- duration: 25ms -->
  <step title="DeploymentService.GetResult" date="2025-10-18T23:20:41.296" >
    <step title="DeploymentService.GetLatestDeployment" date="2025-10-18T23:20:41.300" >
      <step title="DeploymentManager.GetResults" date="2025-10-18T23:20:41.303" /><!-- duration: 526ms -->
    </step><!-- duration: 535ms -->
  </step><!-- duration: 543ms -->
  <step title="Outgoing response" date="2025-10-18T23:20:41.844" type="response" statusCode="202" statusText="Accepted" /><!-- duration: 4ms -->
</step><!-- duration: 593ms -->
