<step title="Incoming Request" date="2025-10-18T15:29:39.060" instance="1971c5" url="/api/zipdeploy?isAsync=true" method="POST" type="request" pid="821,1,7" Accept="*/*" Host="field-service-api.scm.azurewebsites.net" User-Agent="AZURECLI/2.74.0 (MSI)" Accept-Encoding="gzip, deflate" Authorization="Bas..." Cache-Control="no-cache" Content-Type="application/octet-stream" Cookie="ARRAffinity=1971c58eecae6c5ffe40b330894af20e07f3d16128fc6d5db3807eb6212d0d46; ARRAffinitySameSite=1971c58eecae6c5ffe40b330894af20e07f3d16128fc6d5db3807eb6212d0d46" Content-Length="163567444" x-ms-client-request-id="2e2dc1e9-ac37-11f0-8a7b-00051b860c5a" x-ms-artifact-checksum="0c70d7b7eb7ab8edf719bf734a3b8baa83595e97ca10b9f2d92596c8062a0489" X-ARR-LOG-ID="2e2dc1e9-ac37-11f0-8a7b-00051b860c5a" CLIENT-IP="24.32.74.177:59338" X-SITE-DEPLOYMENT-ID="field-service-api" WAS-DEFAULT-HOSTNAME="field-service-api.scm.azurewebsites.net" X-Forwarded-Proto="https" X-AppService-Proto="https" X-Forwarded-TlsVersion="1.3" X-WAWS-Unencoded-URL="/api/zipdeploy?isAsync=true" X-Client-IP="24.32.74.177" X-Client-Port="59338" >
  <step title="Cleanup Xml Logs" date="2025-10-18T15:29:39.063" /><!-- duration: 8ms -->
  <step title="ZipPushDeploy" date="2025-10-18T15:29:39.094" >
    <step title="ZipDeploy. Extract zip. Remote build." date="2025-10-18T15:29:39.103" /><!-- duration: 4ms -->
    <step title="None repository commit" date="2025-10-18T15:29:39.384" >
      <step title="Commit id: 9471d77d-697d-471a-917d-0425b60e4123" date="2025-10-18T15:29:39.388" Message="N/A" AuthorName="N/A" AuthorEmail="N/A" /><!-- duration: 10ms -->
    </step><!-- duration: 22ms -->
    <step title="Starting PushDeployAsync" date="2025-10-18T15:29:39.417" /><!-- duration: 4ms -->
    <step title="Removing node_modules symlink" date="2025-10-18T15:29:39.435" >
      <step title="Removing _del_node_modules symlink" date="2025-10-18T15:29:40.266" >
        <step title="Writing artifact to /tmp/zipdeploy/0d51d534-1087-4bae-9296-0a2da053e0db.zip" date="2025-10-18T15:29:40.289" >
          <step title="Writing multipart request body to /tmp/zipdeploy/0d51d534-1087-4bae-9296-0a2da053e0db.zip" date="2025-10-18T15:29:40.295" /><!-- duration: 4ms -->
        </step><!-- duration: 32991ms -->
        <step title="Removing previous build artifact&apos;s manifest file" date="2025-10-18T15:30:13.293" >
          <step title="Start deployment in the background" date="2025-10-18T15:30:13.311" >
            <step title="Acquiring Deployment Lock" date="2025-10-18T15:30:13.374" /><!-- duration: 4ms -->
            <step title="Acquired Deployment Lock" date="2025-10-18T15:30:13.410" /><!-- duration: 5ms -->
          </step><!-- duration: 191ms -->
        </step><!-- duration: 217ms -->
        <step title="Outgoing response" date="2025-10-18T15:30:13.516" type="response" statusCode="202" statusText="Accepted" /><!-- duration: 3ms -->
      </step><!-- duration: 33258ms -->
