<step title="Incoming Request" date="2025-10-18T21:42:16.325" instance="5b3f8a" url="/api/zipdeploy?isAsync=true" method="POST" type="request" pid="823,1,40" Accept="*/*" Host="field-service-api.scm.azurewebsites.net" User-Agent="AZURECLI/2.74.0 (MSI)" Accept-Encoding="gzip, deflate" Authorization="Bas..." Cache-Control="no-cache" Content-Type="application/octet-stream" Cookie="ARRAffinity=5b3f8a12403b9dc2b986729a83bf573dfabff49059ab229ec52134ff3910c818; ARRAffinitySameSite=5b3f8a12403b9dc2b986729a83bf573dfabff49059ab229ec52134ff3910c818" Content-Length="16671690" x-ms-client-request-id="45f9bed4-ac6b-11f0-8464-00051b860c5a" x-ms-artifact-checksum="5e43bc13f35602a1e1ec248b5709c9e6b94b302b966d29fba9711af7cf8fca02" X-ARR-LOG-ID="45f9bed4-ac6b-11f0-8464-00051b860c5a" CLIENT-IP="24.32.74.177:54314" X-SITE-DEPLOYMENT-ID="field-service-api" WAS-DEFAULT-HOSTNAME="field-service-api.scm.azurewebsites.net" X-Forwarded-Proto="https" X-AppService-Proto="https" X-Forwarded-TlsVersion="1.3" X-WAWS-Unencoded-URL="/api/zipdeploy?isAsync=true" X-Client-IP="24.32.74.177" X-Client-Port="54314" >
  <step title="Cleanup Xml Logs" date="2025-10-18T21:42:16.356" >
    <step title="Cleanup Infos" date="2025-10-18T21:42:16.413" totalFiles="289" totalCleanup="129" /><!-- duration: 21ms -->
  </step><!-- duration: 88ms -->
  <step title="ZipPushDeploy" date="2025-10-18T21:42:16.600" >
    <step title="ZipDeploy. Extract zip. Remote build." date="2025-10-18T21:42:16.765" /><!-- duration: 19ms -->
    <step title="Starting PushDeployAsync" date="2025-10-18T21:42:16.845" /><!-- duration: 19ms -->
    <step title="Removing node_modules symlink" date="2025-10-18T21:42:16.929" >
      <step title="Writing artifact to /tmp/zipdeploy/eb9111c5-8027-496b-a1fa-4613ae4b01cc.zip" date="2025-10-18T21:42:17.357" >
        <step title="Writing multipart request body to /tmp/zipdeploy/eb9111c5-8027-496b-a1fa-4613ae4b01cc.zip" date="2025-10-18T21:42:17.375" /><!-- duration: 20ms -->
      </step><!-- duration: 5679ms -->
      <step title="Removing previous build artifact&apos;s manifest file" date="2025-10-18T21:42:23.106" >
        <step title="Start deployment in the background" date="2025-10-18T21:42:23.200" >
          <step title="Acquiring Deployment Lock" date="2025-10-18T21:42:23.535" /><!-- duration: 11ms -->
          <step title="Acquired Deployment Lock" date="2025-10-18T21:42:23.700" /><!-- duration: 31ms -->
        </step><!-- duration: 951ms -->
      </step><!-- duration: 1144ms -->
      <step title="Outgoing response" date="2025-10-18T21:42:24.325" type="response" statusCode="202" statusText="Accepted" /><!-- duration: 70ms -->
    </step><!-- duration: 7484ms -->
