<step title="BackgroundTrace" date="2025-10-18T07:19:40.865" instance="b47714" url="/api/zipdeploy" method="POST" >
  <step title="Creating temporary deployment - FetchDeploymentManager" date="2025-10-18T07:19:40.939" /><!-- duration: 4ms -->
  <step title="Creating temporary deployment" date="2025-10-18T07:19:40.947" /><!-- duration: 77ms -->
  <step title="Performing fetch based deployment" date="2025-10-18T07:19:41.116" >
    <step title="Cleaning up temp folders from previous zip deployments and extracting pushed zip file /tmp/zipdeploy/f0c8178f-34f1-4ae2-86f0-99125ee5103d.zip (0.71 MB) to /tmp/zipdeploy/extracted" date="2025-10-18T07:19:42.287" >
      <step title="ChmodRecursive Process exited with total time taken in ms: 50" date="2025-10-18T07:19:42.474" /><!-- duration: 4ms -->
    </step><!-- duration: 197ms -->
    <step title="Deployment timer started" date="2025-10-18T07:19:44.498" >
      <step title="DeploymentManager.Deploy(id:2e888d76-3f26-432c-ae10-f577607955f1)" date="2025-10-18T07:19:44.505" >
        <step title="Collecting changeset information" date="2025-10-18T07:19:44.531" /><!-- duration: 108ms -->
        <step title="Updating submodules" date="2025-10-18T07:19:44.647" /><!-- duration: 1423ms -->
        <step title="Determining deployment builder" date="2025-10-18T07:19:46.653" >
          <step title="Builder is OryxBuilder" date="2025-10-18T07:19:46.674" /><!-- duration: 6ms -->
        </step><!-- duration: 33ms -->
        <step title="PreDeployment: context.CleanOutputPath False" date="2025-10-18T07:19:46.763" >
          <step title="PreDeployment: context.OutputPath /home/site/wwwroot" date="2025-10-18T07:19:46.889" >
            <step title="Building" date="2025-10-18T07:19:47.046" >
              <step title="Executing external process" date="2025-10-18T07:19:47.406" type="process" path="bash" arguments="-c &quot;oryx build /tmp/zipdeploy/extracted -o /home/site/wwwroot --platform nodejs --platform-version 20 -p virtualenv_name= --log-file /tmp/build-debug.log  -i /tmp/8de0e16b7afc615 -p compress_node_modules=tar-gz | tee /tmp/oryx-build.log ; exit $PIPESTATUS &quot;" /><!-- duration: 40712ms -->
              <step title="Using GenericDeploymentLogParser" date="2025-10-18T07:20:28.567" /><!-- duration: 5ms -->
              <step title="Triggering recycle (preview mode disabled)." date="2025-10-18T07:20:30.309" /><!-- duration: 7ms -->
              <step title="Modified file to trigger a restart of the app container." date="2025-10-18T07:20:30.372" /><!-- duration: 4ms -->
              <step title="Skip function trigger and logicapp sync because function is not enabled." date="2025-10-18T07:20:30.385" /><!-- duration: 6ms -->
            </step><!-- duration: 44729ms -->
          </step><!-- duration: 44894ms -->
          <step title="Cleaning up temp files" date="2025-10-18T07:20:31.789" /><!-- duration: 1817ms -->
          <step title="Cleaning up temp files" date="2025-10-18T07:20:33.620" /><!-- duration: 516ms -->
          <step title="Reloading status file with latest updates" date="2025-10-18T07:20:34.175" >
            <step title="WebHooksManager.PublishEventAsync: PostDeployment" date="2025-10-18T07:20:34.182" /><!-- duration: 55ms -->
          </step><!-- duration: 67ms -->
          <step title="Cleaning up temporary deployment - fetch deployment was successful" date="2025-10-18T07:20:34.258" /><!-- duration: 11ms -->
        </step><!-- duration: 47572ms -->
      </step><!-- duration: 50219ms -->
