<step title="Incoming Request" date="2025-10-18T20:57:36.197" instance="5b3f8a" url="/api/deployments/latest" method="GET" type="request" pid="823,1,58" Accept="*/*" Host="field-service-api.scm.azurewebsites.net" User-Agent="AZURECLI/2.74.0 (MSI)" Accept-Encoding="gzip, deflate" Authorization="Bas..." x-ms-client-request-id="00e0b29e-ac65-11f0-929f-00051b860c5a" X-ARR-LOG-ID="00e0b29e-ac65-11f0-929f-00051b860c5a" CLIENT-IP="24.32.74.177:60933" X-SITE-DEPLOYMENT-ID="field-service-api" WAS-DEFAULT-HOSTNAME="field-service-api.scm.azurewebsites.net" X-Forwarded-Proto="https" X-AppService-Proto="https" X-Forwarded-TlsVersion="1.3" X-WAWS-Unencoded-URL="/api/deployments/latest" X-Client-IP="24.32.74.177" X-Client-Port="60933" >
  <step title="Cleanup Xml Logs" date="2025-10-18T20:57:36.213" >
    <step title="Cleanup Infos" date="2025-10-18T20:57:36.231" totalFiles="260" totalCleanup="100" /><!-- duration: 6ms -->
  </step><!-- duration: 29ms -->
  <step title="DeploymentService.GetResult" date="2025-10-18T20:57:36.276" >
    <step title="DeploymentService.GetLatestDeployment" date="2025-10-18T20:57:36.281" >
      <step title="DeploymentManager.GetResults" date="2025-10-18T20:57:36.288" /><!-- duration: 749ms -->
    </step><!-- duration: 779ms -->
  </step><!-- duration: 798ms -->
  <step title="Outgoing response" date="2025-10-18T20:57:37.116" type="response" statusCode="202" statusText="Accepted" /><!-- duration: 10ms -->
</step><!-- duration: 958ms -->
