<step title="Incoming Request" date="2025-10-18T07:19:40.546" instance="b47714" url="/api/zipdeploy?isAsync=true" method="POST" type="request" pid="821,1,76" Accept="*/*" Host="field-service-api.scm.azurewebsites.net" User-Agent="AZURECLI/2.74.0 (MSI)" Accept-Encoding="gzip, deflate" Authorization="Bas..." Cache-Control="no-cache" Content-Type="application/octet-stream" Cookie="ARRAffinity=b47714df06fcf6a96ddfba3a284a2c5a08964eca8515ab3ca08cef25436c95a0; ARRAffinitySameSite=b47714df06fcf6a96ddfba3a284a2c5a08964eca8515ab3ca08cef25436c95a0" Content-Length="740050" x-ms-client-request-id="c74e8aa1-abf2-11f0-b36c-00051b860c5a" x-ms-artifact-checksum="55d1383aea0d37c48ad42de1b62864e86a5bd4e43f6108b69403ab7329c1c94b" X-ARR-LOG-ID="c74e8aa1-abf2-11f0-b36c-00051b860c5a" CLIENT-IP="24.32.74.177:51693" X-SITE-DEPLOYMENT-ID="field-service-api" WAS-DEFAULT-HOSTNAME="field-service-api.scm.azurewebsites.net" X-Forwarded-Proto="https" X-AppService-Proto="https" X-Forwarded-TlsVersion="1.3" X-WAWS-Unencoded-URL="/api/zipdeploy?isAsync=true" X-Client-IP="24.32.74.177" X-Client-Port="51693" >
  <step title="ZipPushDeploy" date="2025-10-18T07:19:40.586" >
    <step title="ZipDeploy. Extract zip. Remote build." date="2025-10-18T07:19:40.607" /><!-- duration: 10ms -->
    <step title="Starting PushDeployAsync" date="2025-10-18T07:19:40.637" /><!-- duration: 6ms -->
    <step title="Removing node_modules symlink" date="2025-10-18T07:19:40.660" >
      <step title="Writing artifact to /tmp/zipdeploy/f0c8178f-34f1-4ae2-86f0-99125ee5103d.zip" date="2025-10-18T07:19:40.743" >
        <step title="Writing multipart request body to /tmp/zipdeploy/f0c8178f-34f1-4ae2-86f0-99125ee5103d.zip" date="2025-10-18T07:19:40.751" /><!-- duration: 4ms -->
      </step><!-- duration: 80ms -->
      <step title="Removing previous build artifact&apos;s manifest file" date="2025-10-18T07:19:40.842" >
        <step title="Start deployment in the background" date="2025-10-18T07:19:40.859" >
          <step title="Acquiring Deployment Lock" date="2025-10-18T07:19:40.877" /><!-- duration: 4ms -->
          <step title="Acquired Deployment Lock" date="2025-10-18T07:19:40.930" /><!-- duration: 5ms -->
        </step><!-- duration: 170ms -->
      </step><!-- duration: 242ms -->
      <step title="Outgoing response" date="2025-10-18T07:19:41.092" type="response" statusCode="202" statusText="Accepted" /><!-- duration: 6ms -->
    </step><!-- duration: 442ms -->
