<step title="Incoming Request" date="2025-10-18T18:38:21.833" instance="5b3f8a" url="/api/deployments/latest" method="GET" type="request" pid="823,1,19" Accept="*/*" Host="field-service-api.scm.azurewebsites.net" User-Agent="AZURECLI/2.74.0 (MSI)" Accept-Encoding="gzip, deflate" Authorization="Bas..." x-ms-client-request-id="8e901dcf-ac51-11f0-9bcf-00051b860c5a" X-ARR-LOG-ID="8e901dcf-ac51-11f0-9bcf-00051b860c5a" CLIENT-IP="24.32.74.177:49652" X-SITE-DEPLOYMENT-ID="field-service-api" WAS-DEFAULT-HOSTNAME="field-service-api.scm.azurewebsites.net" X-Forwarded-Proto="https" X-AppService-Proto="https" X-Forwarded-TlsVersion="1.3" X-WAWS-Unencoded-URL="/api/deployments/latest" X-Client-IP="24.32.74.177" X-Client-Port="49652" >
  <step title="Cleanup Xml Logs" date="2025-10-18T18:38:21.836" >
    <step title="Cleanup Infos" date="2025-10-18T18:38:21.844" totalFiles="214" totalCleanup="54" /><!-- duration: 4ms -->
  </step><!-- duration: 14ms -->
  <step title="DeploymentService.GetResult" date="2025-10-18T18:38:21.891" >
    <step title="DeploymentService.GetLatestDeployment" date="2025-10-18T18:38:21.894" >
      <step title="DeploymentManager.GetResults" date="2025-10-18T18:38:21.897" /><!-- duration: 709ms -->
    </step><!-- duration: 723ms -->
  </step><!-- duration: 730ms -->
  <step title="Outgoing response" date="2025-10-18T18:38:22.627" type="response" statusCode="202" statusText="Accepted" /><!-- duration: 3ms -->
</step><!-- duration: 800ms -->
