<step title="BackgroundTrace" date="2025-10-18T06:31:43.009" instance="b47714" url="/api/zipdeploy" method="POST" >
  <step title="Creating temporary deployment - FetchDeploymentManager" date="2025-10-18T06:31:43.082" /><!-- duration: 4ms -->
  <step title="Creating temporary deployment" date="2025-10-18T06:31:43.098" /><!-- duration: 92ms -->
  <step title="Performing fetch based deployment" date="2025-10-18T06:31:43.236" >
    <step title="Cleaning up temp folders from previous zip deployments and extracting pushed zip file /tmp/zipdeploy/06a80808-8480-4ea6-b15a-18b256d61512.zip (0.70 MB) to /tmp/zipdeploy/extracted" date="2025-10-18T06:31:44.439" >
      <step title="ChmodRecursive Process exited with total time taken in ms: 29" date="2025-10-18T06:31:44.621" /><!-- duration: 12ms -->
    </step><!-- duration: 201ms -->
    <step title="Deployment timer started" date="2025-10-18T06:31:46.659" >
      <step title="DeploymentManager.Deploy(id:6bf67f01-a1d8-41da-b5d6-33e7ec956fbe)" date="2025-10-18T06:31:46.684" >
        <step title="Collecting changeset information" date="2025-10-18T06:31:46.704" /><!-- duration: 132ms -->
        <step title="Updating submodules" date="2025-10-18T06:31:46.846" /><!-- duration: 1150ms -->
        <step title="Determining deployment builder" date="2025-10-18T06:31:48.555" >
          <step title="Builder is OryxBuilder" date="2025-10-18T06:31:48.570" /><!-- duration: 5ms -->
        </step><!-- duration: 24ms -->
        <step title="PreDeployment: context.CleanOutputPath False" date="2025-10-18T06:31:48.665" >
          <step title="PreDeployment: context.OutputPath /home/site/wwwroot" date="2025-10-18T06:31:48.810" >
            <step title="Building" date="2025-10-18T06:31:48.961" >
              <step title="Executing external process" date="2025-10-18T06:31:49.330" type="process" path="bash" arguments="-c &quot;oryx build /tmp/zipdeploy/extracted -o /home/site/wwwroot --platform nodejs --platform-version 20 -p virtualenv_name= --log-file /tmp/build-debug.log  -i /tmp/8de0e100433f437 -p compress_node_modules=tar-gz | tee /tmp/oryx-build.log ; exit $PIPESTATUS &quot;" /><!-- duration: 48555ms -->
              <step title="Using GenericDeploymentLogParser" date="2025-10-18T06:32:45.171" /><!-- duration: 60ms -->
              <step title="Triggering recycle (preview mode disabled)." date="2025-10-18T06:32:49.211" /><!-- duration: 11ms -->
              <step title="Modified file to trigger a restart of the app container." date="2025-10-18T06:32:49.281" /><!-- duration: 7ms -->
              <step title="Skip function trigger and logicapp sync because function is not enabled." date="2025-10-18T06:32:49.295" /><!-- duration: 7ms -->
            </step><!-- duration: 61321ms -->
          </step><!-- duration: 61480ms -->
          <step title="Cleaning up temp files" date="2025-10-18T06:32:50.298" /><!-- duration: 1069ms -->
          <step title="Cleaning up temp files" date="2025-10-18T06:32:51.388" /><!-- duration: 549ms -->
          <step title="Reloading status file with latest updates" date="2025-10-18T06:32:52.001" >
            <step title="WebHooksManager.PublishEventAsync: PostDeployment" date="2025-10-18T06:32:52.008" /><!-- duration: 38ms -->
          </step><!-- duration: 50ms -->
          <step title="Cleaning up temporary deployment - fetch deployment was successful" date="2025-10-18T06:32:52.085" /><!-- duration: 8ms -->
        </step><!-- duration: 63497ms -->
      </step><!-- duration: 65507ms -->
