<step title="Incoming Request" date="2025-10-18T06:48:32.734" instance="b47714" url="/api/zipdeploy?isAsync=true" method="POST" type="request" pid="821,1,76" Accept="*/*" Host="field-service-api.scm.azurewebsites.net" User-Agent="AZURECLI/2.74.0 (MSI)" Accept-Encoding="gzip, deflate" Authorization="Bas..." Cache-Control="no-cache" Content-Type="application/octet-stream" Cookie="ARRAffinity=b47714df06fcf6a96ddfba3a284a2c5a08964eca8515ab3ca08cef25436c95a0; ARRAffinitySameSite=b47714df06fcf6a96ddfba3a284a2c5a08964eca8515ab3ca08cef25436c95a0" Content-Length="739118" x-ms-client-request-id="6e1c36c6-abee-11f0-9985-00051b860c5a" x-ms-artifact-checksum="66957b7a9086d12540555015b5cbdc498481114ab66092c5a9402237c0a1f92d" X-ARR-LOG-ID="6e1c36c6-abee-11f0-9985-00051b860c5a" CLIENT-IP="24.32.74.177:65311" X-SITE-DEPLOYMENT-ID="field-service-api" WAS-DEFAULT-HOSTNAME="field-service-api.scm.azurewebsites.net" X-Forwarded-Proto="https" X-AppService-Proto="https" X-Forwarded-TlsVersion="1.3" X-WAWS-Unencoded-URL="/api/zipdeploy?isAsync=true" X-Client-IP="24.32.74.177" X-Client-Port="65311" >
  <step title="ZipPushDeploy" date="2025-10-18T06:48:32.758" >
    <step title="ZipDeploy. Extract zip. Remote build." date="2025-10-18T06:48:32.770" /><!-- duration: 5ms -->
    <step title="Starting PushDeployAsync" date="2025-10-18T06:48:32.786" /><!-- duration: 6ms -->
    <step title="Removing node_modules symlink" date="2025-10-18T06:48:32.807" >
      <step title="Writing artifact to /tmp/zipdeploy/0704f443-693f-4a03-82ec-0339de95bc73.zip" date="2025-10-18T06:48:32.878" >
        <step title="Writing multipart request body to /tmp/zipdeploy/0704f443-693f-4a03-82ec-0339de95bc73.zip" date="2025-10-18T06:48:32.882" /><!-- duration: 5ms -->
      </step><!-- duration: 201ms -->
      <step title="Removing previous build artifact&apos;s manifest file" date="2025-10-18T06:48:33.094" >
        <step title="Start deployment in the background" date="2025-10-18T06:48:33.228" >
          <step title="Acquiring Deployment Lock" date="2025-10-18T06:48:33.242" /><!-- duration: 12ms -->
          <step title="Acquired Deployment Lock" date="2025-10-18T06:48:33.303" /><!-- duration: 6ms -->
        </step><!-- duration: 257ms -->
      </step><!-- duration: 404ms -->
      <step title="Outgoing response" date="2025-10-18T06:48:33.503" type="response" statusCode="202" statusText="Accepted" /><!-- duration: 5ms -->
    </step><!-- duration: 706ms -->
