<step title="Incoming Request" date="2025-10-18T06:40:42.222" instance="b47714" url="/api/zipdeploy?isAsync=true" method="POST" type="request" pid="821,1,82" Accept="*/*" Host="field-service-api.scm.azurewebsites.net" User-Agent="AZURECLI/2.74.0 (MSI)" Accept-Encoding="gzip, deflate" Authorization="Bas..." Cache-Control="no-cache" Content-Type="application/octet-stream" Cookie="ARRAffinity=b47714df06fcf6a96ddfba3a284a2c5a08964eca8515ab3ca08cef25436c95a0; ARRAffinitySameSite=b47714df06fcf6a96ddfba3a284a2c5a08964eca8515ab3ca08cef25436c95a0" Content-Length="739001" x-ms-client-request-id="53fc0539-abed-11f0-9212-00051b860c5a" x-ms-artifact-checksum="bce239bc38a310dd8d021543f52013c8aa8f59fbce309c19f9833ed4dfbe5ea4" X-ARR-LOG-ID="53fc0539-abed-11f0-9212-00051b860c5a" CLIENT-IP="24.32.74.177:50641" X-SITE-DEPLOYMENT-ID="field-service-api" WAS-DEFAULT-HOSTNAME="field-service-api.scm.azurewebsites.net" X-Forwarded-Proto="https" X-AppService-Proto="https" X-Forwarded-TlsVersion="1.3" X-WAWS-Unencoded-URL="/api/zipdeploy?isAsync=true" X-Client-IP="24.32.74.177" X-Client-Port="50641" >
  <step title="ZipPushDeploy" date="2025-10-18T06:40:42.242" >
    <step title="ZipDeploy. Extract zip. Remote build." date="2025-10-18T06:40:42.260" /><!-- duration: 4ms -->
    <step title="Starting PushDeployAsync" date="2025-10-18T06:40:42.275" /><!-- duration: 6ms -->
    <step title="Removing node_modules symlink" date="2025-10-18T06:40:42.292" >
      <step title="Writing artifact to /tmp/zipdeploy/8d08c021-4ae2-4627-9274-b76fa32b7975.zip" date="2025-10-18T06:40:42.472" >
        <step title="Writing multipart request body to /tmp/zipdeploy/8d08c021-4ae2-4627-9274-b76fa32b7975.zip" date="2025-10-18T06:40:42.476" /><!-- duration: 11ms -->
      </step><!-- duration: 193ms -->
      <step title="Removing previous build artifact&apos;s manifest file" date="2025-10-18T06:40:42.687" >
        <step title="Start deployment in the background" date="2025-10-18T06:40:42.713" >
          <step title="Acquiring Deployment Lock" date="2025-10-18T06:40:42.752" /><!-- duration: 5ms -->
          <step title="Acquired Deployment Lock" date="2025-10-18T06:40:42.815" /><!-- duration: 5ms -->
        </step><!-- duration: 197ms -->
      </step><!-- duration: 253ms -->
      <step title="Outgoing response" date="2025-10-18T06:40:42.948" type="response" statusCode="202" statusText="Accepted" /><!-- duration: 18ms -->
    </step><!-- duration: 696ms -->
