<step title="Incoming Request" date="2025-10-18T20:05:58.247" instance="5b3f8a" url="/api/zipdeploy?isAsync=true" method="POST" type="request" pid="823,1,41" Accept="*/*" Host="field-service-api.scm.azurewebsites.net" User-Agent="AZURECLI/2.74.0 (MSI)" Accept-Encoding="gzip, deflate" Authorization="Bas..." Cache-Control="no-cache" Content-Type="application/octet-stream" Cookie="ARRAffinity=5b3f8a12403b9dc2b986729a83bf573dfabff49059ab229ec52134ff3910c818; ARRAffinitySameSite=5b3f8a12403b9dc2b986729a83bf573dfabff49059ab229ec52134ff3910c818" Content-Length="16670319" x-ms-client-request-id="d234798c-ac5d-11f0-bf1c-00051b860c5a" x-ms-artifact-checksum="9f25c0794284caf3cb6d5ff1ed6725155688f0cc304141946ee26d098948f1a4" X-ARR-LOG-ID="d234798c-ac5d-11f0-bf1c-00051b860c5a" CLIENT-IP="24.32.74.177:57342" X-SITE-DEPLOYMENT-ID="field-service-api" WAS-DEFAULT-HOSTNAME="field-service-api.scm.azurewebsites.net" X-Forwarded-Proto="https" X-AppService-Proto="https" X-Forwarded-TlsVersion="1.3" X-WAWS-Unencoded-URL="/api/zipdeploy?isAsync=true" X-Client-IP="24.32.74.177" X-Client-Port="57342" >
  <step title="ZipPushDeploy" date="2025-10-18T20:05:58.415" >
    <step title="ZipDeploy. Extract zip. Remote build." date="2025-10-18T20:05:58.503" /><!-- duration: 19ms -->
    <step title="Starting PushDeployAsync" date="2025-10-18T20:05:58.567" /><!-- duration: 12ms -->
    <step title="Removing node_modules symlink" date="2025-10-18T20:05:58.637" >
      <step title="Writing artifact to /tmp/zipdeploy/5c842360-ba16-434d-9bac-95576e0739d9.zip" date="2025-10-18T20:05:59.015" >
        <step title="Writing multipart request body to /tmp/zipdeploy/5c842360-ba16-434d-9bac-95576e0739d9.zip" date="2025-10-18T20:05:59.025" /><!-- duration: 19ms -->
      </step><!-- duration: 4147ms -->
      <step title="Removing previous build artifact&apos;s manifest file" date="2025-10-18T20:06:03.212" >
        <step title="Start deployment in the background" date="2025-10-18T20:06:03.287" >
          <step title="Acquiring Deployment Lock" date="2025-10-18T20:06:03.734" /><!-- duration: 79ms -->
          <step title="Acquired Deployment Lock" date="2025-10-18T20:06:04.174" /><!-- duration: 47ms -->
        </step><!-- duration: 1421ms -->
      </step><!-- duration: 1582ms -->
      <step title="Outgoing response" date="2025-10-18T20:06:04.845" type="response" statusCode="202" statusText="Accepted" /><!-- duration: 17ms -->
    </step><!-- duration: 6244ms -->
