<step title="Incoming Request" date="2025-10-18T23:19:47.119" instance="5b3f8a" url="/api/zipdeploy?isAsync=true" method="POST" type="request" pid="823,1,25" Accept="*/*" Host="field-service-api.scm.azurewebsites.net" User-Agent="AZURECLI/2.74.0 (MSI)" Accept-Encoding="gzip, deflate" Authorization="Bas..." Cache-Control="no-cache" Content-Type="application/octet-stream" Cookie="ARRAffinity=5b3f8a12403b9dc2b986729a83bf573dfabff49059ab229ec52134ff3910c818; ARRAffinitySameSite=5b3f8a12403b9dc2b986729a83bf573dfabff49059ab229ec52134ff3910c818" Content-Length="179517240" x-ms-client-request-id="e4814d8e-ac78-11f0-bcfa-00051b860c5a" x-ms-artifact-checksum="4e6ac14b5b258de6ae854521a1ecbb42ff16926a381a38e0f4cb185c7a21e423" X-ARR-LOG-ID="e4814d8e-ac78-11f0-bcfa-00051b860c5a" CLIENT-IP="24.32.74.177:57813" X-SITE-DEPLOYMENT-ID="field-service-api" WAS-DEFAULT-HOSTNAME="field-service-api.scm.azurewebsites.net" X-Forwarded-Proto="https" X-AppService-Proto="https" X-Forwarded-TlsVersion="1.3" X-WAWS-Unencoded-URL="/api/zipdeploy?isAsync=true" X-Client-IP="24.32.74.177" X-Client-Port="57813" >
  <step title="ZipPushDeploy" date="2025-10-18T23:19:47.139" >
    <step title="ZipDeploy. Extract zip. Remote build." date="2025-10-18T23:19:47.149" /><!-- duration: 4ms -->
    <step title="Starting PushDeployAsync" date="2025-10-18T23:19:47.161" /><!-- duration: 4ms -->
    <step title="Removing node_modules symlink" date="2025-10-18T23:19:47.197" >
      <step title="Removing _del_node_modules symlink" date="2025-10-18T23:19:47.330" >
        <step title="Writing artifact to /tmp/zipdeploy/7b7a8af4-8b66-4e9f-b456-3ad0d326cf33.zip" date="2025-10-18T23:19:47.399" >
          <step title="Writing multipart request body to /tmp/zipdeploy/7b7a8af4-8b66-4e9f-b456-3ad0d326cf33.zip" date="2025-10-18T23:19:47.407" /><!-- duration: 11ms -->
        </step><!-- duration: 44858ms -->
        <step title="Removing previous build artifact&apos;s manifest file" date="2025-10-18T23:20:32.272" >
          <step title="Start deployment in the background" date="2025-10-18T23:20:32.297" >
            <step title="Acquiring Deployment Lock" date="2025-10-18T23:20:32.342" /><!-- duration: 7ms -->
            <step title="Acquired Deployment Lock" date="2025-10-18T23:20:32.394" /><!-- duration: 4ms -->
          </step><!-- duration: 251ms -->
        </step><!-- duration: 308ms -->
        <step title="Outgoing response" date="2025-10-18T23:20:32.598" type="response" statusCode="202" statusText="Accepted" /><!-- duration: 18ms -->
      </step><!-- duration: 45299ms -->
