<step title="BackgroundTrace" date="2025-10-18T21:32:52.200" instance="5b3f8a" url="/api/zipdeploy" method="POST" >
  <step title="Cleanup Xml Logs" date="2025-10-18T21:32:52.216" >
    <step title="Cleanup Infos" date="2025-10-18T21:32:52.247" totalFiles="278" totalCleanup="118" /><!-- duration: 9ms -->
  </step><!-- duration: 44ms -->
  <step title="Creating temporary deployment - FetchDeploymentManager" date="2025-10-18T21:32:52.455" /><!-- duration: 5ms -->
  <step title="Creating temporary deployment" date="2025-10-18T21:32:52.484" /><!-- duration: 267ms -->
  <step title="Performing fetch based deployment" date="2025-10-18T21:32:52.873" >
    <step title="Cleaning up temp folders from previous zip deployments and extracting pushed zip file /tmp/zipdeploy/8886dd8b-af16-4c40-8871-3493f0b4927f.zip (15.90 MB) to /tmp/zipdeploy/extracted" date="2025-10-18T21:32:54.234" >
      <step title="ChmodRecursive Process exited with total time taken in ms: 71" date="2025-10-18T21:32:56.315" /><!-- duration: 12ms -->
    </step><!-- duration: 2108ms -->
    <step title="Deployment timer started" date="2025-10-18T21:32:58.397" >
      <step title="DeploymentManager.Deploy(id:6a11c78d-1ce8-443e-a3c8-3704fa496b9e)" date="2025-10-18T21:32:58.408" >
        <step title="Collecting changeset information" date="2025-10-18T21:32:58.564" /><!-- duration: 610ms -->
        <step title="Updating submodules" date="2025-10-18T21:32:59.206" /><!-- duration: 1291ms -->
        <step title="Determining deployment builder" date="2025-10-18T21:33:00.799" >
          <step title="Builder is OryxBuilder" date="2025-10-18T21:33:00.835" /><!-- duration: 4ms -->
        </step><!-- duration: 50ms -->
        <step title="PreDeployment: context.CleanOutputPath False" date="2025-10-18T21:33:00.955" >
          <step title="PreDeployment: context.OutputPath /home/site/wwwroot" date="2025-10-18T21:33:01.161" >
            <step title="Building" date="2025-10-18T21:33:01.392" >
              <step title="Executing external process" date="2025-10-18T21:33:02.128" type="process" path="bash" arguments="-c &quot;oryx build /tmp/zipdeploy/extracted -o /home/site/wwwroot --platform nodejs --platform-version 20 -p virtualenv_name= --log-file /tmp/build-debug.log  -i /tmp/8de0e8de9c94ccf -p compress_node_modules=tar-gz | tee /tmp/oryx-build.log ; exit $PIPESTATUS &quot;" /><!-- duration: 106748ms -->
              <step title="Using GenericDeploymentLogParser" date="2025-10-18T21:34:49.404" /><!-- duration: 4ms -->
              <step title="Triggering recycle (preview mode disabled)." date="2025-10-18T21:34:50.737" /><!-- duration: 10ms -->
              <step title="Modified file to trigger a restart of the app container." date="2025-10-18T21:34:50.795" /><!-- duration: 4ms -->
              <step title="Skip function trigger and logicapp sync because function is not enabled." date="2025-10-18T21:34:50.823" /><!-- duration: 9ms -->
              <step title="Purge deployment items" date="2025-10-18T21:34:52.264" >
                <step title="Remove 4cd2ccff-, Success, received at 10/18/2025 15:12:34" date="2025-10-18T21:34:52.325" /><!-- duration: 3ms -->
              </step><!-- duration: 69ms -->
            </step><!-- duration: 111007ms -->
          </step><!-- duration: 111242ms -->
          <step title="Cleaning up temp files" date="2025-10-18T21:34:52.406" /><!-- duration: 2212ms -->
          <step title="Cleaning up temp files" date="2025-10-18T21:34:54.630" /><!-- duration: 553ms -->
          <step title="Reloading status file with latest updates" date="2025-10-18T21:34:55.255" >
            <step title="WebHooksManager.PublishEventAsync: PostDeployment" date="2025-10-18T21:34:55.264" /><!-- duration: 66ms -->
          </step><!-- duration: 80ms -->
          <step title="Cleaning up temporary deployment - fetch deployment was successful" date="2025-10-18T21:34:55.347" /><!-- duration: 8ms -->
        </step><!-- duration: 114445ms -->
      </step><!-- duration: 117015ms -->
