<step title="Incoming Request" date="2025-10-18T13:49:19.103" instance="b47714" url="/api/zipdeploy?isAsync=true" method="POST" type="request" pid="821,1,24" Accept="*/*" Host="field-service-api.scm.azurewebsites.net" User-Agent="AZURECLI/2.74.0 (MSI)" Accept-Encoding="gzip, deflate" Authorization="Bas..." Cache-Control="no-cache" Content-Type="application/octet-stream" Cookie="ARRAffinity=b47714df06fcf6a96ddfba3a284a2c5a08964eca8515ab3ca08cef25436c95a0; ARRAffinitySameSite=b47714df06fcf6a96ddfba3a284a2c5a08964eca8515ab3ca08cef25436c95a0" Content-Length="742233" x-ms-client-request-id="34a9758b-ac29-11f0-bf2f-00051b860c5a" x-ms-artifact-checksum="7e230f2070cb07aa024751970d512941be0c65bf77a684a720b57a19803b45cb" X-ARR-LOG-ID="34a9758b-ac29-11f0-bf2f-00051b860c5a" CLIENT-IP="24.32.74.177:49779" X-SITE-DEPLOYMENT-ID="field-service-api" WAS-DEFAULT-HOSTNAME="field-service-api.scm.azurewebsites.net" X-Forwarded-Proto="https" X-AppService-Proto="https" X-Forwarded-TlsVersion="1.3" X-WAWS-Unencoded-URL="/api/zipdeploy?isAsync=true" X-Client-IP="24.32.74.177" X-Client-Port="49779" >
  <step title="ZipPushDeploy" date="2025-10-18T13:49:19.215" >
    <step title="ZipDeploy. Extract zip. Remote build." date="2025-10-18T13:49:19.239" /><!-- duration: 6ms -->
    <step title="Starting PushDeployAsync" date="2025-10-18T13:49:19.285" /><!-- duration: 5ms -->
    <step title="Removing node_modules symlink" date="2025-10-18T13:49:19.314" >
      <step title="Writing artifact to /tmp/zipdeploy/5dda29cd-bad5-4be6-9dc4-493868b80001.zip" date="2025-10-18T13:49:19.410" >
        <step title="Writing multipart request body to /tmp/zipdeploy/5dda29cd-bad5-4be6-9dc4-493868b80001.zip" date="2025-10-18T13:49:19.424" /><!-- duration: 12ms -->
      </step><!-- duration: 144ms -->
      <step title="Removing previous build artifact&apos;s manifest file" date="2025-10-18T13:49:19.575" >
        <step title="Start deployment in the background" date="2025-10-18T13:49:19.615" >
          <step title="Acquiring Deployment Lock" date="2025-10-18T13:49:19.681" /><!-- duration: 13ms -->
          <step title="Acquired Deployment Lock" date="2025-10-18T13:49:19.752" /><!-- duration: 8ms -->
        </step><!-- duration: 282ms -->
      </step><!-- duration: 356ms -->
      <step title="Outgoing response" date="2025-10-18T13:49:19.955" type="response" statusCode="202" statusText="Accepted" /><!-- duration: 4ms -->
    </step><!-- duration: 649ms -->
