<step title="Incoming Request" date="2025-10-18T13:28:16.917" instance="b47714" url="/api/zipdeploy?isAsync=true" method="POST" type="request" pid="821,1,46" Accept="*/*" Host="field-service-api.scm.azurewebsites.net" User-Agent="AZURECLI/2.74.0 (MSI)" Accept-Encoding="gzip, deflate" Authorization="Bas..." Cache-Control="no-cache" Content-Type="application/octet-stream" Cookie="ARRAffinity=b47714df06fcf6a96ddfba3a284a2c5a08964eca8515ab3ca08cef25436c95a0; ARRAffinitySameSite=b47714df06fcf6a96ddfba3a284a2c5a08964eca8515ab3ca08cef25436c95a0" Content-Length="741080" x-ms-client-request-id="41fa8daf-ac26-11f0-bffd-00051b860c5a" x-ms-artifact-checksum="df1285966e796b5d1bd5381a953bf6a3414c5830365b53459de430dcb57452a5" X-ARR-LOG-ID="41fa8daf-ac26-11f0-bffd-00051b860c5a" CLIENT-IP="24.32.74.177:53365" X-SITE-DEPLOYMENT-ID="field-service-api" WAS-DEFAULT-HOSTNAME="field-service-api.scm.azurewebsites.net" X-Forwarded-Proto="https" X-AppService-Proto="https" X-Forwarded-TlsVersion="1.3" X-WAWS-Unencoded-URL="/api/zipdeploy?isAsync=true" X-Client-IP="24.32.74.177" X-Client-Port="53365" >
  <step title="Cleanup Xml Logs" date="2025-10-18T13:28:16.924" /><!-- duration: 39ms -->
  <step title="ZipPushDeploy" date="2025-10-18T13:28:17.044" >
    <step title="ZipDeploy. Extract zip. Remote build." date="2025-10-18T13:28:17.071" /><!-- duration: 6ms -->
    <step title="Starting PushDeployAsync" date="2025-10-18T13:28:17.097" /><!-- duration: 6ms -->
    <step title="Removing node_modules symlink" date="2025-10-18T13:28:17.126" >
      <step title="Writing artifact to /tmp/zipdeploy/d30999ff-6cdd-486e-afd8-5f0b96203492.zip" date="2025-10-18T13:28:17.228" >
        <step title="Writing multipart request body to /tmp/zipdeploy/d30999ff-6cdd-486e-afd8-5f0b96203492.zip" date="2025-10-18T13:28:17.240" /><!-- duration: 7ms -->
      </step><!-- duration: 607ms -->
      <step title="Removing previous build artifact&apos;s manifest file" date="2025-10-18T13:28:17.871" >
        <step title="Start deployment in the background" date="2025-10-18T13:28:17.909" >
          <step title="Acquiring Deployment Lock" date="2025-10-18T13:28:17.953" /><!-- duration: 6ms -->
          <step title="Acquired Deployment Lock" date="2025-10-18T13:28:18.048" /><!-- duration: 5ms -->
        </step><!-- duration: 1003ms -->
      </step><!-- duration: 1091ms -->
      <step title="Outgoing response" date="2025-10-18T13:28:18.975" type="response" statusCode="202" statusText="Accepted" /><!-- duration: 11ms -->
    </step><!-- duration: 1864ms -->
