<step title="Incoming Request" date="2025-10-18T21:24:34.772" instance="5b3f8a" url="/api/zipdeploy?isAsync=true" method="POST" type="request" pid="823,1,27" Accept="*/*" Host="field-service-api.scm.azurewebsites.net" User-Agent="AZURECLI/2.74.0 (MSI)" Accept-Encoding="gzip, deflate" Authorization="Bas..." Cache-Control="no-cache" Content-Type="application/octet-stream" Cookie="ARRAffinity=5b3f8a12403b9dc2b986729a83bf573dfabff49059ab229ec52134ff3910c818; ARRAffinitySameSite=5b3f8a12403b9dc2b986729a83bf573dfabff49059ab229ec52134ff3910c818" Content-Length="16671422" x-ms-client-request-id="ccfd40f7-ac68-11f0-95ad-00051b860c5a" x-ms-artifact-checksum="5ae19843ca9567c3f32bf1ca4b6a0ffbd8476474c9155e7e4fa032a8770d98e4" X-ARR-LOG-ID="ccfd40f7-ac68-11f0-95ad-00051b860c5a" CLIENT-IP="24.32.74.177:58110" X-SITE-DEPLOYMENT-ID="field-service-api" WAS-DEFAULT-HOSTNAME="field-service-api.scm.azurewebsites.net" X-Forwarded-Proto="https" X-AppService-Proto="https" X-Forwarded-TlsVersion="1.3" X-WAWS-Unencoded-URL="/api/zipdeploy?isAsync=true" X-Client-IP="24.32.74.177" X-Client-Port="58110" >
  <step title="ZipPushDeploy" date="2025-10-18T21:24:34.803" >
    <step title="ZipDeploy. Extract zip. Remote build." date="2025-10-18T21:24:34.821" /><!-- duration: 7ms -->
    <step title="Starting PushDeployAsync" date="2025-10-18T21:24:34.843" /><!-- duration: 6ms -->
    <step title="Removing node_modules symlink" date="2025-10-18T21:24:34.879" >
      <step title="Writing artifact to /tmp/zipdeploy/8190005d-c7a6-4e3a-81b4-e8a5bd8023df.zip" date="2025-10-18T21:24:35.147" >
        <step title="Writing multipart request body to /tmp/zipdeploy/8190005d-c7a6-4e3a-81b4-e8a5bd8023df.zip" date="2025-10-18T21:24:35.399" /><!-- duration: 35ms -->
      </step><!-- duration: 6077ms -->
      <step title="Removing previous build artifact&apos;s manifest file" date="2025-10-18T21:24:41.246" >
        <step title="Start deployment in the background" date="2025-10-18T21:24:41.266" >
          <step title="Acquiring Deployment Lock" date="2025-10-18T21:24:41.353" /><!-- duration: 4ms -->
          <step title="Acquired Deployment Lock" date="2025-10-18T21:24:41.408" /><!-- duration: 5ms -->
        </step><!-- duration: 278ms -->
      </step><!-- duration: 316ms -->
      <step title="Outgoing response" date="2025-10-18T21:24:41.568" type="response" statusCode="202" statusText="Accepted" /><!-- duration: 5ms -->
    </step><!-- duration: 6697ms -->
