<step title="Incoming Request" date="2025-10-18T19:52:48.220" instance="5b3f8a" url="/api/deployments/latest" method="GET" type="request" pid="823,1,16" Accept="*/*" Host="field-service-api.scm.azurewebsites.net" User-Agent="AZURECLI/2.74.0 (MSI)" Accept-Encoding="gzip, deflate" Authorization="Bas..." x-ms-client-request-id="df38c84d-ac5b-11f0-8246-00051b860c5a" X-ARR-LOG-ID="df38c84d-ac5b-11f0-8246-00051b860c5a" CLIENT-IP="24.32.74.177:63251" X-SITE-DEPLOYMENT-ID="field-service-api" WAS-DEFAULT-HOSTNAME="field-service-api.scm.azurewebsites.net" X-Forwarded-Proto="https" X-AppService-Proto="https" X-Forwarded-TlsVersion="1.3" X-WAWS-Unencoded-URL="/api/deployments/latest" X-Client-IP="24.32.74.177" X-Client-Port="63251" >
  <step title="Cleanup Xml Logs" date="2025-10-18T19:52:48.231" >
    <step title="Cleanup Infos" date="2025-10-18T19:52:48.310" totalFiles="242" totalCleanup="82" /><!-- duration: 27ms -->
  </step><!-- duration: 166ms -->
  <step title="DeploymentService.GetResult" date="2025-10-18T19:52:48.520" >
    <step title="DeploymentService.GetLatestDeployment" date="2025-10-18T19:52:48.532" >
      <step title="DeploymentManager.GetResults" date="2025-10-18T19:52:48.543" /><!-- duration: 1287ms -->
    </step><!-- duration: 1307ms -->
  </step><!-- duration: 1336ms -->
  <step title="Outgoing response" date="2025-10-18T19:52:49.878" type="response" statusCode="202" statusText="Accepted" /><!-- duration: 17ms -->
</step><!-- duration: 1697ms -->
