<step title="Incoming Request" date="2025-10-18T13:13:06.158" instance="b47714" url="/api/zipdeploy?isAsync=true" method="POST" type="request" pid="821,1,45" Accept="*/*" Host="field-service-api.scm.azurewebsites.net" User-Agent="AZURECLI/2.74.0 (MSI)" Accept-Encoding="gzip, deflate" Authorization="Bas..." Cache-Control="no-cache" Content-Type="application/octet-stream" Cookie="ARRAffinity=b47714df06fcf6a96ddfba3a284a2c5a08964eca8515ab3ca08cef25436c95a0; ARRAffinitySameSite=b47714df06fcf6a96ddfba3a284a2c5a08964eca8515ab3ca08cef25436c95a0" Content-Length="740567" x-ms-client-request-id="240b86e6-ac24-11f0-a9a7-00051b860c5a" x-ms-artifact-checksum="a417bea4273c936dd4106dd0db73d73a0b0677656b8db4191ee25799c5c8aab3" X-ARR-LOG-ID="240b86e6-ac24-11f0-a9a7-00051b860c5a" CLIENT-IP="24.32.74.177:63164" X-SITE-DEPLOYMENT-ID="field-service-api" WAS-DEFAULT-HOSTNAME="field-service-api.scm.azurewebsites.net" X-Forwarded-Proto="https" X-AppService-Proto="https" X-Forwarded-TlsVersion="1.3" X-WAWS-Unencoded-URL="/api/zipdeploy?isAsync=true" X-Client-IP="24.32.74.177" X-Client-Port="63164" >
  <step title="Cleanup Xml Logs" date="2025-10-18T13:13:06.163" /><!-- duration: 16ms -->
  <step title="ZipPushDeploy" date="2025-10-18T13:13:06.213" >
    <step title="ZipDeploy. Extract zip. Remote build." date="2025-10-18T13:13:06.226" /><!-- duration: 6ms -->
    <step title="Starting PushDeployAsync" date="2025-10-18T13:13:06.241" /><!-- duration: 7ms -->
    <step title="Removing node_modules symlink" date="2025-10-18T13:13:06.360" >
      <step title="Writing artifact to /tmp/zipdeploy/99515abc-db1f-4f00-9a8e-34d2ed11e2f6.zip" date="2025-10-18T13:13:06.722" >
        <step title="Writing multipart request body to /tmp/zipdeploy/99515abc-db1f-4f00-9a8e-34d2ed11e2f6.zip" date="2025-10-18T13:13:06.728" /><!-- duration: 6ms -->
      </step><!-- duration: 257ms -->
      <step title="Removing previous build artifact&apos;s manifest file" date="2025-10-18T13:13:06.997" >
        <step title="Start deployment in the background" date="2025-10-18T13:13:07.012" >
          <step title="Acquiring Deployment Lock" date="2025-10-18T13:13:07.027" /><!-- duration: 4ms -->
          <step title="Acquired Deployment Lock" date="2025-10-18T13:13:07.078" /><!-- duration: 5ms -->
        </step><!-- duration: 155ms -->
      </step><!-- duration: 213ms -->
      <step title="Outgoing response" date="2025-10-18T13:13:07.242" type="response" statusCode="202" statusText="Accepted" /><!-- duration: 7ms -->
    </step><!-- duration: 896ms -->
