<step title="BackgroundTrace" date="2025-10-18T13:49:19.641" instance="b47714" url="/api/zipdeploy" method="POST" >
  <step title="Creating temporary deployment - FetchDeploymentManager" date="2025-10-18T13:49:19.790" /><!-- duration: 6ms -->
  <step title="Creating temporary deployment" date="2025-10-18T13:49:19.803" /><!-- duration: 76ms -->
  <step title="Performing fetch based deployment" date="2025-10-18T13:49:19.977" >
    <step title="Cleaning up temp folders from previous zip deployments and extracting pushed zip file /tmp/zipdeploy/5dda29cd-bad5-4be6-9dc4-493868b80001.zip (0.71 MB) to /tmp/zipdeploy/extracted" date="2025-10-18T13:49:21.248" >
      <step title="ChmodRecursive Process exited with total time taken in ms: 42" date="2025-10-18T13:49:21.414" /><!-- duration: 4ms -->
    </step><!-- duration: 177ms -->
    <step title="Deployment timer started" date="2025-10-18T13:49:23.449" >
      <step title="DeploymentManager.Deploy(id:0d658043-99bd-46a7-8876-64a192f50eb0)" date="2025-10-18T13:49:23.460" >
        <step title="Collecting changeset information" date="2025-10-18T13:49:23.490" /><!-- duration: 117ms -->
        <step title="Updating submodules" date="2025-10-18T13:49:23.616" /><!-- duration: 1191ms -->
        <step title="Determining deployment builder" date="2025-10-18T13:49:25.626" >
          <step title="Builder is OryxBuilder" date="2025-10-18T13:49:25.650" /><!-- duration: 4ms -->
        </step><!-- duration: 35ms -->
        <step title="PreDeployment: context.CleanOutputPath False" date="2025-10-18T13:49:25.726" >
          <step title="PreDeployment: context.OutputPath /home/site/wwwroot" date="2025-10-18T13:49:25.883" >
            <step title="Building" date="2025-10-18T13:49:26.065" >
              <step title="Executing external process" date="2025-10-18T13:49:26.459" type="process" path="bash" arguments="-c &quot;oryx build /tmp/zipdeploy/extracted -o /home/site/wwwroot --platform nodejs --platform-version 20 -p virtualenv_name= --log-file /tmp/build-debug.log  -i /tmp/8de0e4d26a2ced8 -p compress_node_modules=tar-gz | tee /tmp/oryx-build.log ; exit $PIPESTATUS &quot;" /><!-- duration: 60214ms -->
              <step title="Using GenericDeploymentLogParser" date="2025-10-18T13:50:27.217" /><!-- duration: 8ms -->
              <step title="Triggering recycle (preview mode disabled)." date="2025-10-18T13:50:28.781" /><!-- duration: 10ms -->
              <step title="Modified file to trigger a restart of the app container." date="2025-10-18T13:50:28.828" /><!-- duration: 9ms -->
              <step title="Skip function trigger and logicapp sync because function is not enabled." date="2025-10-18T13:50:28.840" /><!-- duration: 8ms -->
              <step title="Purge deployment items" date="2025-10-18T13:50:29.820" >
                <step title="Remove 6bf67f01-, Success, received at 10/18/2025 06:31:46" date="2025-10-18T13:50:29.887" /><!-- duration: 7ms -->
              </step><!-- duration: 78ms -->
            </step><!-- duration: 63905ms -->
          </step><!-- duration: 64092ms -->
          <step title="Cleaning up temp files" date="2025-10-18T13:50:29.980" /><!-- duration: 1017ms -->
          <step title="Cleaning up temp files" date="2025-10-18T13:50:31.005" /><!-- duration: 508ms -->
          <step title="Reloading status file with latest updates" date="2025-10-18T13:50:31.561" >
            <step title="WebHooksManager.PublishEventAsync: PostDeployment" date="2025-10-18T13:50:31.577" /><!-- duration: 60ms -->
          </step><!-- duration: 82ms -->
          <step title="Cleaning up temporary deployment - fetch deployment was successful" date="2025-10-18T13:50:31.652" /><!-- duration: 13ms -->
        </step><!-- duration: 65997ms -->
      </step><!-- duration: 68287ms -->
