<step title="Incoming Request" date="2025-10-18T15:32:48.659" instance="1971c5" url="/api/zipdeploy?isAsync=true" method="POST" type="request" pid="821,1,23" Accept="*/*" Host="field-service-api.scm.azurewebsites.net" User-Agent="AZURECLI/2.74.0 (MSI)" Accept-Encoding="gzip, deflate" Authorization="Bas..." Cache-Control="no-cache" Content-Type="application/octet-stream" Cookie="ARRAffinity=1971c58eecae6c5ffe40b330894af20e07f3d16128fc6d5db3807eb6212d0d46; ARRAffinitySameSite=1971c58eecae6c5ffe40b330894af20e07f3d16128fc6d5db3807eb6212d0d46" Content-Length="163567648" x-ms-client-request-id="a778421a-ac37-11f0-9cd5-00051b860c5a" x-ms-artifact-checksum="1c26e0cfe7d88eb7733c0f8b80ba25b6296169d7e1b74b924008aee4667dcbef" X-ARR-LOG-ID="a778421a-ac37-11f0-9cd5-00051b860c5a" CLIENT-IP="24.32.74.177:60203" X-SITE-DEPLOYMENT-ID="field-service-api" WAS-DEFAULT-HOSTNAME="field-service-api.scm.azurewebsites.net" X-Forwarded-Proto="https" X-AppService-Proto="https" X-Forwarded-TlsVersion="1.3" X-WAWS-Unencoded-URL="/api/zipdeploy?isAsync=true" X-Client-IP="24.32.74.177" X-Client-Port="60203" >
  <step title="ZipPushDeploy" date="2025-10-18T15:32:48.807" >
    <step title="ZipDeploy. Extract zip. Remote build." date="2025-10-18T15:32:48.817" /><!-- duration: 4ms -->
    <step title="Starting PushDeployAsync" date="2025-10-18T15:32:48.831" /><!-- duration: 3ms -->
    <step title="Writing artifact to /tmp/zipdeploy/6e0ae7be-d5dc-4243-9842-f419207eceac.zip" date="2025-10-18T15:32:48.846" >
      <step title="Writing multipart request body to /tmp/zipdeploy/6e0ae7be-d5dc-4243-9842-f419207eceac.zip" date="2025-10-18T15:32:48.852" /><!-- duration: 4ms -->
    </step><!-- duration: 44153ms -->
    <step title="Removing previous build artifact&apos;s manifest file" date="2025-10-18T15:33:33.010" >
      <step title="Start deployment in the background" date="2025-10-18T15:33:33.055" >
        <step title="Acquiring Deployment Lock" date="2025-10-18T15:33:33.167" /><!-- duration: 4ms -->
        <step title="Acquired Deployment Lock" date="2025-10-18T15:33:33.198" /><!-- duration: 4ms -->
      </step><!-- duration: 228ms -->
    </step><!-- duration: 302ms -->
    <step title="Outgoing response" date="2025-10-18T15:33:33.331" type="response" statusCode="202" statusText="Accepted" /><!-- duration: 5ms -->
  </step><!-- duration: 44541ms -->
