﻿<?xml version="1.0" encoding="utf-8"?>
<deployment>
  <id>6a4b27f0a05540318000cd834582a2d7</id>
  <author>N/A</author>
  <deployer>ZipDeploy</deployer>
  <authorEmail>N/A</authorEmail>
  <message>Created via a push deployment</message>
  <progress></progress>
  <status>Success</status>
  <statusText></statusText>
  <lastSuccessEndTime>2025-10-17T19:53:51.1361275Z</lastSuccessEndTime>
  <receivedTime>2025-10-17T19:53:42.9619261Z</receivedTime>
  <startTime>2025-10-17T19:53:43.1025532Z</startTime>
  <endTime>2025-10-17T19:53:51.1361275Z</endTime>
  <complete>True</complete>
  <is_temp>False</is_temp>
  <is_readonly>True</is_readonly>
  <project_type>BASIC</project_type>
  <vsproject_id></vsproject_id>
</deployment>