﻿<?xml version="1.0" encoding="utf-8"?>
<deployment>
  <id>41ad8569-b8b4-49c1-8e8e-d4280a636526</id>
  <author>N/A</author>
  <deployer>Push-Deployer</deployer>
  <authorEmail>N/A</authorEmail>
  <message>Created via a push deployment</message>
  <progress></progress>
  <status>Success</status>
  <statusText></statusText>
  <lastSuccessEndTime>2025-10-20T13:48:39.0772124Z</lastSuccessEndTime>
  <receivedTime>2025-10-20T13:46:45.31553Z</receivedTime>
  <startTime>2025-10-20T13:46:47.1314153Z</startTime>
  <endTime>2025-10-20T13:48:39.0772124Z</endTime>
  <complete>True</complete>
  <is_temp>False</is_temp>
  <is_readonly>True</is_readonly>
  <buildSummary />
</deployment>