﻿<?xml version="1.0" encoding="utf-8"?>
<deployment>
  <id>bb79ab92-93f7-4b78-820f-69827f8f16d3</id>
  <author>N/A</author>
  <deployer>Push-Deployer</deployer>
  <authorEmail>N/A</authorEmail>
  <message>Created via a push deployment</message>
  <progress></progress>
  <status>Success</status>
  <statusText></statusText>
  <lastSuccessEndTime>2025-10-17T21:11:51.5238595Z</lastSuccessEndTime>
  <receivedTime>2025-10-17T21:10:38.2565867Z</receivedTime>
  <startTime>2025-10-17T21:10:39.6188485Z</startTime>
  <endTime>2025-10-17T21:11:51.5238595Z</endTime>
  <complete>True</complete>
  <is_temp>False</is_temp>
  <is_readonly>True</is_readonly>
  <buildSummary />
</deployment>