<step title="Incoming Request" date="2025-10-17T20:05:41.464" instance="5766c0" url="/api/zipdeploy?isAsync=true" method="POST" type="request" pid="3520,2,18" Cache-Control="no-cache" Content-Length="16125998" Content-Type="application/octet-stream" Accept="*/*" Accept-Encoding="gzip, deflate" Authorization="Bea..." Host="customer-portal-adbudbhae3gjcrhm.scm.centralus-01.azurewebsites.net" User-Agent="AZURECLI/2.74.0 (MSI)" x-ms-client-request-id="a54036e0-ab94-11f0-8d5c-00051b860c5a" X-ARR-LOG-ID="a54036e0-ab94-11f0-8d5c-00051b860c5a" CLIENT-IP="24.32.74.177:61706" X-SITE-DEPLOYMENT-ID="customer-portal" WAS-DEFAULT-HOSTNAME="customer-portal-adbudbhae3gjcrhm.scm.centralus-01.azurewebsites.net" X-Forwarded-Proto="https" X-AppService-Proto="https" X-Forwarded-TlsVersion="1.3" X-WAWS-Unencoded-URL="/api/zipdeploy?isAsync=true" >
  <step title="Cleanup Xml Logs" date="2025-10-17T20:05:41.464" /><!-- duration: 0ms -->
  <step title="ZipPushDeploy" date="2025-10-17T20:05:41.480" >
    <step title="ZipDeploy. Extract zip. " date="2025-10-17T20:05:41.495" /><!-- duration: 0ms -->
    <step title="Starting PushDeployAsync" date="2025-10-17T20:05:41.495" /><!-- duration: 0ms -->
    <step title="Updating shutdown sentinel last write time" date="2025-10-17T20:05:41.511" SemaphoreCount="7" /><!-- duration: 0ms -->
    <step title="LockFile &apos;C:\home\site\locks\deployments.lock&apos; acquired" date="2025-10-17T20:05:41.511" /><!-- duration: 0ms -->
    <step title="Saving request content to C:\local\Temp\zipdeploy\ion2jwwi.zip" date="2025-10-17T20:05:41.527" >
      <step title="Total 16,125,998 bytes written to C:\local\Temp\zipdeploy\ion2jwwi.zip" date="2025-10-17T20:05:48.254" /><!-- duration: 0ms -->
    </step><!-- duration: 6727ms -->
    <step title="LockFile &apos;C:\home\site\locks\deployments.lock&apos; released" date="2025-10-17T20:05:48.254" /><!-- duration: 0ms -->
    <step title="Deleting shutdown sentinel file" date="2025-10-17T20:05:48.270" SemaphoreCount="8" /><!-- duration: 0ms -->
    <step title="Starting FetchDeploy" date="2025-10-17T20:05:48.270" /><!-- duration: 0ms -->
    <step title="Start deployment in the background" date="2025-10-17T20:05:48.270" >
      <step title="Starting LocalZipFetch" date="2025-10-17T20:05:48.363" /><!-- duration: 0ms -->
    </step><!-- duration: 695ms -->
  </step><!-- duration: 7485ms -->
  <step title="Outgoing response" date="2025-10-17T20:05:49.793" type="response" statusCode="202" statusText="Accepted" Server="Microsoft-IIS/10.0" x-ms-request-id="a54036e0-ab94-11f0-8d5c-00051b860c5a" Retry-After="30" Cache-Control="private" X-AspNet-Version="4.0.30319" Location="https://customer-portal-adbudbhae3gjcrhm.scm.centralus-01.azurewebsites.net/api/deployments/latest?deployer=ZipDeploy&amp;time=2025-10-17_20-05-48Z" /><!-- duration: 0ms -->
</step><!-- duration: 8329ms -->
