﻿<?xml version="1.0" encoding="utf-8"?>
<deployment>
  <id>temp-436b9b8c</id>
  <author>Deploying from pushed zip file</author>
  <deployer>Push-Deployer</deployer>
  <authorEmail>N/A</authorEmail>
  <message>N/A</message>
  <progress>Fetching changes.</progress>
  <status>Pending</status>
  <statusText>Receiving changes.</statusText>
  <lastSuccessEndTime />
  <receivedTime>2025-10-18T01:17:45.8627313Z</receivedTime>
  <startTime>2025-10-18T01:17:45.8627313Z</startTime>
  <endTime />
  <complete>False</complete>
  <is_temp>True</is_temp>
  <is_readonly>False</is_readonly>
  <buildSummary />
</deployment>