﻿<?xml version="1.0" encoding="utf-8"?>
<deployment>
  <id>9d8403a3-05d1-447d-b610-f1831287c21e</id>
  <author>N/A</author>
  <deployer>Push-Deployer</deployer>
  <authorEmail>N/A</authorEmail>
  <message>Created via a push deployment</message>
  <progress></progress>
  <status>Success</status>
  <statusText></statusText>
  <lastSuccessEndTime>2025-10-19T05:19:03.262037Z</lastSuccessEndTime>
  <receivedTime>2025-10-19T05:17:36.447855Z</receivedTime>
  <startTime>2025-10-19T05:17:38.6441591Z</startTime>
  <endTime>2025-10-19T05:19:03.262037Z</endTime>
  <complete>True</complete>
  <is_temp>False</is_temp>
  <is_readonly>True</is_readonly>
  <buildSummary />
</deployment>