<step title="Incoming Request" date="2025-10-17T19:45:26.885" instance="5766c0" url="/api/zipdeploy?isAsync=true" method="POST" type="request" pid="4424,2,8" Cache-Control="no-cache" Content-Length="15098" Content-Type="application/octet-stream" Accept="*/*" Accept-Encoding="gzip, deflate" Authorization="Bea..." Host="customer-portal-adbudbhae3gjcrhm.scm.centralus-01.azurewebsites.net" User-Agent="AZURECLI/2.74.0 (MSI)" x-ms-client-request-id="d0f1cb97-ab91-11f0-8e3c-00051b860c5a" X-ARR-LOG-ID="d0f1cb97-ab91-11f0-8e3c-00051b860c5a" CLIENT-IP="24.32.74.177:50279" X-SITE-DEPLOYMENT-ID="customer-portal" WAS-DEFAULT-HOSTNAME="customer-portal-adbudbhae3gjcrhm.scm.centralus-01.azurewebsites.net" X-Forwarded-Proto="https" X-AppService-Proto="https" X-Forwarded-TlsVersion="1.3" X-WAWS-Unencoded-URL="/api/zipdeploy?isAsync=true" >
  <step title="Cleanup Xml Logs" date="2025-10-17T19:45:26.900" /><!-- duration: 0ms -->
  <step title="ZipPushDeploy" date="2025-10-17T19:45:27.181" >
    <step title="ZipDeploy. Extract zip. " date="2025-10-17T19:45:27.197" /><!-- duration: 0ms -->
    <step title="Starting PushDeployAsync" date="2025-10-17T19:45:27.213" /><!-- duration: 0ms -->
    <step title="Updating shutdown sentinel last write time" date="2025-10-17T19:45:27.244" SemaphoreCount="7" /><!-- duration: 0ms -->
    <step title="LockFile &apos;C:\home\site\locks\deployments.lock&apos; acquired" date="2025-10-17T19:45:27.244" /><!-- duration: 0ms -->
    <step title="Saving request content to C:\local\Temp\zipdeploy\om5dbbzb.zip" date="2025-10-17T19:45:27.244" >
      <step title="Total 15,098 bytes written to C:\local\Temp\zipdeploy\om5dbbzb.zip" date="2025-10-17T19:45:27.275" /><!-- duration: 0ms -->
    </step><!-- duration: 31ms -->
    <step title="LockFile &apos;C:\home\site\locks\deployments.lock&apos; released" date="2025-10-17T19:45:27.275" /><!-- duration: 0ms -->
    <step title="Deleting shutdown sentinel file" date="2025-10-17T19:45:27.275" SemaphoreCount="8" /><!-- duration: 0ms -->
    <step title="Starting FetchDeploy" date="2025-10-17T19:45:27.291" /><!-- duration: 0ms -->
    <step title="Start deployment in the background" date="2025-10-17T19:45:27.291" /><!-- duration: 47ms -->
  </step><!-- duration: 172ms -->
  <step title="Outgoing response" date="2025-10-17T19:45:27.369" type="response" statusCode="202" statusText="Accepted" Server="Microsoft-IIS/10.0" x-ms-request-id="d0f1cb97-ab91-11f0-8e3c-00051b860c5a" Retry-After="30" Cache-Control="private" X-AspNet-Version="4.0.30319" Location="https://customer-portal-adbudbhae3gjcrhm.scm.centralus-01.azurewebsites.net/api/deployments/latest?deployer=ZipDeploy&amp;time=2025-10-17_19-45-27Z" /><!-- duration: 0ms -->
</step><!-- duration: 500ms -->
