{"TimeStamp":"2025-10-17T20:07:18Z","SiteName":"customer-portal","RequestId":"a54036e0-ab94-11f0-8d5c-00051b860c5a","Kind":"ZipDeploy","Status":"Success","Details":"{\"Id\":\"e28c5b4e11f34a8ba69eba31e1eec732\",\"Status\":4,\"StatusText\":\"\",\"AuthorEmail\":\"N/A\",\"Author\":\"N/A\",\"Message\":\"Created via a push deployment\",\"Progress\":\"\",\"Deployer\":\"ZipDeploy\",\"ReceivedTime\":\"2025-10-17T20:05:58.1964927Z\",\"StartTime\":\"2025-10-17T20:05:58.2902427Z\",\"EndTime\":\"2025-10-17T20:07:18.1227374Z\",\"LastSuccessEndTime\":\"2025-10-17T20:07:18.1227374Z\",\"Complete\":true,\"IsTemporary\":false,\"IsReadOnly\":true,\"SiteName\":\"customer-portal\",\"HostName\":\"customer-portal-adbudbhae3gjcrhm.scm.centralus-01.azurewebsites.net\",\"ProjectType\":\"BASIC\",\"VsProjectId\":null}"}