﻿<?xml version="1.0" encoding="utf-8"?>
<deployment>
  <id>3a2a0460cf8c4419a18e9908a8e5a855</id>
  <author>N/A</author>
  <deployer>ZipDeploy</deployer>
  <authorEmail>N/A</authorEmail>
  <message>Created via a push deployment</message>
  <progress></progress>
  <status>Success</status>
  <statusText></statusText>
  <lastSuccessEndTime>2025-10-17T18:25:00.2407538Z</lastSuccessEndTime>
  <receivedTime>2025-10-17T18:24:54.2552106Z</receivedTime>
  <startTime>2025-10-17T18:24:54.3333368Z</startTime>
  <endTime>2025-10-17T18:25:00.2407538Z</endTime>
  <complete>True</complete>
  <is_temp>False</is_temp>
  <is_readonly>True</is_readonly>
  <project_type>BASIC</project_type>
  <vsproject_id></vsproject_id>
</deployment>