﻿<?xml version="1.0" encoding="utf-8"?>
<deployment>
  <id>1e3ed4eb80694dc28a4a39f68c5543a8</id>
  <author>N/A</author>
  <deployer>ZipDeploy</deployer>
  <authorEmail>N/A</authorEmail>
  <message>Created via a push deployment</message>
  <progress></progress>
  <status>Success</status>
  <statusText></statusText>
  <lastSuccessEndTime>2025-10-17T20:12:54.6234608Z</lastSuccessEndTime>
  <receivedTime>2025-10-17T20:12:50.9261597Z</receivedTime>
  <startTime>2025-10-17T20:12:51.0824114Z</startTime>
  <endTime>2025-10-17T20:12:54.6234608Z</endTime>
  <complete>True</complete>
  <is_temp>False</is_temp>
  <is_readonly>True</is_readonly>
  <project_type>BASIC</project_type>
  <vsproject_id></vsproject_id>
</deployment>