<step title="Incoming Request" date="2025-10-17T18:24:53.755" instance="5766c0" url="/api/zipdeploy?isAsync=true" method="POST" type="request" pid="6336,2,8" Cache-Control="no-cache" Content-Length="14536" Content-Type="application/octet-stream" Accept="*/*" Accept-Encoding="gzip, deflate" Authorization="Bea..." Host="customer-portal-adbudbhae3gjcrhm.scm.centralus-01.azurewebsites.net" User-Agent="AZURECLI/2.74.0 (MSI)" x-ms-client-request-id="8f88a12c-ab86-11f0-a625-00051b860c5a" X-ARR-LOG-ID="8f88a12c-ab86-11f0-a625-00051b860c5a" CLIENT-IP="24.32.74.177:49927" X-SITE-DEPLOYMENT-ID="customer-portal" WAS-DEFAULT-HOSTNAME="customer-portal-adbudbhae3gjcrhm.scm.centralus-01.azurewebsites.net" X-Forwarded-Proto="https" X-AppService-Proto="https" X-Forwarded-TlsVersion="1.3" X-WAWS-Unencoded-URL="/api/zipdeploy?isAsync=true" >
  <step title="Cleanup Xml Logs" date="2025-10-17T18:24:53.755" /><!-- duration: 0ms -->
  <step title="ZipPushDeploy" date="2025-10-17T18:24:53.770" >
    <step title="ZipDeploy. Extract zip. " date="2025-10-17T18:24:53.786" /><!-- duration: 0ms -->
    <step title="Starting PushDeployAsync" date="2025-10-17T18:24:53.802" /><!-- duration: 0ms -->
    <step title="Updating shutdown sentinel last write time" date="2025-10-17T18:24:53.942" SemaphoreCount="7" /><!-- duration: 0ms -->
    <step title="LockFile &apos;C:\home\site\locks\deployments.lock&apos; acquired" date="2025-10-17T18:24:53.958" /><!-- duration: 0ms -->
    <step title="Saving request content to C:\local\Temp\zipdeploy\umx5icb2.zip" date="2025-10-17T18:24:53.958" >
      <step title="Total 14,536 bytes written to C:\local\Temp\zipdeploy\umx5icb2.zip" date="2025-10-17T18:24:53.973" /><!-- duration: 0ms -->
    </step><!-- duration: 16ms -->
    <step title="LockFile &apos;C:\home\site\locks\deployments.lock&apos; released" date="2025-10-17T18:24:53.989" /><!-- duration: 0ms -->
    <step title="Deleting shutdown sentinel file" date="2025-10-17T18:24:53.989" SemaphoreCount="8" /><!-- duration: 0ms -->
    <step title="Starting FetchDeploy" date="2025-10-17T18:24:53.989" /><!-- duration: 0ms -->
    <step title="Start deployment in the background" date="2025-10-17T18:24:54.005" /><!-- duration: 78ms -->
  </step><!-- duration: 313ms -->
  <step title="Outgoing response" date="2025-10-17T18:24:54.083" type="response" statusCode="202" statusText="Accepted" Server="Microsoft-IIS/10.0" x-ms-request-id="8f88a12c-ab86-11f0-a625-00051b860c5a" Retry-After="30" Cache-Control="private" X-AspNet-Version="4.0.30319" Location="https://customer-portal-adbudbhae3gjcrhm.scm.centralus-01.azurewebsites.net/api/deployments/latest?deployer=ZipDeploy&amp;time=2025-10-17_18-24-54Z" /><!-- duration: 16ms -->
</step><!-- duration: 344ms -->
