<step title="BackgroundTrace" date="2025-10-17T20:12:40.927" instance="5766c0" url="/api/zipdeploy" method="POST" >
  <step title="Updating shutdown sentinel last write time" date="2025-10-17T20:12:40.943" SemaphoreCount="7" /><!-- duration: 0ms -->
  <step title="LockFile &apos;C:\home\site\locks\deployments.lock&apos; acquired" date="2025-10-17T20:12:40.943" /><!-- duration: 0ms -->
  <step title="Creating temporary deployment" date="2025-10-17T20:12:40.943" /><!-- duration: 31ms -->
  <step title="Performing fetch based deployment" date="2025-10-17T20:12:40.974" >
    <step title="Fetching changes." date="2025-10-17T20:12:41.021" /><!-- duration: 0ms -->
    <step title="Starting LocalZipHandler" date="2025-10-17T20:12:41.037" /><!-- duration: 0ms -->
    <step title="Cleaning up temp folders from previous zip deployments and extracting pushed zip file C:\local\Temp\zipdeploy\zngvgyh3.zip (15.38 MB) to C:\local\Temp\zipdeploy\extracted" date="2025-10-17T20:12:41.037" /><!-- duration: 16ms -->
    <step title="Cleaning up temp folders from previous zip deployments and extracting pushed zip file C:\local\Temp\zipdeploy\zngvgyh3.zip (15.38 MB) to C:\local\Temp\zipdeploy\extracted" date="2025-10-17T20:12:41.052" >
      <step title="Extracting 10308 entries to C:\local\Temp\zipdeploy\extracted directory" date="2025-10-17T20:12:41.847" >
        <step title="Extracting to C:\local\Temp\zipdeploy\extracted\public\index.html ..." date="2025-10-17T20:12:41.847" /><!-- duration: 0ms -->
        <step title="Extracting to C:\local\Temp\zipdeploy\extracted\node_modules\.package-lock.json ..." date="2025-10-17T20:12:41.863" /><!-- duration: 0ms -->
        <step title="Extracting to C:\local\Temp\zipdeploy\extracted\node_modules\.bin\is-docker ..." date="2025-10-17T20:12:41.863" /><!-- duration: 0ms -->
        <step title="Extracting to C:\local\Temp\zipdeploy\extracted\node_modules\.bin\is-docker.cmd ..." date="2025-10-17T20:12:41.863" /><!-- duration: 0ms -->
        <step title="Extracting to C:\local\Temp\zipdeploy\extracted\node_modules\.bin\is-docker.ps1 ..." date="2025-10-17T20:12:41.863" /><!-- duration: 16ms -->
        <step title="Omitting extracting file traces ..." date="2025-10-17T20:12:41.878" /><!-- duration: 0ms -->
      </step><!-- duration: 9032ms -->
    </step><!-- duration: 9827ms -->
    <step title="Before sending BuildRequestReceived status to /api/updatedeploystatus" date="2025-10-17T20:12:50.894" /><!-- duration: 0ms -->
    <step title="DeploymentManager.Deploy(id:1e3ed4eb80694dc28a4a39f68c5543a8)" date="2025-10-17T20:12:50.894" >
      <step title="Collecting changeset information" date="2025-10-17T20:12:50.910" /><!-- duration: 47ms -->
      <step title="Updating submodules" date="2025-10-17T20:12:50.973" >
        <step title="Updating submodules." date="2025-10-17T20:12:51.035" /><!-- duration: 0ms -->
      </step><!-- duration: 63ms -->
      <step title="Preparing deployment for commit id &apos;1e3ed4eb80&apos;." date="2025-10-17T20:12:51.066" /><!-- duration: 0ms -->
      <step title="Determining deployment builder" date="2025-10-17T20:12:51.098" >
        <step title="Builder is BasicBuilder" date="2025-10-17T20:12:51.098" /><!-- duration: 0ms -->
      </step><!-- duration: 0ms -->
      <step title="Copying SSH keys" date="2025-10-17T20:12:51.113" /><!-- duration: 0ms -->
      <step title="Building" date="2025-10-17T20:12:51.129" >
        <step title="Generating deployment script." date="2025-10-17T20:12:51.144" /><!-- duration: 0ms -->
        <step title="Generating deployment script" date="2025-10-17T20:12:51.160" >
          <step title="Using cached version of the deployment script for command: -y --no-dot-deployment -r &quot;C:\local\Temp\zipdeploy\extracted&quot; -o &quot;C:\home\site\deployments\tools&quot; --basic --sitePath &quot;C:\local\Temp\zipdeploy\extracted&quot;" date="2025-10-17T20:12:51.223" /><!-- duration: 0ms -->
          <step title="Using cached version of deployment script (command: &apos;azure -y --no-dot-deployment -r &quot;C:\local\Temp\zipdeploy\extracted&quot; -o &quot;C:\home\site\deployments\tools&quot; --basic --sitePath &quot;C:\local\Temp\zipdeploy\extracted&quot;&apos;)." date="2025-10-17T20:12:51.223" /><!-- duration: 0ms -->
        </step><!-- duration: 63ms -->
        <step title="Running deployment command..." date="2025-10-17T20:12:51.301" /><!-- duration: 0ms -->
        <step title="Command: &quot;C:\home\site\deployments\tools\deploy.cmd&quot;" date="2025-10-17T20:12:51.316" /><!-- duration: 0ms -->
        <step title="Executing external process" date="2025-10-17T20:12:51.316" type="process" path="starter.cmd" arguments="&quot;C:\home\site\deployments\tools\deploy.cmd&quot;" >
          <step title="Handling Basic Web Site deployment." date="2025-10-17T20:12:52.129" /><!-- duration: 0ms -->
          <step title="Creating app_offline.htm" date="2025-10-17T20:12:54.498" /><!-- duration: 0ms -->
          <step title="KuduSync.NET from: &apos;C:\local\Temp\zipdeploy\extracted&apos; to: &apos;C:\home\site\wwwroot&apos;" date="2025-10-17T20:12:54.514" /><!-- duration: 0ms -->
          <step title="Copying file: &apos;server.js&apos;" date="2025-10-17T20:12:54.514" /><!-- duration: 0ms -->
          <step title="Deleting app_offline.htm" date="2025-10-17T20:12:54.514" /><!-- duration: 0ms -->
          <step title="Finished successfully." date="2025-10-17T20:12:54.529" /><!-- duration: 0ms -->
        </step><!-- duration: 3213ms -->
        <step title="Running post deployment command(s)..." date="2025-10-17T20:12:54.545" /><!-- duration: 0ms -->
        <step title="Triggering recycle (preview mode disabled)." date="2025-10-17T20:12:54.576" /><!-- duration: 0ms -->
        <step title="Ignoring FS watcher based recycle request as this is a classic Windows app." date="2025-10-17T20:12:54.576" /><!-- duration: 16ms -->
        <step title="Deployment successful. DEPLOYMENTINFO: deploymentPath = ZipDeploy. Extract zip. , deployer = ZipDeploy, os = windows, sku = PremiumV4, siteName = customer-portal, siteHostName = customer-portal-adbudbhae3gjcrhm.centralus-01.azurewebsites.net, deploymentStatus = Success" date="2025-10-17T20:12:54.607" /><!-- duration: 0ms -->
      </step><!-- duration: 3541ms -->
    </step><!-- duration: 3775ms -->
    <step title="Cleaning up temp files" date="2025-10-17T20:12:54.670" /><!-- duration: 0ms -->
    <step title="Skip function trigger and logicapp sync because function is not enabled." date="2025-10-17T20:12:54.685" /><!-- duration: 0ms -->
  </step><!-- duration: 13711ms -->
  <step title="LockFile &apos;C:\home\site\locks\deployments.lock&apos; released" date="2025-10-17T20:12:54.701" /><!-- duration: 0ms -->
  <step title="Deleting shutdown sentinel file" date="2025-10-17T20:12:54.701" SemaphoreCount="8" /><!-- duration: 0ms -->
</step><!-- duration: 13774ms -->
