<step title="Incoming Request" date="2025-10-17T19:53:41.055" instance="5766c0" url="/api/zipdeploy?isAsync=true" method="POST" type="request" pid="7588,2,18" Cache-Control="no-cache" Content-Length="2131834" Content-Type="application/octet-stream" Accept="*/*" Accept-Encoding="gzip, deflate" Authorization="Bea..." Host="customer-portal-adbudbhae3gjcrhm.scm.centralus-01.azurewebsites.net" User-Agent="AZURECLI/2.74.0 (MSI)" x-ms-client-request-id="f8678f30-ab92-11f0-a10f-00051b860c5a" X-ARR-LOG-ID="f8678f30-ab92-11f0-a10f-00051b860c5a" CLIENT-IP="24.32.74.177:63900" X-SITE-DEPLOYMENT-ID="customer-portal" WAS-DEFAULT-HOSTNAME="customer-portal-adbudbhae3gjcrhm.scm.centralus-01.azurewebsites.net" X-Forwarded-Proto="https" X-AppService-Proto="https" X-Forwarded-TlsVersion="1.3" X-WAWS-Unencoded-URL="/api/zipdeploy?isAsync=true" >
  <step title="Cleanup Xml Logs" date="2025-10-17T19:53:41.055" /><!-- duration: 0ms -->
  <step title="ZipPushDeploy" date="2025-10-17T19:53:41.367" >
    <step title="ZipDeploy. Extract zip. " date="2025-10-17T19:53:41.383" /><!-- duration: 0ms -->
    <step title="Starting PushDeployAsync" date="2025-10-17T19:53:41.383" /><!-- duration: 0ms -->
    <step title="Updating shutdown sentinel last write time" date="2025-10-17T19:53:41.398" SemaphoreCount="7" /><!-- duration: 16ms -->
    <step title="LockFile &apos;C:\home\site\locks\deployments.lock&apos; acquired" date="2025-10-17T19:53:41.414" /><!-- duration: 0ms -->
    <step title="Saving request content to C:\local\Temp\zipdeploy\jel21abr.zip" date="2025-10-17T19:53:41.414" >
      <step title="Total 2,131,834 bytes written to C:\local\Temp\zipdeploy\jel21abr.zip" date="2025-10-17T19:53:41.445" /><!-- duration: 0ms -->
    </step><!-- duration: 47ms -->
    <step title="LockFile &apos;C:\home\site\locks\deployments.lock&apos; released" date="2025-10-17T19:53:41.461" /><!-- duration: 16ms -->
    <step title="Deleting shutdown sentinel file" date="2025-10-17T19:53:41.476" SemaphoreCount="8" /><!-- duration: 0ms -->
    <step title="Starting FetchDeploy" date="2025-10-17T19:53:41.680" /><!-- duration: 0ms -->
    <step title="Start deployment in the background" date="2025-10-17T19:53:41.680" /><!-- duration: 79ms -->
  </step><!-- duration: 407ms -->
  <step title="Outgoing response" date="2025-10-17T19:53:41.790" type="response" statusCode="202" statusText="Accepted" Server="Microsoft-IIS/10.0" x-ms-request-id="f8678f30-ab92-11f0-a10f-00051b860c5a" Retry-After="30" Cache-Control="private" X-AspNet-Version="4.0.30319" Location="https://customer-portal-adbudbhae3gjcrhm.scm.centralus-01.azurewebsites.net/api/deployments/latest?deployer=ZipDeploy&amp;time=2025-10-17_19-53-41Z" /><!-- duration: 0ms -->
</step><!-- duration: 751ms -->
