<step title="BackgroundTrace" date="2025-10-17T19:45:27.291" instance="5766c0" url="/api/zipdeploy" method="POST" >
  <step title="Updating shutdown sentinel last write time" date="2025-10-17T19:45:27.306" SemaphoreCount="7" /><!-- duration: 0ms -->
  <step title="LockFile &apos;C:\home\site\locks\deployments.lock&apos; acquired" date="2025-10-17T19:45:27.306" /><!-- duration: 0ms -->
  <step title="Creating temporary deployment" date="2025-10-17T19:45:27.306" /><!-- duration: 31ms -->
  <step title="Performing fetch based deployment" date="2025-10-17T19:45:27.338" >
    <step title="Fetching changes." date="2025-10-17T19:45:27.400" /><!-- duration: 16ms -->
    <step title="Starting LocalZipHandler" date="2025-10-17T19:45:27.416" /><!-- duration: 0ms -->
    <step title="Cleaning up temp folders from previous zip deployments and extracting pushed zip file C:\local\Temp\zipdeploy\om5dbbzb.zip (0.01 MB) to C:\local\Temp\zipdeploy\extracted" date="2025-10-17T19:45:27.447" /><!-- duration: 0ms -->
    <step title="Cleaning up temp folders from previous zip deployments and extracting pushed zip file C:\local\Temp\zipdeploy\om5dbbzb.zip (0.01 MB) to C:\local\Temp\zipdeploy\extracted" date="2025-10-17T19:45:27.447" >
      <step title="Extracting 8 entries to C:\local\Temp\zipdeploy\extracted directory" date="2025-10-17T19:45:27.447" >
        <step title="Extracting to C:\local\Temp\zipdeploy\extracted\public\index.html ..." date="2025-10-17T19:45:27.463" /><!-- duration: 0ms -->
        <step title="Extracting to C:\local\Temp\zipdeploy\extracted\public\public\index.html ..." date="2025-10-17T19:45:27.463" /><!-- duration: 16ms -->
        <step title="Extracting to C:\local\Temp\zipdeploy\extracted\.env ..." date="2025-10-17T19:45:27.478" /><!-- duration: 0ms -->
        <step title="Extracting to C:\local\Temp\zipdeploy\extracted\DEPLOYMENT-INSTRUCTIONS.txt ..." date="2025-10-17T19:45:27.478" /><!-- duration: 0ms -->
        <step title="Extracting to C:\local\Temp\zipdeploy\extracted\package.json ..." date="2025-10-17T19:45:27.494" /><!-- duration: 0ms -->
        <step title="Extracting to C:\local\Temp\zipdeploy\extracted\server.js ..." date="2025-10-17T19:45:27.494" /><!-- duration: 0ms -->
        <step title="Extracting to C:\local\Temp\zipdeploy\extracted\setup-database-user.sql ..." date="2025-10-17T19:45:27.494" /><!-- duration: 16ms -->
        <step title="Extracting to C:\local\Temp\zipdeploy\extracted\web.config ..." date="2025-10-17T19:45:27.510" /><!-- duration: 0ms -->
      </step><!-- duration: 63ms -->
    </step><!-- duration: 63ms -->
    <step title="Before sending BuildRequestReceived status to /api/updatedeploystatus" date="2025-10-17T19:45:27.525" /><!-- duration: 0ms -->
    <step title="DeploymentManager.Deploy(id:6ef46ccfe0ad4c9782d0494622ee3bbc)" date="2025-10-17T19:45:27.525" >
      <step title="Collecting changeset information" date="2025-10-17T19:45:27.541" /><!-- duration: 16ms -->
      <step title="Updating submodules" date="2025-10-17T19:45:27.556" >
        <step title="Updating submodules." date="2025-10-17T19:45:27.572" /><!-- duration: 0ms -->
      </step><!-- duration: 16ms -->
      <step title="Preparing deployment for commit id &apos;6ef46ccfe0&apos;." date="2025-10-17T19:45:27.603" /><!-- duration: 0ms -->
      <step title="Determining deployment builder" date="2025-10-17T19:45:27.681" >
        <step title="Builder is BasicBuilder" date="2025-10-17T19:45:27.697" /><!-- duration: 16ms -->
      </step><!-- duration: 31ms -->
      <step title="Copying SSH keys" date="2025-10-17T19:45:27.728" /><!-- duration: 0ms -->
      <step title="Building" date="2025-10-17T19:45:27.728" >
        <step title="Generating deployment script." date="2025-10-17T19:45:27.744" /><!-- duration: 0ms -->
        <step title="Generating deployment script" date="2025-10-17T19:45:27.760" >
          <step title="Using cached version of the deployment script for command: -y --no-dot-deployment -r &quot;C:\local\Temp\zipdeploy\extracted&quot; -o &quot;C:\home\site\deployments\tools&quot; --basic --sitePath &quot;C:\local\Temp\zipdeploy\extracted&quot;" date="2025-10-17T19:45:27.791" /><!-- duration: 0ms -->
          <step title="Using cached version of deployment script (command: &apos;azure -y --no-dot-deployment -r &quot;C:\local\Temp\zipdeploy\extracted&quot; -o &quot;C:\home\site\deployments\tools&quot; --basic --sitePath &quot;C:\local\Temp\zipdeploy\extracted&quot;&apos;)." date="2025-10-17T19:45:27.791" /><!-- duration: 0ms -->
        </step><!-- duration: 31ms -->
        <step title="Running deployment command..." date="2025-10-17T19:45:27.806" /><!-- duration: 0ms -->
        <step title="Command: &quot;C:\home\site\deployments\tools\deploy.cmd&quot;" date="2025-10-17T19:45:27.822" /><!-- duration: 0ms -->
        <step title="Executing external process" date="2025-10-17T19:45:28.389" type="process" path="starter.cmd" arguments="&quot;C:\home\site\deployments\tools\deploy.cmd&quot;" >
          <step title="Handling Basic Web Site deployment." date="2025-10-17T19:45:28.607" /><!-- duration: 0ms -->
          <step title="Creating app_offline.htm" date="2025-10-17T19:45:28.607" /><!-- duration: 0ms -->
          <step title="KuduSync.NET from: &apos;C:\local\Temp\zipdeploy\extracted&apos; to: &apos;C:\home\site\wwwroot&apos;" date="2025-10-17T19:45:28.607" /><!-- duration: 0ms -->
          <step title="Copying file: &apos;web.config&apos;" date="2025-10-17T19:45:28.607" /><!-- duration: 0ms -->
          <step title="Deleting app_offline.htm" date="2025-10-17T19:45:28.623" /><!-- duration: 0ms -->
          <step title="Finished successfully." date="2025-10-17T19:45:28.623" /><!-- duration: 0ms -->
        </step><!-- duration: 234ms -->
        <step title="Running post deployment command(s)..." date="2025-10-17T19:45:28.654" /><!-- duration: 0ms -->
        <step title="Triggering recycle (preview mode disabled)." date="2025-10-17T19:45:28.670" /><!-- duration: 0ms -->
        <step title="Ignoring FS watcher based recycle request as this is a classic Windows app." date="2025-10-17T19:45:28.670" /><!-- duration: 0ms -->
        <step title="Deployment successful. DEPLOYMENTINFO: deploymentPath = ZipDeploy. Extract zip. , deployer = ZipDeploy, os = windows, sku = PremiumV4, siteName = customer-portal, siteHostName = customer-portal-adbudbhae3gjcrhm.centralus-01.azurewebsites.net, deploymentStatus = Success" date="2025-10-17T19:45:28.701" /><!-- duration: 0ms -->
      </step><!-- duration: 1020ms -->
    </step><!-- duration: 1238ms -->
    <step title="Cleaning up temp files" date="2025-10-17T19:45:28.764" /><!-- duration: 0ms -->
    <step title="Skip function trigger and logicapp sync because function is not enabled." date="2025-10-17T19:45:28.764" /><!-- duration: 0ms -->
  </step><!-- duration: 1442ms -->
  <step title="LockFile &apos;C:\home\site\locks\deployments.lock&apos; released" date="2025-10-17T19:45:28.795" /><!-- duration: 0ms -->
  <step title="Deleting shutdown sentinel file" date="2025-10-17T19:45:28.795" SemaphoreCount="8" /><!-- duration: 0ms -->
</step><!-- duration: 1504ms -->
