<Events><Event><System><Provider Name=".NET Runtime"/><EventID>1000</EventID><Level>2</Level><Task>0</Task><Keywords>Keywords</Keywords><TimeCreated SystemTime="2025-10-17T18:17:03Z"/><EventRecordID>10170796</EventRecordID><Channel>Application</Channel><Computer>WO0XSDWK000010</Computer><Security/></System><EventData><Data>Category: Microsoft.AspNetCore.DataProtection.KeyManagement.XmlKeyManager
EventId: 35

No XML encryptor configured. Key {a3a1dbd8-a81b-4fcb-b97c-b9adce63f6fe} may be persisted to storage in unencrypted form.
</Data></EventData></Event><Event><System><Provider Name="IIS AspNetCore Module V2"/><EventID>1032</EventID><Level>4</Level><Task>0</Task><Keywords>Keywords</Keywords><TimeCreated SystemTime="2025-10-17T18:17:04Z"/><EventRecordID>10171359</EventRecordID><Channel>Application</Channel><Computer>WO0XSDWK000010</Computer><Security/></System><EventData><Data>Application 'C:\Program Files (x86)\SiteExtensions\ApplicationInsightsAgent\2.8.47\ExtensionManager\' started successfully.</Data><Data>Process Id: 6336.</Data><Data>File Version: 13.1.22321.32. Description: IIS ASP.NET Core Module V2 Request Handler. Commit: 3eeb12e106b9e913c3a4dec1a7d16da7b74149eb</Data></EventData></Event><Event><System><Provider Name="IIS AspNetCore Module V2"/><EventID>1033</EventID><Level>4</Level><Task>0</Task><Keywords>Keywords</Keywords><TimeCreated SystemTime="2025-10-17T18:25:55Z"/><EventRecordID>10702406</EventRecordID><Channel>Application</Channel><Computer>WO0XSDWK000010</Computer><Security/></System><EventData><Data>Application 'MACHINE/WEBROOT/APPHOST/~1CUSTOMER-PORTAL/APPLICATIONINSIGHTS' has shutdown.</Data><Data>Process Id: 6336.</Data><Data>File Version: 13.1.22321.32. Description: IIS ASP.NET Core Module V2 Request Handler. Commit: 3eeb12e106b9e913c3a4dec1a7d16da7b74149eb</Data></EventData></Event><Event><System><Provider Name="IIS AspNetCore Module V2"/><EventID>1032</EventID><Level>4</Level><Task>0</Task><Keywords>Keywords</Keywords><TimeCreated SystemTime="2025-10-17T18:25:59Z"/><EventRecordID>10706562</EventRecordID><Channel>Application</Channel><Computer>WO0XSDWK000010</Computer><Security/></System><EventData><Data>Application 'C:\Program Files (x86)\SiteExtensions\ApplicationInsightsAgent\2.8.47\ExtensionManager\' started successfully.</Data><Data>Process Id: 5064.</Data><Data>File Version: 13.1.22321.32. Description: IIS ASP.NET Core Module V2 Request Handler. Commit: 3eeb12e106b9e913c3a4dec1a7d16da7b74149eb</Data></EventData></Event><Event><System><Provider Name="IIS AspNetCore Module V2"/><EventID>1033</EventID><Level>4</Level><Task>0</Task><Keywords>Keywords</Keywords><TimeCreated SystemTime="2025-10-17T18:32:05Z"/><EventRecordID>11072671</EventRecordID><Channel>Application</Channel><Computer>WO0XSDWK000010</Computer><Security/></System><EventData><Data>Application 'MACHINE/WEBROOT/APPHOST/~1CUSTOMER-PORTAL/APPLICATIONINSIGHTS' has shutdown.</Data><Data>Process Id: 5064.</Data><Data>File Version: 13.1.22321.32. Description: IIS ASP.NET Core Module V2 Request Handler. Commit: 3eeb12e106b9e913c3a4dec1a7d16da7b74149eb</Data></EventData></Event><Event><System><Provider Name="IIS AspNetCore Module V2"/><EventID>1032</EventID><Level>4</Level><Task>0</Task><Keywords>Keywords</Keywords><TimeCreated SystemTime="2025-10-17T18:32:08Z"/><EventRecordID>11075578</EventRecordID><Channel>Application</Channel><Computer>WO0XSDWK000010</Computer><Security/></System><EventData><Data>Application 'C:\Program Files (x86)\SiteExtensions\ApplicationInsightsAgent\2.8.47\ExtensionManager\' started successfully.</Data><Data>Process Id: 2688.</Data><Data>File Version: 13.1.22321.32. Description: IIS ASP.NET Core Module V2 Request Handler. Commit: 3eeb12e106b9e913c3a4dec1a7d16da7b74149eb</Data></EventData></Event><Event><System><Provider Name="IIS AspNetCore Module V2"/><EventID>1033</EventID><Level>4</Level><Task>0</Task><Keywords>Keywords</Keywords><TimeCreated SystemTime="2025-10-17T18:32:22Z"/><EventRecordID>11089390</EventRecordID><Channel>Application</Channel><Computer>WO0XSDWK000010</Computer><Security/></System><EventData><Data>Application 'MACHINE/WEBROOT/APPHOST/~1CUSTOMER-PORTAL/APPLICATIONINSIGHTS' has shutdown.</Data><Data>Process Id: 2688.</Data><Data>File Version: 13.1.22321.32. Description: IIS ASP.NET Core Module V2 Request Handler. Commit: 3eeb12e106b9e913c3a4dec1a7d16da7b74149eb</Data></EventData></Event><Event><System><Provider Name="IIS AspNetCore Module V2"/><EventID>1032</EventID><Level>4</Level><Task>0</Task><Keywords>Keywords</Keywords><TimeCreated SystemTime="2025-10-17T18:32:39Z"/><EventRecordID>11106468</EventRecordID><Channel>Application</Channel><Computer>WO0XSDWK000010</Computer><Security/></System><EventData><Data>Application 'C:\Program Files (x86)\SiteExtensions\ApplicationInsightsAgent\2.8.47\ExtensionManager\' started successfully.</Data><Data>Process Id: 3636.</Data><Data>File Version: 13.1.22321.32. Description: IIS ASP.NET Core Module V2 Request Handler. Commit: 3eeb12e106b9e913c3a4dec1a7d16da7b74149eb</Data></EventData></Event><Event><System><Provider Name="IIS AspNetCore Module V2"/><EventID>1033</EventID><Level>4</Level><Task>0</Task><Keywords>Keywords</Keywords><TimeCreated SystemTime="2025-10-17T19:27:53Z"/><EventRecordID>14420406</EventRecordID><Channel>Application</Channel><Computer>WO0XSDWK000010</Computer><Security/></System><EventData><Data>Application 'MACHINE/WEBROOT/APPHOST/~1CUSTOMER-PORTAL/APPLICATIONINSIGHTS' has shutdown.</Data><Data>Process Id: 3636.</Data><Data>File Version: 13.1.22321.32. Description: IIS ASP.NET Core Module V2 Request Handler. Commit: 3eeb12e106b9e913c3a4dec1a7d16da7b74149eb</Data></EventData></Event><Event><System><Provider Name="IIS AspNetCore Module V2"/><EventID>1032</EventID><Level>4</Level><Task>0</Task><Keywords>Keywords</Keywords><TimeCreated SystemTime="2025-10-17T19:28:13Z"/><EventRecordID>14440140</EventRecordID><Channel>Application</Channel><Computer>WO0XSDWK000010</Computer><Security/></System><EventData><Data>Application 'C:\Program Files (x86)\SiteExtensions\ApplicationInsightsAgent\2.8.47\ExtensionManager\' started successfully.</Data><Data>Process Id: 7172.</Data><Data>File Version: 13.1.22321.32. Description: IIS ASP.NET Core Module V2 Request Handler. Commit: 3eeb12e106b9e913c3a4dec1a7d16da7b74149eb</Data></EventData></Event><Event><System><Provider Name="IIS AspNetCore Module V2"/><EventID>1033</EventID><Level>4</Level><Task>0</Task><Keywords>Keywords</Keywords><TimeCreated SystemTime="2025-10-17T19:44:56Z"/><EventRecordID>15442937</EventRecordID><Channel>Application</Channel><Computer>WO0XSDWK000010</Computer><Security/></System><EventData><Data>Application 'MACHINE/WEBROOT/APPHOST/~1CUSTOMER-PORTAL/APPLICATIONINSIGHTS' has shutdown.</Data><Data>Process Id: 7172.</Data><Data>File Version: 13.1.22321.32. Description: IIS ASP.NET Core Module V2 Request Handler. Commit: 3eeb12e106b9e913c3a4dec1a7d16da7b74149eb</Data></EventData></Event><Event><System><Provider Name="IIS AspNetCore Module V2"/><EventID>1032</EventID><Level>4</Level><Task>0</Task><Keywords>Keywords</Keywords><TimeCreated SystemTime="2025-10-17T19:44:59Z"/><EventRecordID>15445875</EventRecordID><Channel>Application</Channel><Computer>WO0XSDWK000010</Computer><Security/></System><EventData><Data>Application 'C:\Program Files (x86)\SiteExtensions\ApplicationInsightsAgent\2.8.47\ExtensionManager\' started successfully.</Data><Data>Process Id: 4424.</Data><Data>File Version: 13.1.22321.32. Description: IIS ASP.NET Core Module V2 Request Handler. Commit: 3eeb12e106b9e913c3a4dec1a7d16da7b74149eb</Data></EventData></Event><Event><System><Provider Name="IIS AspNetCore Module V2"/><EventID>1033</EventID><Level>4</Level><Task>0</Task><Keywords>Keywords</Keywords><TimeCreated SystemTime="2025-10-17T19:45:54Z"/><EventRecordID>15500796</EventRecordID><Channel>Application</Channel><Computer>WO0XSDWK000010</Computer><Security/></System><EventData><Data>Application 'MACHINE/WEBROOT/APPHOST/~1CUSTOMER-PORTAL/APPLICATIONINSIGHTS' has shutdown.</Data><Data>Process Id: 4424.</Data><Data>File Version: 13.1.22321.32. Description: IIS ASP.NET Core Module V2 Request Handler. Commit: 3eeb12e106b9e913c3a4dec1a7d16da7b74149eb</Data></EventData></Event><Event><System><Provider Name="IIS AspNetCore Module V2"/><EventID>1032</EventID><Level>4</Level><Task>0</Task><Keywords>Keywords</Keywords><TimeCreated SystemTime="2025-10-17T19:46:14Z"/><EventRecordID>15521343</EventRecordID><Channel>Application</Channel><Computer>WO0XSDWK000010</Computer><Security/></System><EventData><Data>Application 'C:\Program Files (x86)\SiteExtensions\ApplicationInsightsAgent\2.8.47\ExtensionManager\' started successfully.</Data><Data>Process Id: 7588.</Data><Data>File Version: 13.1.22321.32. Description: IIS ASP.NET Core Module V2 Request Handler. Commit: 3eeb12e106b9e913c3a4dec1a7d16da7b74149eb</Data></EventData></Event><Event><System><Provider Name="IIS AspNetCore Module V2"/><EventID>1033</EventID><Level>4</Level><Task>0</Task><Keywords>Keywords</Keywords><TimeCreated SystemTime="2025-10-17T19:54:24Z"/><EventRecordID>16010937</EventRecordID><Channel>Application</Channel><Computer>WO0XSDWK000010</Computer><Security/></System><EventData><Data>Application 'MACHINE/WEBROOT/APPHOST/~1CUSTOMER-PORTAL/APPLICATIONINSIGHTS' has shutdown.</Data><Data>Process Id: 7588.</Data><Data>File Version: 13.1.22321.32. Description: IIS ASP.NET Core Module V2 Request Handler. Commit: 3eeb12e106b9e913c3a4dec1a7d16da7b74149eb</Data></EventData></Event><Event><System><Provider Name="IIS AspNetCore Module V2"/><EventID>1032</EventID><Level>4</Level><Task>0</Task><Keywords>Keywords</Keywords><TimeCreated SystemTime="2025-10-17T19:54:45Z"/><EventRecordID>16032171</EventRecordID><Channel>Application</Channel><Computer>WO0XSDWK000010</Computer><Security/></System><EventData><Data>Application 'C:\Program Files (x86)\SiteExtensions\ApplicationInsightsAgent\2.8.47\ExtensionManager\' started successfully.</Data><Data>Process Id: 3520.</Data><Data>File Version: 13.1.22321.32. Description: IIS ASP.NET Core Module V2 Request Handler. Commit: 3eeb12e106b9e913c3a4dec1a7d16da7b74149eb</Data></EventData></Event><Event><System><Provider Name="IIS AspNetCore Module V2"/><EventID>1033</EventID><Level>4</Level><Task>0</Task><Keywords>Keywords</Keywords><TimeCreated SystemTime="2025-10-17T20:07:54Z"/><EventRecordID>16821234</EventRecordID><Channel>Application</Channel><Computer>WO0XSDWK000010</Computer><Security/></System><EventData><Data>Application 'MACHINE/WEBROOT/APPHOST/~1CUSTOMER-PORTAL/APPLICATIONINSIGHTS' has shutdown.</Data><Data>Process Id: 3520.</Data><Data>File Version: 13.1.22321.32. Description: IIS ASP.NET Core Module V2 Request Handler. Commit: 3eeb12e106b9e913c3a4dec1a7d16da7b74149eb</Data></EventData></Event><Event><System><Provider Name="IIS AspNetCore Module V2"/><EventID>1032</EventID><Level>4</Level><Task>0</Task><Keywords>Keywords</Keywords><TimeCreated SystemTime="2025-10-17T20:08:16Z"/><EventRecordID>16842734</EventRecordID><Channel>Application</Channel><Computer>WO0XSDWK000010</Computer><Security/></System><EventData><Data>Application 'C:\Program Files (x86)\SiteExtensions\ApplicationInsightsAgent\2.8.47\ExtensionManager\' started successfully.</Data><Data>Process Id: 4976.</Data><Data>File Version: 13.1.22321.32. Description: IIS ASP.NET Core Module V2 Request Handler. Commit: 3eeb12e106b9e913c3a4dec1a7d16da7b74149eb</Data></EventData></Event><Event><System><Provider Name="W3SVC-WP"/><EventID>2303</EventID><Level>2</Level><Task>0</Task><Keywords>Keywords</Keywords><TimeCreated SystemTime="2025-10-17T20:09:25Z"/><EventRecordID>16911796</EventRecordID><Channel>Application</Channel><Computer>WO0XSDWK000010</Computer><Security/></System><EventData><Data>customer-portal</Data><Binary>02000780</Binary></EventData></Event><Event><System><Provider Name="W3SVC-WP"/><EventID>2303</EventID><Level>2</Level><Task>0</Task><Keywords>Keywords</Keywords><TimeCreated SystemTime="2025-10-17T20:09:25Z"/><EventRecordID>16911796</EventRecordID><Channel>Application</Channel><Computer>WO0XSDWK000010</Computer><Security/></System><EventData><Data>customer-portal</Data><Binary>02000780</Binary></EventData></Event><Event><System><Provider Name="IIS AspNetCore Module V2"/><EventID>1033</EventID><Level>4</Level><Task>0</Task><Keywords>Keywords</Keywords><TimeCreated SystemTime="2025-10-17T20:09:26Z"/><EventRecordID>16912812</EventRecordID><Channel>Application</Channel><Computer>WO0XSDWK000010</Computer><Security/></System><EventData><Data>Application 'MACHINE/WEBROOT/APPHOST/~1CUSTOMER-PORTAL/APPLICATIONINSIGHTS' has shutdown.</Data><Data>Process Id: 4976.</Data><Data>File Version: 13.1.22321.32. Description: IIS ASP.NET Core Module V2 Request Handler. Commit: 3eeb12e106b9e913c3a4dec1a7d16da7b74149eb</Data></EventData></Event><Event><System><Provider Name="IIS AspNetCore Module V2"/><EventID>1032</EventID><Level>4</Level><Task>0</Task><Keywords>Keywords</Keywords><TimeCreated SystemTime="2025-10-17T20:09:27Z"/><EventRecordID>16913968</EventRecordID><Channel>Application</Channel><Computer>WO0XSDWK000010</Computer><Security/></System><EventData><Data>Application 'C:\Program Files (x86)\SiteExtensions\ApplicationInsightsAgent\2.8.47\ExtensionManager\' started successfully.</Data><Data>Process Id: 6664.</Data><Data>File Version: 13.1.22321.32. Description: IIS ASP.NET Core Module V2 Request Handler. Commit: 3eeb12e106b9e913c3a4dec1a7d16da7b74149eb</Data></EventData></Event></Events>