﻿<?xml version="1.0" encoding="utf-8"?>
<deployment>
  <id>ee829d12-a027-447d-b4c3-90da45e07466</id>
  <author>N/A</author>
  <deployer>Push-Deployer</deployer>
  <authorEmail>N/A</authorEmail>
  <message>Created via a push deployment</message>
  <progress></progress>
  <status>Success</status>
  <statusText></statusText>
  <lastSuccessEndTime>2025-10-20T12:53:14.6155274Z</lastSuccessEndTime>
  <receivedTime>2025-10-20T12:47:11.7927675Z</receivedTime>
  <startTime>2025-10-20T12:47:14.0450411Z</startTime>
  <endTime>2025-10-20T12:53:14.6155274Z</endTime>
  <complete>True</complete>
  <is_temp>False</is_temp>
  <is_readonly>True</is_readonly>
  <buildSummary />
</deployment>