﻿<?xml version="1.0" encoding="utf-8"?>
<deployment>
  <id>974a0bf0-be5e-401c-a274-911ac4aa7f89</id>
  <author>N/A</author>
  <deployer>Push-Deployer</deployer>
  <authorEmail>N/A</authorEmail>
  <message>Created via a push deployment</message>
  <progress></progress>
  <status>Success</status>
  <statusText></statusText>
  <lastSuccessEndTime>2025-10-20T15:32:17.767896Z</lastSuccessEndTime>
  <receivedTime>2025-10-20T15:30:34.235152Z</receivedTime>
  <startTime>2025-10-20T15:30:36.0545357Z</startTime>
  <endTime>2025-10-20T15:32:17.767896Z</endTime>
  <complete>True</complete>
  <is_temp>False</is_temp>
  <is_readonly>True</is_readonly>
  <buildSummary />
</deployment>