﻿<?xml version="1.0" encoding="utf-8"?>
<deployment>
  <id>f99c2cb9-34b4-4743-9b51-a3565bbcff58</id>
  <author>N/A</author>
  <deployer>OneDeploy</deployer>
  <authorEmail>N/A</authorEmail>
  <message>OneDeploy</message>
  <progress></progress>
  <status>Success</status>
  <statusText></statusText>
  <lastSuccessEndTime>2025-10-20T18:16:15.1415138Z</lastSuccessEndTime>
  <receivedTime>2025-10-20T18:16:10.3434945Z</receivedTime>
  <startTime>2025-10-20T18:16:11.7248465Z</startTime>
  <endTime>2025-10-20T18:16:15.1415138Z</endTime>
  <complete>True</complete>
  <is_temp>False</is_temp>
  <is_readonly>True</is_readonly>
  <buildSummary />
</deployment>