﻿<?xml version="1.0" encoding="utf-8"?>
<deployment>
  <id>530bee6c-3acb-4015-a7e5-ac715928773a</id>
  <author>N/A</author>
  <deployer>Push-Deployer</deployer>
  <authorEmail>N/A</authorEmail>
  <message>Created via a push deployment</message>
  <progress></progress>
  <status>Success</status>
  <statusText></statusText>
  <lastSuccessEndTime>2025-10-17T20:55:01.6168125Z</lastSuccessEndTime>
  <receivedTime>2025-10-17T20:54:09.4967379Z</receivedTime>
  <startTime>2025-10-17T20:54:10.8268623Z</startTime>
  <endTime>2025-10-17T20:55:01.6168125Z</endTime>
  <complete>True</complete>
  <is_temp>False</is_temp>
  <is_readonly>True</is_readonly>
  <buildSummary />
</deployment>