<step title="BackgroundTrace" date="2025-10-18T13:13:07.016" instance="b47714" url="/api/zipdeploy" method="POST" >
  <step title="Creating temporary deployment - FetchDeploymentManager" date="2025-10-18T13:13:07.086" /><!-- duration: 14ms -->
  <step title="Creating temporary deployment" date="2025-10-18T13:13:07.105" /><!-- duration: 55ms -->
  <step title="Performing fetch based deployment" date="2025-10-18T13:13:07.278" >
    <step title="Cleaning up temp folders from previous zip deployments and extracting pushed zip file /tmp/zipdeploy/99515abc-db1f-4f00-9a8e-34d2ed11e2f6.zip (0.71 MB) to /tmp/zipdeploy/extracted" date="2025-10-18T13:13:08.576" >
      <step title="ChmodRecursive Process exited with total time taken in ms: 57" date="2025-10-18T13:13:08.736" /><!-- duration: 4ms -->
    </step><!-- duration: 168ms -->
    <step title="Deployment timer started" date="2025-10-18T13:13:10.759" >
      <step title="DeploymentManager.Deploy(id:f95e0316-1d33-4638-a5cf-236243a94fb4)" date="2025-10-18T13:13:10.768" >
        <step title="Collecting changeset information" date="2025-10-18T13:13:10.795" /><!-- duration: 97ms -->
        <step title="Updating submodules" date="2025-10-18T13:13:10.901" /><!-- duration: 1123ms -->
        <step title="Determining deployment builder" date="2025-10-18T13:13:12.813" >
          <step title="Builder is OryxBuilder" date="2025-10-18T13:13:12.831" /><!-- duration: 4ms -->
        </step><!-- duration: 28ms -->
        <step title="PreDeployment: context.CleanOutputPath False" date="2025-10-18T13:13:12.893" >
          <step title="PreDeployment: context.OutputPath /home/site/wwwroot" date="2025-10-18T13:13:13.029" >
            <step title="Building" date="2025-10-18T13:13:13.206" >
              <step title="Executing external process" date="2025-10-18T13:13:13.811" type="process" path="bash" arguments="-c &quot;oryx build /tmp/zipdeploy/extracted -o /home/site/wwwroot --platform nodejs --platform-version 20 -p virtualenv_name= --log-file /tmp/build-debug.log  -i /tmp/8de0e481788d7c8 -p compress_node_modules=tar-gz | tee /tmp/oryx-build.log ; exit $PIPESTATUS &quot;" /><!-- duration: 51450ms -->
              <step title="Using GenericDeploymentLogParser" date="2025-10-18T13:14:05.839" /><!-- duration: 4ms -->
              <step title="Triggering recycle (preview mode disabled)." date="2025-10-18T13:14:07.701" /><!-- duration: 12ms -->
              <step title="Modified file to trigger a restart of the app container." date="2025-10-18T13:14:07.782" /><!-- duration: 6ms -->
              <step title="Skip function trigger and logicapp sync because function is not enabled." date="2025-10-18T13:14:07.797" /><!-- duration: 6ms -->
              <step title="Purge deployment items" date="2025-10-18T13:14:09.292" >
                <step title="Remove 926ba20c-, Success, received at 10/18/2025 06:04:33" date="2025-10-18T13:14:09.368" /><!-- duration: 6ms -->
              </step><!-- duration: 88ms -->
            </step><!-- duration: 56268ms -->
          </step><!-- duration: 56451ms -->
          <step title="Cleaning up temp files" date="2025-10-18T13:14:09.486" /><!-- duration: 2461ms -->
          <step title="Cleaning up temp files" date="2025-10-18T13:14:11.954" /><!-- duration: 505ms -->
          <step title="Reloading status file with latest updates" date="2025-10-18T13:14:12.505" >
            <step title="WebHooksManager.PublishEventAsync: PostDeployment" date="2025-10-18T13:14:12.513" /><!-- duration: 45ms -->
          </step><!-- duration: 56ms -->
          <step title="Cleaning up temporary deployment - fetch deployment was successful" date="2025-10-18T13:14:12.569" /><!-- duration: 5ms -->
        </step><!-- duration: 59758ms -->
      </step><!-- duration: 61918ms -->
