<step title="BackgroundTrace" date="2025-10-18T19:47:17.917" instance="5b3f8a" url="/api/zipdeploy" method="POST" >
  <step title="Cleanup Xml Logs" date="2025-10-18T19:47:17.947" >
    <step title="Cleanup Infos" date="2025-10-18T19:47:18.005" totalFiles="229" totalCleanup="69" /><!-- duration: 17ms -->
  </step><!-- duration: 85ms -->
  <step title="Creating temporary deployment - FetchDeploymentManager" date="2025-10-18T19:47:18.221" /><!-- duration: 9ms -->
  <step title="Creating temporary deployment" date="2025-10-18T19:47:18.258" /><!-- duration: 148ms -->
  <step title="Performing fetch based deployment" date="2025-10-18T19:47:18.771" >
    <step title="Cleaning up temp folders from previous zip deployments and extracting pushed zip file /tmp/zipdeploy/3ae59a87-3192-481c-9d17-860895aa661f.zip (15.90 MB) to /tmp/zipdeploy/extracted" date="2025-10-18T19:47:20.258" >
      <step title="ChmodRecursive Process exited with total time taken in ms: 97" date="2025-10-18T19:47:21.213" /><!-- duration: 10ms -->
    </step><!-- duration: 986ms -->
    <step title="Deployment timer started" date="2025-10-18T19:47:23.318" >
      <step title="DeploymentManager.Deploy(id:c711c161-01d3-4588-974e-8293bdbf028f)" date="2025-10-18T19:47:23.368" >
        <step title="Collecting changeset information" date="2025-10-18T19:47:23.526" /><!-- duration: 294ms -->
        <step title="Updating submodules" date="2025-10-18T19:47:23.850" /><!-- duration: 1722ms -->
        <step title="Determining deployment builder" date="2025-10-18T19:47:26.372" >
          <step title="Builder is OryxBuilder" date="2025-10-18T19:47:26.422" /><!-- duration: 9ms -->
        </step><!-- duration: 70ms -->
        <step title="PreDeployment: context.CleanOutputPath False" date="2025-10-18T19:47:26.617" >
          <step title="PreDeployment: context.OutputPath /home/site/wwwroot" date="2025-10-18T19:47:26.972" >
            <step title="Building" date="2025-10-18T19:47:27.434" >
              <step title="Executing external process" date="2025-10-18T19:47:28.339" type="process" path="bash" arguments="-c &quot;oryx build /tmp/zipdeploy/extracted -o /home/site/wwwroot --platform nodejs --platform-version 20 -p virtualenv_name= --log-file /tmp/build-debug.log  -i /tmp/8de0e7f2a2ecb90 -p compress_node_modules=tar-gz | tee /tmp/oryx-build.log ; exit $PIPESTATUS &quot;" /><!-- duration: 104562ms -->
              <step title="Using GenericDeploymentLogParser" date="2025-10-18T19:49:13.341" /><!-- duration: 10ms -->
              <step title="Triggering recycle (preview mode disabled)." date="2025-10-18T19:49:14.622" /><!-- duration: 9ms -->
              <step title="Modified file to trigger a restart of the app container." date="2025-10-18T19:49:14.669" /><!-- duration: 4ms -->
              <step title="Skip function trigger and logicapp sync because function is not enabled." date="2025-10-18T19:49:14.679" /><!-- duration: 10ms -->
              <step title="Purge deployment items" date="2025-10-18T19:49:16.322" >
                <step title="Remove f95e0316-, Success, received at 10/18/2025 13:13:10" date="2025-10-18T19:49:16.527" /><!-- duration: 11ms -->
              </step><!-- duration: 231ms -->
            </step><!-- duration: 109271ms -->
          </step><!-- duration: 109770ms -->
          <step title="Cleaning up temp files" date="2025-10-18T19:49:16.809" /><!-- duration: 7060ms -->
          <step title="Cleaning up temp files" date="2025-10-18T19:49:23.890" /><!-- duration: 530ms -->
          <step title="Reloading status file with latest updates" date="2025-10-18T19:49:24.499" >
            <step title="WebHooksManager.PublishEventAsync: PostDeployment" date="2025-10-18T19:49:24.510" /><!-- duration: 200ms -->
          </step><!-- duration: 223ms -->
          <step title="Cleaning up temporary deployment - fetch deployment was successful" date="2025-10-18T19:49:24.750" /><!-- duration: 10ms -->
        </step><!-- duration: 118239ms -->
      </step><!-- duration: 121567ms -->
