<step title="Incoming Request" date="2025-10-18T04:37:57.022" instance="b47714" url="/api/zipdeploy?isAsync=true" method="POST" type="request" pid="821,1,14" Accept="*/*" Host="field-service-api.scm.azurewebsites.net" User-Agent="AZURECLI/2.74.0 (MSI)" Accept-Encoding="gzip, deflate" Authorization="Bas..." Cache-Control="no-cache" Content-Type="application/octet-stream" Content-Length="736497" x-ms-client-request-id="1c1aa15f-abdc-11f0-a7cf-00051b860c5a" x-ms-artifact-checksum="df102a38dd5a40353a249465f9cd14f08bd4cd0fc603a5748fb70499cf3ee088" X-ARR-LOG-ID="1c1aa15f-abdc-11f0-a7cf-00051b860c5a" CLIENT-IP="24.32.74.177:49409" X-SITE-DEPLOYMENT-ID="field-service-api" WAS-DEFAULT-HOSTNAME="field-service-api.scm.azurewebsites.net" X-Forwarded-Proto="https" X-AppService-Proto="https" X-Forwarded-TlsVersion="1.3" X-WAWS-Unencoded-URL="/api/zipdeploy?isAsync=true" X-Client-IP="24.32.74.177" X-Client-Port="49409" >
  <step title="ZipPushDeploy" date="2025-10-18T04:37:57.261" >
    <step title="ZipDeploy. Extract zip. Remote build." date="2025-10-18T04:37:57.274" /><!-- duration: 4ms -->
    <step title="None repository commit" date="2025-10-18T04:37:57.288" >
      <step title="Commit id: 008eca82-7e74-48e2-8ebf-17977d5a6dd5" date="2025-10-18T04:37:57.293" Message="N/A" AuthorName="N/A" AuthorEmail="N/A" /><!-- duration: 4ms -->
    </step><!-- duration: 13ms -->
    <step title="Starting PushDeployAsync" date="2025-10-18T04:37:57.306" /><!-- duration: 4ms -->
    <step title="Writing artifact to /tmp/zipdeploy/2261b45f-b891-49e9-8d1c-457118e1e39d.zip" date="2025-10-18T04:37:57.325" >
      <step title="Writing multipart request body to /tmp/zipdeploy/2261b45f-b891-49e9-8d1c-457118e1e39d.zip" date="2025-10-18T04:37:57.329" /><!-- duration: 14ms -->
    </step><!-- duration: 35ms -->
    <step title="Start deployment in the background" date="2025-10-18T04:37:57.373" >
      <step title="Acquiring Deployment Lock" date="2025-10-18T04:37:57.392" /><!-- duration: 4ms -->
      <step title="Acquired Deployment Lock" date="2025-10-18T04:37:57.427" /><!-- duration: 5ms -->
    </step><!-- duration: 142ms -->
  </step><!-- duration: 261ms -->
  <step title="Outgoing response" date="2025-10-18T04:37:57.537" type="response" statusCode="202" statusText="Accepted" /><!-- duration: 4ms -->
</step><!-- duration: 522ms -->
