<step title="BackgroundTrace" date="2025-10-18T15:30:13.337" instance="1971c5" url="/api/zipdeploy" method="POST" >
  <step title="Cleanup Xml Logs" date="2025-10-18T15:30:13.343" /><!-- duration: 11ms -->
  <step title="Creating temporary deployment - FetchDeploymentManager" date="2025-10-18T15:30:13.419" /><!-- duration: 4ms -->
  <step title="Creating temporary deployment" date="2025-10-18T15:30:13.427" /><!-- duration: 69ms -->
  <step title="Performing fetch based deployment" date="2025-10-18T15:30:13.535" >
    <step title="Cleaning up temp folders from previous zip deployments and extracting pushed zip file /tmp/zipdeploy/0d51d534-1087-4bae-9296-0a2da053e0db.zip (155.99 MB) to /tmp/zipdeploy/extracted" date="2025-10-18T15:30:14.772" >
      <step title="ChmodRecursive Process exited with total time taken in ms: 146" date="2025-10-18T15:30:18.175" /><!-- duration: 6ms -->
    </step><!-- duration: 3413ms -->
    <step title="Deployment timer started" date="2025-10-18T15:30:20.194" >
      <step title="DeploymentManager.Deploy(id:9471d77d-697d-471a-917d-0425b60e4123)" date="2025-10-18T15:30:20.200" >
        <step title="Collecting changeset information" date="2025-10-18T15:30:20.214" /><!-- duration: 99ms -->
        <step title="Updating submodules" date="2025-10-18T15:30:20.320" /><!-- duration: 1141ms -->
        <step title="Determining deployment builder" date="2025-10-18T15:30:22.293" >
          <step title="Builder is OryxBuilder" date="2025-10-18T15:30:22.309" /><!-- duration: 4ms -->
        </step><!-- duration: 24ms -->
        <step title="PreDeployment: context.CleanOutputPath False" date="2025-10-18T15:30:22.393" >
          <step title="PreDeployment: context.OutputPath /home/site/wwwroot" date="2025-10-18T15:30:22.532" >
            <step title="Building" date="2025-10-18T15:30:22.689" >
              <step title="Executing external process" date="2025-10-18T15:30:23.014" type="process" path="bash" arguments="-c &quot;oryx build /tmp/zipdeploy/extracted -o /home/site/wwwroot --platform nodejs --platform-version 20 -p virtualenv_name= --log-file /tmp/build-debug.log  -i /tmp/8de0e5b40aef042 -p compress_node_modules=tar-gz | tee /tmp/oryx-build.log ; exit $PIPESTATUS &quot;" >
                <step title="Cpu: gzip(1123,8.850s)+sh(1122,0.000s)+tar(1121,2.590s)+build.sh(893,0.020s)+oryx(874,2.780s)+tee(875,0.000s)+bash(873,0.000s)=total(14.240s)" date="2025-10-18T15:32:50.726" /><!-- duration: 6ms -->
                <step title="bash: no io activity for 60s, prev-cpu=-1.000s, current-cpu=14.240s" date="2025-10-18T15:32:50.737" /><!-- duration: 3ms -->
              </step><!-- duration: 158675ms -->
              <step title="Using GenericDeploymentLogParser" date="2025-10-18T15:33:02.342" /><!-- duration: 9ms -->
              <step title="Triggering recycle (preview mode disabled)." date="2025-10-18T15:33:03.868" /><!-- duration: 7ms -->
              <step title="Modified file to trigger a restart of the app container." date="2025-10-18T15:33:03.933" /><!-- duration: 3ms -->
              <step title="Skip function trigger and logicapp sync because function is not enabled." date="2025-10-18T15:33:03.953" /><!-- duration: 9ms -->
              <step title="Purge deployment items" date="2025-10-18T15:33:06.297" >
                <step title="Remove e2d6e205-, Success, received at 10/18/2025 07:06:06" date="2025-10-18T15:33:06.627" /><!-- duration: 10ms -->
              </step><!-- duration: 344ms -->
            </step><!-- duration: 164035ms -->
          </step><!-- duration: 164221ms -->
          <step title="Cleaning up temp files" date="2025-10-18T15:33:06.763" /><!-- duration: 7015ms -->
          <step title="Cleaning up temp files" date="2025-10-18T15:33:13.786" /><!-- duration: 508ms -->
          <step title="Reloading status file with latest updates" date="2025-10-18T15:33:14.355" >
            <step title="WebHooksManager.PublishEventAsync: PostDeployment" date="2025-10-18T15:33:14.361" /><!-- duration: 197ms -->
          </step><!-- duration: 206ms -->
          <step title="Cleaning up temporary deployment - fetch deployment was successful" date="2025-10-18T15:33:14.574" /><!-- duration: 4ms -->
        </step><!-- duration: 172236ms -->
      </step><!-- duration: 174454ms -->
