<step title="Incoming Request" date="2025-10-18T21:24:46.228" instance="5b3f8a" url="/api/deployments/latest" method="GET" type="request" pid="823,1,39" Accept="*/*" Host="field-service-api.scm.azurewebsites.net" User-Agent="AZURECLI/2.74.0 (MSI)" Accept-Encoding="gzip, deflate" Authorization="Bas..." x-ms-client-request-id="ccfd40f7-ac68-11f0-95ad-00051b860c5a" X-ARR-LOG-ID="ccfd40f7-ac68-11f0-95ad-00051b860c5a" CLIENT-IP="24.32.74.177:58177" X-SITE-DEPLOYMENT-ID="field-service-api" WAS-DEFAULT-HOSTNAME="field-service-api.scm.azurewebsites.net" X-Forwarded-Proto="https" X-AppService-Proto="https" X-Forwarded-TlsVersion="1.3" X-WAWS-Unencoded-URL="/api/deployments/latest" X-Client-IP="24.32.74.177" X-Client-Port="58177" >
  <step title="Cleanup Xml Logs" date="2025-10-18T21:24:46.232" >
    <step title="Cleanup Infos" date="2025-10-18T21:24:46.258" totalFiles="270" totalCleanup="110" /><!-- duration: 7ms -->
  </step><!-- duration: 38ms -->
  <step title="DeploymentService.GetResult" date="2025-10-18T21:24:46.295" >
    <step title="DeploymentService.GetLatestDeployment" date="2025-10-18T21:24:46.300" >
      <step title="DeploymentManager.GetResults" date="2025-10-18T21:24:46.306" /><!-- duration: 777ms -->
    </step><!-- duration: 801ms -->
  </step><!-- duration: 815ms -->
  <step title="Outgoing response" date="2025-10-18T21:24:47.126" type="response" statusCode="202" statusText="Accepted" /><!-- duration: 5ms -->
</step><!-- duration: 907ms -->
