<step title="BackgroundTrace" date="2025-10-18T13:55:22.842" instance="b47714" url="/api/zipdeploy" method="POST" >
  <step title="Creating temporary deployment - FetchDeploymentManager" date="2025-10-18T13:55:22.928" /><!-- duration: 3ms -->
  <step title="Creating temporary deployment" date="2025-10-18T13:55:22.935" /><!-- duration: 72ms -->
  <step title="Performing fetch based deployment" date="2025-10-18T13:55:23.052" >
    <step title="Cleaning up temp folders from previous zip deployments and extracting pushed zip file /tmp/zipdeploy/1f2f8b81-a259-4b00-9cd5-abebaf54be08.zip (0.71 MB) to /tmp/zipdeploy/extracted" date="2025-10-18T13:55:24.256" >
      <step title="ChmodRecursive Process exited with total time taken in ms: 102" date="2025-10-18T13:55:24.414" /><!-- duration: 4ms -->
    </step><!-- duration: 166ms -->
    <step title="Deployment timer started" date="2025-10-18T13:55:27.162" >
      <step title="DeploymentManager.Deploy(id:f3d9447c-3ddb-4e8c-9b1c-2c3b173adcac)" date="2025-10-18T13:55:27.174" >
        <step title="Collecting changeset information" date="2025-10-18T13:55:27.208" /><!-- duration: 95ms -->
        <step title="Updating submodules" date="2025-10-18T13:55:27.309" /><!-- duration: 1137ms -->
        <step title="Determining deployment builder" date="2025-10-18T13:55:28.710" >
          <step title="Builder is OryxBuilder" date="2025-10-18T13:55:28.721" /><!-- duration: 4ms -->
        </step><!-- duration: 19ms -->
        <step title="PreDeployment: context.CleanOutputPath False" date="2025-10-18T13:55:28.819" >
          <step title="PreDeployment: context.OutputPath /home/site/wwwroot" date="2025-10-18T13:55:28.974" >
            <step title="Building" date="2025-10-18T13:55:29.170" >
              <step title="Executing external process" date="2025-10-18T13:55:29.517" type="process" path="bash" arguments="-c &quot;oryx build /tmp/zipdeploy/extracted -o /home/site/wwwroot --platform nodejs --platform-version 20 -p virtualenv_name= --log-file /tmp/build-debug.log  -i /tmp/8de0e4dff0b8f59 -p compress_node_modules=tar-gz | tee /tmp/oryx-build.log ; exit $PIPESTATUS &quot;" /><!-- duration: 62220ms -->
              <step title="Using GenericDeploymentLogParser" date="2025-10-18T13:56:33.965" /><!-- duration: 8ms -->
              <step title="Triggering recycle (preview mode disabled)." date="2025-10-18T13:56:35.662" /><!-- duration: 10ms -->
              <step title="Modified file to trigger a restart of the app container." date="2025-10-18T13:56:35.934" /><!-- duration: 5ms -->
              <step title="Skip function trigger and logicapp sync because function is not enabled." date="2025-10-18T13:56:36.144" /><!-- duration: 4ms -->
              <step title="Purge deployment items" date="2025-10-18T13:56:37.862" >
                <step title="Remove 302468f1-, Success, received at 10/18/2025 06:48:36" date="2025-10-18T13:56:37.941" /><!-- duration: 15ms -->
              </step><!-- duration: 101ms -->
            </step><!-- duration: 68886ms -->
          </step><!-- duration: 69086ms -->
          <step title="Cleaning up temp files" date="2025-10-18T13:56:38.071" /><!-- duration: 1128ms -->
          <step title="Cleaning up temp files" date="2025-10-18T13:56:39.207" /><!-- duration: 509ms -->
          <step title="Reloading status file with latest updates" date="2025-10-18T13:56:39.751" >
            <step title="WebHooksManager.PublishEventAsync: PostDeployment" date="2025-10-18T13:56:39.757" /><!-- duration: 90ms -->
          </step><!-- duration: 101ms -->
          <step title="Cleaning up temporary deployment - fetch deployment was successful" date="2025-10-18T13:56:39.860" /><!-- duration: 4ms -->
        </step><!-- duration: 71091ms -->
      </step><!-- duration: 72767ms -->
