<step title="BackgroundTrace" date="2025-10-18T21:24:41.278" instance="5b3f8a" url="/api/zipdeploy" method="POST" >
  <step title="Cleanup Xml Logs" date="2025-10-18T21:24:41.284" >
    <step title="Cleanup Infos" date="2025-10-18T21:24:41.301" totalFiles="269" totalCleanup="109" /><!-- duration: 7ms -->
  </step><!-- duration: 27ms -->
  <step title="Creating temporary deployment - FetchDeploymentManager" date="2025-10-18T21:24:41.417" /><!-- duration: 4ms -->
  <step title="Creating temporary deployment" date="2025-10-18T21:24:41.437" /><!-- duration: 103ms -->
  <step title="Performing fetch based deployment" date="2025-10-18T21:24:41.599" >
    <step title="Cleaning up temp folders from previous zip deployments and extracting pushed zip file /tmp/zipdeploy/8190005d-c7a6-4e3a-81b4-e8a5bd8023df.zip (15.90 MB) to /tmp/zipdeploy/extracted" date="2025-10-18T21:24:42.834" >
      <step title="ChmodRecursive Process exited with total time taken in ms: 108" date="2025-10-18T21:24:43.441" /><!-- duration: 6ms -->
    </step><!-- duration: 619ms -->
    <step title="Deployment timer started" date="2025-10-18T21:24:45.488" >
      <step title="DeploymentManager.Deploy(id:483997d8-7c50-4508-bc79-20e0526605c1)" date="2025-10-18T21:24:45.523" >
        <step title="Collecting changeset information" date="2025-10-18T21:24:45.572" /><!-- duration: 123ms -->
        <step title="Updating submodules" date="2025-10-18T21:24:45.702" /><!-- duration: 1207ms -->
        <step title="Determining deployment builder" date="2025-10-18T21:24:47.416" >
          <step title="Builder is OryxBuilder" date="2025-10-18T21:24:47.427" /><!-- duration: 17ms -->
        </step><!-- duration: 33ms -->
        <step title="PreDeployment: context.CleanOutputPath False" date="2025-10-18T21:24:47.512" >
          <step title="PreDeployment: context.OutputPath /home/site/wwwroot" date="2025-10-18T21:24:47.633" >
            <step title="Building" date="2025-10-18T21:24:47.780" >
              <step title="Executing external process" date="2025-10-18T21:24:48.155" type="process" path="bash" arguments="-c &quot;oryx build /tmp/zipdeploy/extracted -o /home/site/wwwroot --platform nodejs --platform-version 20 -p virtualenv_name= --log-file /tmp/build-debug.log  -i /tmp/8de0e8cc3b0f35c -p compress_node_modules=tar-gz | tee /tmp/oryx-build.log ; exit $PIPESTATUS &quot;" /><!-- duration: 70887ms -->
              <step title="Using GenericDeploymentLogParser" date="2025-10-18T21:25:59.462" /><!-- duration: 8ms -->
              <step title="Triggering recycle (preview mode disabled)." date="2025-10-18T21:26:01.706" /><!-- duration: 21ms -->
              <step title="Modified file to trigger a restart of the app container." date="2025-10-18T21:26:01.763" /><!-- duration: 4ms -->
              <step title="Skip function trigger and logicapp sync because function is not enabled." date="2025-10-18T21:26:01.781" /><!-- duration: 13ms -->
              <step title="Purge deployment items" date="2025-10-18T21:26:04.039" >
                <step title="Remove f3d9447c-, Success, received at 10/18/2025 13:55:27" date="2025-10-18T21:26:04.340" /><!-- duration: 38ms -->
              </step><!-- duration: 360ms -->
            </step><!-- duration: 76760ms -->
          </step><!-- duration: 76919ms -->
          <step title="Cleaning up temp files" date="2025-10-18T21:26:04.571" /><!-- duration: 2508ms -->
          <step title="Cleaning up temp files" date="2025-10-18T21:26:07.087" /><!-- duration: 531ms -->
          <step title="Reloading status file with latest updates" date="2025-10-18T21:26:07.651" >
            <step title="WebHooksManager.PublishEventAsync: PostDeployment" date="2025-10-18T21:26:07.661" /><!-- duration: 89ms -->
          </step><!-- duration: 103ms -->
          <step title="Cleaning up temporary deployment - fetch deployment was successful" date="2025-10-18T21:26:07.761" /><!-- duration: 3ms -->
        </step><!-- duration: 80319ms -->
      </step><!-- duration: 82328ms -->
