<step title="Incoming Request" date="2025-10-18T19:52:30.115" instance="5b3f8a" url="/api/zipdeploy?isAsync=true" method="POST" type="request" pid="823,1,7" Accept="*/*" Host="field-service-api.scm.azurewebsites.net" User-Agent="AZURECLI/2.74.0 (MSI)" Accept-Encoding="gzip, deflate" Authorization="Bas..." Cache-Control="no-cache" Content-Type="application/octet-stream" Cookie="ARRAffinity=5b3f8a12403b9dc2b986729a83bf573dfabff49059ab229ec52134ff3910c818; ARRAffinitySameSite=5b3f8a12403b9dc2b986729a83bf573dfabff49059ab229ec52134ff3910c818" Content-Length="16669539" x-ms-client-request-id="df38c84d-ac5b-11f0-8246-00051b860c5a" x-ms-artifact-checksum="1d118d5a1e1e56c13e5393b960318c22e2a43788eef9bb5655e82208a0029b2d" X-ARR-LOG-ID="df38c84d-ac5b-11f0-8246-00051b860c5a" CLIENT-IP="24.32.74.177:57111" X-SITE-DEPLOYMENT-ID="field-service-api" WAS-DEFAULT-HOSTNAME="field-service-api.scm.azurewebsites.net" X-Forwarded-Proto="https" X-AppService-Proto="https" X-Forwarded-TlsVersion="1.3" X-WAWS-Unencoded-URL="/api/zipdeploy?isAsync=true" X-Client-IP="24.32.74.177" X-Client-Port="57111" >
  <step title="Cleanup Xml Logs" date="2025-10-18T19:52:30.154" >
    <step title="Cleanup Infos" date="2025-10-18T19:52:30.319" totalFiles="239" totalCleanup="79" /><!-- duration: 59ms -->
  </step><!-- duration: 290ms -->
  <step title="ZipPushDeploy" date="2025-10-18T19:52:30.740" >
    <step title="ZipDeploy. Extract zip. Remote build." date="2025-10-18T19:52:30.827" /><!-- duration: 26ms -->
    <step title="Starting PushDeployAsync" date="2025-10-18T19:52:30.940" /><!-- duration: 21ms -->
    <step title="Removing node_modules symlink" date="2025-10-18T19:52:31.017" >
      <step title="Writing artifact to /tmp/zipdeploy/7e3e9a0b-db82-4402-b20f-a0d2328bb117.zip" date="2025-10-18T19:52:31.501" >
        <step title="Writing multipart request body to /tmp/zipdeploy/7e3e9a0b-db82-4402-b20f-a0d2328bb117.zip" date="2025-10-18T19:52:31.540" /><!-- duration: 16ms -->
      </step><!-- duration: 4570ms -->
      <step title="Removing previous build artifact&apos;s manifest file" date="2025-10-18T19:52:36.220" >
        <step title="Start deployment in the background" date="2025-10-18T19:52:36.396" >
          <step title="Acquiring Deployment Lock" date="2025-10-18T19:52:37.141" /><!-- duration: 51ms -->
          <step title="Acquired Deployment Lock" date="2025-10-18T19:52:37.394" /><!-- duration: 21ms -->
        </step><!-- duration: 1381ms -->
      </step><!-- duration: 1594ms -->
      <step title="Outgoing response" date="2025-10-18T19:52:37.856" type="response" statusCode="202" statusText="Accepted" /><!-- duration: 17ms -->
    </step><!-- duration: 6866ms -->
