<step title="Incoming Request" date="2025-10-18T15:11:33.421" instance="1971c5" url="/api/zipdeploy?isAsync=true" method="POST" type="request" pid="821,1,5" Accept="*/*" Host="field-service-api.scm.azurewebsites.net" User-Agent="AZURECLI/2.74.0 (MSI)" Accept-Encoding="gzip, deflate" Authorization="Bas..." Cache-Control="no-cache" Content-Type="application/octet-stream" Cookie="ARRAffinity=1971c58eecae6c5ffe40b330894af20e07f3d16128fc6d5db3807eb6212d0d46; ARRAffinitySameSite=1971c58eecae6c5ffe40b330894af20e07f3d16128fc6d5db3807eb6212d0d46" Content-Length="163567444" x-ms-client-request-id="864272f9-ac34-11f0-a275-00051b860c5a" x-ms-artifact-checksum="3b0bfbf864dbc6ca142b218db1421e7d54d7a9d44280faf03a5fcd7e8c9abe12" X-ARR-LOG-ID="864272f9-ac34-11f0-a275-00051b860c5a" CLIENT-IP="24.32.74.177:49936" X-SITE-DEPLOYMENT-ID="field-service-api" WAS-DEFAULT-HOSTNAME="field-service-api.scm.azurewebsites.net" X-Forwarded-Proto="https" X-AppService-Proto="https" X-Forwarded-TlsVersion="1.3" X-WAWS-Unencoded-URL="/api/zipdeploy?isAsync=true" X-Client-IP="24.32.74.177" X-Client-Port="49936" >
  <step title="ZipPushDeploy" date="2025-10-18T15:11:33.449" >
    <step title="ZipDeploy. Extract zip. Remote build." date="2025-10-18T15:11:33.460" /><!-- duration: 4ms -->
    <step title="None repository commit" date="2025-10-18T15:11:33.471" >
      <step title="Commit id: 4cd2ccff-7874-424b-bcad-c7a30fe87e9e" date="2025-10-18T15:11:33.476" Message="N/A" AuthorName="N/A" AuthorEmail="N/A" /><!-- duration: 4ms -->
    </step><!-- duration: 12ms -->
    <step title="Starting PushDeployAsync" date="2025-10-18T15:11:33.490" /><!-- duration: 8ms -->
    <step title="Removing node_modules symlink" date="2025-10-18T15:11:33.523" >
      <step title="Removing _del_node_modules symlink" date="2025-10-18T15:11:33.544" >
        <step title="Writing artifact to /tmp/zipdeploy/f96d18a1-1a59-4dc9-ac2e-c71bfc39b531.zip" date="2025-10-18T15:11:33.565" >
          <step title="Writing multipart request body to /tmp/zipdeploy/f96d18a1-1a59-4dc9-ac2e-c71bfc39b531.zip" date="2025-10-18T15:11:33.571" /><!-- duration: 4ms -->
        </step><!-- duration: 50762ms -->
        <step title="Removing previous build artifact&apos;s manifest file" date="2025-10-18T15:12:24.404" >
          <step title="Start deployment in the background" date="2025-10-18T15:12:24.504" >
            <step title="Acquiring Deployment Lock" date="2025-10-18T15:12:24.862" /><!-- duration: 13ms -->
            <step title="Acquired Deployment Lock" date="2025-10-18T15:12:25.099" /><!-- duration: 20ms -->
          </step><!-- duration: 901ms -->
        </step><!-- duration: 1028ms -->
        <step title="Outgoing response" date="2025-10-18T15:12:25.474" type="response" statusCode="202" statusText="Accepted" /><!-- duration: 28ms -->
      </step><!-- duration: 51966ms -->
