<step title="BackgroundTrace" date="2025-10-18T20:06:03.347" instance="5b3f8a" url="/api/zipdeploy" method="POST" >
  <step title="Cleanup Xml Logs" date="2025-10-18T20:06:03.395" >
    <step title="Cleanup Infos" date="2025-10-18T20:06:03.483" totalFiles="250" totalCleanup="90" /><!-- duration: 48ms -->
  </step><!-- duration: 146ms -->
  <step title="Creating temporary deployment - FetchDeploymentManager" date="2025-10-18T20:06:04.260" /><!-- duration: 12ms -->
  <step title="Creating temporary deployment" date="2025-10-18T20:06:04.329" /><!-- duration: 359ms -->
  <step title="Performing fetch based deployment" date="2025-10-18T20:06:04.912" >
    <step title="Cleaning up temp folders from previous zip deployments and extracting pushed zip file /tmp/zipdeploy/5c842360-ba16-434d-9bac-95576e0739d9.zip (15.90 MB) to /tmp/zipdeploy/extracted" date="2025-10-18T20:06:06.335" >
      <step title="ChmodRecursive Process exited with total time taken in ms: 99" date="2025-10-18T20:06:07.248" /><!-- duration: 11ms -->
    </step><!-- duration: 931ms -->
    <step title="Deployment timer started" date="2025-10-18T20:06:09.297" >
      <step title="DeploymentManager.Deploy(id:0c1a162d-fb02-4b0e-9d4f-4f3064604491)" date="2025-10-18T20:06:09.320" >
        <step title="Collecting changeset information" date="2025-10-18T20:06:09.371" /><!-- duration: 113ms -->
        <step title="Updating submodules" date="2025-10-18T20:06:09.495" /><!-- duration: 1187ms -->
        <step title="Determining deployment builder" date="2025-10-18T20:06:11.269" >
          <step title="Builder is OryxBuilder" date="2025-10-18T20:06:11.294" /><!-- duration: 6ms -->
        </step><!-- duration: 37ms -->
        <step title="PreDeployment: context.CleanOutputPath False" date="2025-10-18T20:06:11.375" >
          <step title="PreDeployment: context.OutputPath /home/site/wwwroot" date="2025-10-18T20:06:12.143" >
            <step title="Building" date="2025-10-18T20:06:12.344" >
              <step title="Executing external process" date="2025-10-18T20:06:12.970" type="process" path="bash" arguments="-c &quot;oryx build /tmp/zipdeploy/extracted -o /home/site/wwwroot --platform nodejs --platform-version 20 -p virtualenv_name= --log-file /tmp/build-debug.log  -i /tmp/8de0e81c8a6db4a -p compress_node_modules=tar-gz | tee /tmp/oryx-build.log ; exit $PIPESTATUS &quot;" /><!-- duration: 70831ms -->
              <step title="Using GenericDeploymentLogParser" date="2025-10-18T20:07:25.510" /><!-- duration: 27ms -->
              <step title="Triggering recycle (preview mode disabled)." date="2025-10-18T20:07:29.584" /><!-- duration: 33ms -->
              <step title="Modified file to trigger a restart of the app container." date="2025-10-18T20:07:29.734" /><!-- duration: 11ms -->
              <step title="Skip function trigger and logicapp sync because function is not enabled." date="2025-10-18T20:07:29.763" /><!-- duration: 12ms -->
              <step title="Purge deployment items" date="2025-10-18T20:07:32.503" >
                <step title="Remove 0d658043-, Success, received at 10/18/2025 13:49:23" date="2025-10-18T20:07:33.241" /><!-- duration: 39ms -->
              </step><!-- duration: 798ms -->
            </step><!-- duration: 81396ms -->
          </step><!-- duration: 81606ms -->
          <step title="Cleaning up temp files" date="2025-10-18T20:07:33.784" /><!-- duration: 5337ms -->
          <step title="Cleaning up temp files" date="2025-10-18T20:07:39.160" /><!-- duration: 537ms -->
          <step title="Reloading status file with latest updates" date="2025-10-18T20:07:40.009" >
            <step title="WebHooksManager.PublishEventAsync: PostDeployment" date="2025-10-18T20:07:40.058" /><!-- duration: 521ms -->
          </step><!-- duration: 617ms -->
          <step title="Cleaning up temporary deployment - fetch deployment was successful" date="2025-10-18T20:07:40.724" /><!-- duration: 20ms -->
        </step><!-- duration: 89498ms -->
      </step><!-- duration: 91660ms -->
