<step title="BackgroundTrace" date="2025-10-18T06:48:33.232" instance="b47714" url="/api/zipdeploy" method="POST" >
  <step title="Creating temporary deployment - FetchDeploymentManager" date="2025-10-18T06:48:33.316" /><!-- duration: 5ms -->
  <step title="Creating temporary deployment" date="2025-10-18T06:48:33.326" /><!-- duration: 154ms -->
  <step title="Performing fetch based deployment" date="2025-10-18T06:48:33.520" >
    <step title="Cleaning up temp folders from previous zip deployments and extracting pushed zip file /tmp/zipdeploy/0704f443-693f-4a03-82ec-0339de95bc73.zip (0.70 MB) to /tmp/zipdeploy/extracted" date="2025-10-18T06:48:34.670" >
      <step title="ChmodRecursive Process exited with total time taken in ms: 74" date="2025-10-18T06:48:34.816" /><!-- duration: 5ms -->
    </step><!-- duration: 200ms -->
    <step title="Deployment timer started" date="2025-10-18T06:48:36.889" >
      <step title="DeploymentManager.Deploy(id:302468f1-598a-4e22-9797-21642256c55e)" date="2025-10-18T06:48:36.899" >
        <step title="Collecting changeset information" date="2025-10-18T06:48:36.915" /><!-- duration: 125ms -->
        <step title="Updating submodules" date="2025-10-18T06:48:37.048" /><!-- duration: 1118ms -->
        <step title="Determining deployment builder" date="2025-10-18T06:48:38.436" >
          <step title="Builder is OryxBuilder" date="2025-10-18T06:48:38.453" /><!-- duration: 5ms -->
        </step><!-- duration: 29ms -->
        <step title="PreDeployment: context.CleanOutputPath False" date="2025-10-18T06:48:38.817" >
          <step title="PreDeployment: context.OutputPath /home/site/wwwroot" date="2025-10-18T06:48:38.958" >
            <step title="Building" date="2025-10-18T06:48:39.232" >
              <step title="Executing external process" date="2025-10-18T06:48:39.605" type="process" path="bash" arguments="-c &quot;oryx build /tmp/zipdeploy/extracted -o /home/site/wwwroot --platform nodejs --platform-version 20 -p virtualenv_name= --log-file /tmp/build-debug.log  -i /tmp/8de0e125e2590e3 -p compress_node_modules=tar-gz | tee /tmp/oryx-build.log ; exit $PIPESTATUS &quot;" /><!-- duration: 22888ms -->
              <step title="Using GenericDeploymentLogParser" date="2025-10-18T06:49:03.037" /><!-- duration: 5ms -->
              <step title="Triggering recycle (preview mode disabled)." date="2025-10-18T06:49:04.442" /><!-- duration: 15ms -->
              <step title="Modified file to trigger a restart of the app container." date="2025-10-18T06:49:04.502" /><!-- duration: 5ms -->
              <step title="Skip function trigger and logicapp sync because function is not enabled." date="2025-10-18T06:49:04.520" /><!-- duration: 8ms -->
            </step><!-- duration: 26129ms -->
          </step><!-- duration: 26410ms -->
          <step title="Cleaning up temp files" date="2025-10-18T06:49:05.372" /><!-- duration: 722ms -->
          <step title="Cleaning up temp files" date="2025-10-18T06:49:06.100" /><!-- duration: 518ms -->
          <step title="Reloading status file with latest updates" date="2025-10-18T06:49:06.659" >
            <step title="WebHooksManager.PublishEventAsync: PostDeployment" date="2025-10-18T06:49:06.708" /><!-- duration: 728ms -->
          </step><!-- duration: 849ms -->
          <step title="Cleaning up temporary deployment - fetch deployment was successful" date="2025-10-18T06:49:07.534" /><!-- duration: 5ms -->
        </step><!-- duration: 28771ms -->
      </step><!-- duration: 30756ms -->
