<step title="Incoming Request" date="2025-10-18T22:17:15.385" instance="5b3f8a" url="/api/zipdeploy?isAsync=true" method="POST" type="request" pid="823,1,52" Accept="*/*" Host="field-service-api.scm.azurewebsites.net" User-Agent="AZURECLI/2.74.0 (MSI)" Accept-Encoding="gzip, deflate" Authorization="Bas..." Cache-Control="no-cache" Content-Type="application/octet-stream" Cookie="ARRAffinity=5b3f8a12403b9dc2b986729a83bf573dfabff49059ab229ec52134ff3910c818; ARRAffinitySameSite=5b3f8a12403b9dc2b986729a83bf573dfabff49059ab229ec52134ff3910c818" Content-Length="16672252" x-ms-client-request-id="2805e09c-ac70-11f0-85a9-00051b860c5a" x-ms-artifact-checksum="09dd378d627a86b1547ed6c177bebde22ccd74b3fe8f17439d93fcdbacb7d0fd" X-ARR-LOG-ID="2805e09c-ac70-11f0-85a9-00051b860c5a" CLIENT-IP="24.32.74.177:62393" X-SITE-DEPLOYMENT-ID="field-service-api" WAS-DEFAULT-HOSTNAME="field-service-api.scm.azurewebsites.net" X-Forwarded-Proto="https" X-AppService-Proto="https" X-Forwarded-TlsVersion="1.3" X-WAWS-Unencoded-URL="/api/zipdeploy?isAsync=true" X-Client-IP="24.32.74.177" X-Client-Port="62393" >
  <step title="Cleanup Xml Logs" date="2025-10-18T22:17:15.414" >
    <step title="Cleanup Infos" date="2025-10-18T22:17:15.543" totalFiles="308" totalCleanup="148" /><!-- duration: 70ms -->
  </step><!-- duration: 217ms -->
  <step title="ZipPushDeploy" date="2025-10-18T22:17:15.740" >
    <step title="ZipDeploy. Extract zip. Remote build." date="2025-10-18T22:17:15.837" /><!-- duration: 19ms -->
    <step title="Starting PushDeployAsync" date="2025-10-18T22:17:15.896" /><!-- duration: 39ms -->
    <step title="Removing node_modules symlink" date="2025-10-18T22:17:16.021" >
      <step title="Writing artifact to /tmp/zipdeploy/1dc4ce8a-3593-4f9e-a237-c5da1f537dc5.zip" date="2025-10-18T22:17:16.437" >
        <step title="Writing multipart request body to /tmp/zipdeploy/1dc4ce8a-3593-4f9e-a237-c5da1f537dc5.zip" date="2025-10-18T22:17:16.449" /><!-- duration: 35ms -->
      </step><!-- duration: 4315ms -->
      <step title="Removing previous build artifact&apos;s manifest file" date="2025-10-18T22:17:20.827" >
        <step title="Start deployment in the background" date="2025-10-18T22:17:20.922" >
          <step title="Acquiring Deployment Lock" date="2025-10-18T22:17:21.218" /><!-- duration: 36ms -->
          <step title="Acquired Deployment Lock" date="2025-10-18T22:17:21.479" /><!-- duration: 48ms -->
        </step><!-- duration: 1223ms -->
      </step><!-- duration: 1432ms -->
      <step title="Outgoing response" date="2025-10-18T22:17:22.329" type="response" statusCode="202" statusText="Accepted" /><!-- duration: 18ms -->
    </step><!-- duration: 6345ms -->
