<step title="BackgroundTrace" date="2025-10-18T15:12:24.514" instance="1971c5" url="/api/zipdeploy" method="POST" >
  <step title="Cleanup Xml Logs" date="2025-10-18T15:12:24.519" /><!-- duration: 50ms -->
  <step title="Creating temporary deployment - FetchDeploymentManager" date="2025-10-18T15:12:25.140" /><!-- duration: 7ms -->
  <step title="Creating temporary deployment" date="2025-10-18T15:12:25.174" /><!-- duration: 196ms -->
  <step title="Performing fetch based deployment" date="2025-10-18T15:12:25.589" >
    <step title="Cleaning up temp folders from previous zip deployments and extracting pushed zip file /tmp/zipdeploy/f96d18a1-1a59-4dc9-ac2e-c71bfc39b531.zip (155.99 MB) to /tmp/zipdeploy/extracted" date="2025-10-18T15:12:26.916" >
      <step title="ChmodRecursive Process exited with total time taken in ms: 658" date="2025-10-18T15:12:32.643" /><!-- duration: 8ms -->
    </step><!-- duration: 5812ms -->
    <step title="Deployment timer started" date="2025-10-18T15:12:34.741" >
      <step title="DeploymentManager.Deploy(id:4cd2ccff-7874-424b-bcad-c7a30fe87e9e)" date="2025-10-18T15:12:34.750" >
        <step title="Collecting changeset information" date="2025-10-18T15:12:34.773" /><!-- duration: 175ms -->
        <step title="Updating submodules" date="2025-10-18T15:12:34.957" /><!-- duration: 1161ms -->
        <step title="Determining deployment builder" date="2025-10-18T15:12:36.410" >
          <step title="Builder is OryxBuilder" date="2025-10-18T15:12:36.440" /><!-- duration: 7ms -->
        </step><!-- duration: 46ms -->
        <step title="PreDeployment: context.CleanOutputPath False" date="2025-10-18T15:12:36.530" >
          <step title="PreDeployment: context.OutputPath /home/site/wwwroot" date="2025-10-18T15:12:36.711" >
            <step title="Building" date="2025-10-18T15:12:36.908" >
              <step title="Executing external process" date="2025-10-18T15:12:37.477" type="process" path="bash" arguments="-c &quot;oryx build /tmp/zipdeploy/extracted -o /home/site/wwwroot --platform nodejs --platform-version 20 -p virtualenv_name= --log-file /tmp/build-debug.log  -i /tmp/8de0e58c562321d -p compress_node_modules=tar-gz | tee /tmp/oryx-build.log ; exit $PIPESTATUS &quot;" /><!-- duration: 109357ms -->
              <step title="Using GenericDeploymentLogParser" date="2025-10-18T15:14:27.307" /><!-- duration: 4ms -->
              <step title="Triggering recycle (preview mode disabled)." date="2025-10-18T15:14:28.454" /><!-- duration: 8ms -->
              <step title="Modified file to trigger a restart of the app container." date="2025-10-18T15:14:28.501" /><!-- duration: 5ms -->
              <step title="Skip function trigger and logicapp sync because function is not enabled." date="2025-10-18T15:14:28.514" /><!-- duration: 6ms -->
              <step title="Purge deployment items" date="2025-10-18T15:14:29.603" >
                <step title="Remove 1f8052ea-, Success, received at 10/18/2025 06:57:41" date="2025-10-18T15:14:29.977" /><!-- duration: 4ms -->
              </step><!-- duration: 385ms -->
            </step><!-- duration: 113180ms -->
          </step><!-- duration: 113380ms -->
          <step title="Cleaning up temp files" date="2025-10-18T15:14:30.096" /><!-- duration: 1804ms -->
          <step title="Cleaning up temp files" date="2025-10-18T15:14:31.907" /><!-- duration: 506ms -->
          <step title="Reloading status file with latest updates" date="2025-10-18T15:14:32.450" >
            <step title="WebHooksManager.PublishEventAsync: PostDeployment" date="2025-10-18T15:14:32.456" /><!-- duration: 36ms -->
          </step><!-- duration: 46ms -->
          <step title="Cleaning up temporary deployment - fetch deployment was successful" date="2025-10-18T15:14:32.503" /><!-- duration: 5ms -->
        </step><!-- duration: 116021ms -->
      </step><!-- duration: 117820ms -->
