<step title="BackgroundTrace" date="2025-10-18T19:52:36.462" instance="5b3f8a" url="/api/zipdeploy" method="POST" >
  <step title="Cleanup Xml Logs" date="2025-10-18T19:52:36.499" >
    <step title="Cleanup Infos" date="2025-10-18T19:52:36.762" totalFiles="240" totalCleanup="80" /><!-- duration: 66ms -->
  </step><!-- duration: 349ms -->
  <step title="Creating temporary deployment - FetchDeploymentManager" date="2025-10-18T19:52:37.442" /><!-- duration: 12ms -->
  <step title="Creating temporary deployment" date="2025-10-18T19:52:37.492" /><!-- duration: 254ms -->
  <step title="Performing fetch based deployment" date="2025-10-18T19:52:37.915" >
    <step title="Cleaning up temp folders from previous zip deployments and extracting pushed zip file /tmp/zipdeploy/7e3e9a0b-db82-4402-b20f-a0d2328bb117.zip (15.90 MB) to /tmp/zipdeploy/extracted" date="2025-10-18T19:52:39.453" >
      <step title="ChmodRecursive Process exited with total time taken in ms: 47" date="2025-10-18T19:52:40.798" /><!-- duration: 11ms -->
    </step><!-- duration: 1361ms -->
    <step title="Deployment timer started" date="2025-10-18T19:52:43.190" >
      <step title="DeploymentManager.Deploy(id:0611afdd-47b9-4ee4-a876-d2ed9634bd9e)" date="2025-10-18T19:52:43.208" >
        <step title="Collecting changeset information" date="2025-10-18T19:52:43.367" /><!-- duration: 404ms -->
        <step title="Updating submodules" date="2025-10-18T19:52:43.852" /><!-- duration: 2613ms -->
        <step title="Determining deployment builder" date="2025-10-18T19:52:46.974" >
          <step title="Builder is OryxBuilder" date="2025-10-18T19:52:47.170" /><!-- duration: 76ms -->
        </step><!-- duration: 312ms -->
        <step title="PreDeployment: context.CleanOutputPath False" date="2025-10-18T19:52:47.482" >
          <step title="PreDeployment: context.OutputPath /home/site/wwwroot" date="2025-10-18T19:52:47.716" >
            <step title="Building" date="2025-10-18T19:52:47.970" >
              <step title="Executing external process" date="2025-10-18T19:52:48.848" type="process" path="bash" arguments="-c &quot;oryx build /tmp/zipdeploy/extracted -o /home/site/wwwroot --platform nodejs --platform-version 20 -p virtualenv_name= --log-file /tmp/build-debug.log  -i /tmp/8de0e7fe9732e56 -p compress_node_modules=tar-gz | tee /tmp/oryx-build.log ; exit $PIPESTATUS &quot;" /><!-- duration: 74237ms -->
              <step title="Using GenericDeploymentLogParser" date="2025-10-18T19:54:05.270" /><!-- duration: 39ms -->
              <step title="Triggering recycle (preview mode disabled)." date="2025-10-18T19:54:06.877" /><!-- duration: 24ms -->
              <step title="Modified file to trigger a restart of the app container." date="2025-10-18T19:54:07.027" /><!-- duration: 30ms -->
              <step title="Skip function trigger and logicapp sync because function is not enabled." date="2025-10-18T19:54:07.086" /><!-- duration: 27ms -->
              <step title="Purge deployment items" date="2025-10-18T19:54:08.440" >
                <step title="Remove 3eb25362-, Success, received at 10/18/2025 13:28:23" date="2025-10-18T19:54:08.492" /><!-- duration: 4ms -->
              </step><!-- duration: 60ms -->
            </step><!-- duration: 80601ms -->
          </step><!-- duration: 80861ms -->
          <step title="Cleaning up temp files" date="2025-10-18T19:54:08.581" /><!-- duration: 1881ms -->
          <step title="Cleaning up temp files" date="2025-10-18T19:54:10.468" /><!-- duration: 525ms -->
          <step title="Reloading status file with latest updates" date="2025-10-18T19:54:11.038" >
            <step title="WebHooksManager.PublishEventAsync: PostDeployment" date="2025-10-18T19:54:11.044" /><!-- duration: 60ms -->
          </step><!-- duration: 70ms -->
          <step title="Cleaning up temporary deployment - fetch deployment was successful" date="2025-10-18T19:54:11.115" /><!-- duration: 15ms -->
        </step><!-- duration: 83729ms -->
      </step><!-- duration: 88055ms -->
