<step title="Incoming Request" date="2025-10-18T22:38:04.739" instance="5b3f8a" url="/api/deployments/latest" method="GET" type="request" pid="823,1,47" Accept="*/*" Host="field-service-api.scm.azurewebsites.net" User-Agent="AZURECLI/2.74.0 (MSI)" Accept-Encoding="gzip, deflate" Authorization="Bas..." x-ms-client-request-id="dd423d4e-ac72-11f0-b098-00051b860c5a" X-ARR-LOG-ID="dd423d4e-ac72-11f0-b098-00051b860c5a" CLIENT-IP="24.32.74.177:57121" X-SITE-DEPLOYMENT-ID="field-service-api" WAS-DEFAULT-HOSTNAME="field-service-api.scm.azurewebsites.net" X-Forwarded-Proto="https" X-AppService-Proto="https" X-Forwarded-TlsVersion="1.3" X-WAWS-Unencoded-URL="/api/deployments/latest" X-Client-IP="24.32.74.177" X-Client-Port="57121" >
  <step title="Cleanup Xml Logs" date="2025-10-18T22:38:04.742" >
    <step title="Cleanup Infos" date="2025-10-18T22:38:04.759" totalFiles="323" totalCleanup="163" /><!-- duration: 7ms -->
  </step><!-- duration: 27ms -->
  <step title="DeploymentService.GetResult" date="2025-10-18T22:38:04.776" >
    <step title="DeploymentService.GetLatestDeployment" date="2025-10-18T22:38:04.779" >
      <step title="DeploymentManager.GetResults" date="2025-10-18T22:38:04.782" /><!-- duration: 496ms -->
    </step><!-- duration: 505ms -->
  </step><!-- duration: 512ms -->
  <step title="Outgoing response" date="2025-10-18T22:38:05.295" type="response" statusCode="202" statusText="Accepted" /><!-- duration: 4ms -->
</step><!-- duration: 566ms -->
