﻿<?xml version="1.0" encoding="utf-8"?>
<deployment>
  <id>94d5fb93-0fee-4a0e-8e51-7dc464fa27a9</id>
  <author>ms-azuretools-vscode</author>
  <deployer>ms-azuretools-vscode</deployer>
  <authorEmail>N/A</authorEmail>
  <message>Created via a push deployment</message>
  <progress></progress>
  <status>Success</status>
  <statusText></statusText>
  <lastSuccessEndTime>2025-10-21T16:20:15.6324379Z</lastSuccessEndTime>
  <receivedTime>2025-10-21T16:18:09.1301495Z</receivedTime>
  <startTime>2025-10-21T16:18:10.5739923Z</startTime>
  <endTime>2025-10-21T16:20:15.6324379Z</endTime>
  <complete>True</complete>
  <is_temp>False</is_temp>
  <is_readonly>True</is_readonly>
  <buildSummary />
</deployment>