﻿<?xml version="1.0" encoding="utf-8"?>
<deployment>
  <id>e1f6efc0-905a-435d-a9b5-c4def39ecfd4</id>
  <author>N/A</author>
  <deployer>OneDeploy</deployer>
  <authorEmail>N/A</authorEmail>
  <message>OneDeploy</message>
  <progress></progress>
  <status>Success</status>
  <statusText></statusText>
  <lastSuccessEndTime>2025-10-22T18:19:52.8864176Z</lastSuccessEndTime>
  <receivedTime>2025-10-22T18:17:03.3637894Z</receivedTime>
  <startTime>2025-10-22T18:17:05.2205762Z</startTime>
  <endTime>2025-10-22T18:19:52.8864176Z</endTime>
  <complete>True</complete>
  <is_temp>False</is_temp>
  <is_readonly>True</is_readonly>
  <buildSummary />
</deployment>