﻿<?xml version="1.0" encoding="utf-8"?>
<deployment>
  <id>48d45b15-ed31-4bd6-bf82-866fbdb15da1</id>
  <author>N/A</author>
  <deployer>Push-Deployer</deployer>
  <authorEmail>N/A</authorEmail>
  <message>Created via a push deployment</message>
  <progress></progress>
  <status>Success</status>
  <statusText></statusText>
  <lastSuccessEndTime>2025-10-22T16:53:08.027218Z</lastSuccessEndTime>
  <receivedTime>2025-10-22T16:45:33.0767467Z</receivedTime>
  <startTime>2025-10-22T16:45:34.6699245Z</startTime>
  <endTime>2025-10-22T16:53:08.027218Z</endTime>
  <complete>True</complete>
  <is_temp>False</is_temp>
  <is_readonly>True</is_readonly>
  <buildSummary />
</deployment>