﻿<?xml version="1.0" encoding="utf-8"?>
<deployment>
  <id>82db99b4-ec38-4d1b-b69f-86929444864d</id>
  <author>N/A</author>
  <deployer>Push-Deployer</deployer>
  <authorEmail>N/A</authorEmail>
  <message>Created via a push deployment</message>
  <progress></progress>
  <status>Success</status>
  <statusText></statusText>
  <lastSuccessEndTime>2025-10-17T22:01:49.8564008Z</lastSuccessEndTime>
  <receivedTime>2025-10-17T22:00:35.6509186Z</receivedTime>
  <startTime>2025-10-17T22:00:37.0459051Z</startTime>
  <endTime>2025-10-17T22:01:49.8564008Z</endTime>
  <complete>True</complete>
  <is_temp>False</is_temp>
  <is_readonly>True</is_readonly>
  <buildSummary />
</deployment>